type,name,input_id,time,team,meas_id
START,Tokenize1,Pride1_Sense1,2822763521812,BDSB,Pride1_Sense1
START,Tokenize2,Pride1_Sense1,2822763619559,BDSB,Pride1_Sense1
END,Tokenize2,Pride1_Sense1,2822798545054,BDSB,Pride1_Sense1
END,Tokenize1,Pride1_Sense1,2822811703666,BDSB,Pride1_Sense1
QUEUE,Collect2,Pride1_Sense1,2822812724577,BDSB,Pride1_Sense1
START,Collect2,Pride1_Sense1,2822814890025,BDSB,Pride1_Sense1
QUEUE,Collect1,Pride1_Sense1,2822825007535,BDSB,Pride1_Sense1
START,Collect1,Pride1_Sense1,2822825174165,BDSB,Pride1_Sense1
END,Collect2,Pride1_Sense1,2822831327336,BDSB,Pride1_Sense1
QUEUE,ComputeScalar3,Pride1_Sense1,2822832999890,BDSB,Pride1_Sense1
START,ComputeScalar3,Pride1_Sense1,2822833065856,BDSB,Pride1_Sense1
END,ComputeScalar3,Pride1_Sense1,2822834946139,BDSB,Pride1_Sense1
END,Collect1,Pride1_Sense1,2822843612478,BDSB,Pride1_Sense1
QUEUE,ComputeScalar1,Pride1_Sense1,2822843962314,BDSB,Pride1_Sense1
START,ComputeScalar1,Pride1_Sense1,2822844022236,BDSB,Pride1_Sense1
END,ComputeScalar1,Pride1_Sense1,2822845911045,BDSB,Pride1_Sense1
QUEUE,ComputeScalar2,Pride1_Sense1,2822846198586,BDSB,Pride1_Sense1
START,ComputeScalar2,Pride1_Sense1,2822846282651,BDSB,Pride1_Sense1
END,ComputeScalar2,Pride1_Sense1,2822847965425,BDSB,Pride1_Sense1
QUEUE,ComputeCosine,Pride1_Sense1,2822848356103,BDSB,Pride1_Sense1
START,ComputeCosine,Pride1_Sense1,2822848408459,BDSB,Pride1_Sense1
END,ComputeCosine,Pride1_Sense1,2822848503315,BDSB,Pride1_Sense1
START,Tokenize1,Pride2_Sense1,2822899218191,BDSB,Pride2_Sense1
END,Tokenize1,Pride2_Sense1,2822906273883,BDSB,Pride2_Sense1
START,Tokenize2,Pride2_Sense1,2822906583277,BDSB,Pride2_Sense1
END,Tokenize2,Pride2_Sense1,2822914658017,BDSB,Pride2_Sense1
QUEUE,Collect2,Pride2_Sense1,2822917743528,BDSB,Pride2_Sense1
START,Collect2,Pride2_Sense1,2822917790255,BDSB,Pride2_Sense1
END,Collect2,Pride2_Sense1,2822928012190,BDSB,Pride2_Sense1
QUEUE,Collect1,Pride2_Sense1,2822928369105,BDSB,Pride2_Sense1
START,Collect1,Pride2_Sense1,2822932642680,BDSB,Pride2_Sense1
QUEUE,ComputeScalar3,Pride2_Sense1,2822932855424,BDSB,Pride2_Sense1
START,ComputeScalar3,Pride2_Sense1,2822932894978,BDSB,Pride2_Sense1
END,Collect1,Pride2_Sense1,2822935014566,BDSB,Pride2_Sense1
QUEUE,ComputeScalar1,Pride2_Sense1,2822935487214,BDSB,Pride2_Sense1
START,ComputeScalar1,Pride2_Sense1,2822935540289,BDSB,Pride2_Sense1
END,ComputeScalar3,Pride2_Sense1,2822935946448,BDSB,Pride2_Sense1
END,ComputeScalar1,Pride2_Sense1,2822936778748,BDSB,Pride2_Sense1
QUEUE,ComputeScalar2,Pride2_Sense1,2822937180677,BDSB,Pride2_Sense1
START,ComputeScalar2,Pride2_Sense1,2822937322259,BDSB,Pride2_Sense1
END,ComputeScalar2,Pride2_Sense1,2822938402336,BDSB,Pride2_Sense1
QUEUE,ComputeCosine,Pride2_Sense1,2822938576435,BDSB,Pride2_Sense1
START,ComputeCosine,Pride2_Sense1,2822938629821,BDSB,Pride2_Sense1
END,ComputeCosine,Pride2_Sense1,2822938656140,BDSB,Pride2_Sense1
START,Tokenize1,Pride1_Sense2,2822975223752,BDSB,Pride1_Sense2
END,Tokenize1,Pride1_Sense2,2822980282040,BDSB,Pride1_Sense2
START,Tokenize2,Pride1_Sense2,2822980607782,BDSB,Pride1_Sense2
END,Tokenize2,Pride1_Sense2,2822983086295,BDSB,Pride1_Sense2
QUEUE,Collect2,Pride1_Sense2,2822983535806,BDSB,Pride1_Sense2
START,Collect2,Pride1_Sense2,2822983618611,BDSB,Pride1_Sense2
END,Collect2,Pride1_Sense2,2822986012396,BDSB,Pride1_Sense2
QUEUE,ComputeScalar3,Pride1_Sense2,2822986288094,BDSB,Pride1_Sense2
START,ComputeScalar3,Pride1_Sense2,2822986416591,BDSB,Pride1_Sense2
END,ComputeScalar3,Pride1_Sense2,2822987747913,BDSB,Pride1_Sense2
QUEUE,Collect1,Pride1_Sense2,2822991394336,BDSB,Pride1_Sense2
START,Collect1,Pride1_Sense2,2822991456183,BDSB,Pride1_Sense2
END,Collect1,Pride1_Sense2,2822996494449,BDSB,Pride1_Sense2
QUEUE,ComputeScalar1,Pride1_Sense2,2822996754141,BDSB,Pride1_Sense2
START,ComputeScalar1,Pride1_Sense2,2822996805837,BDSB,Pride1_Sense2
END,ComputeScalar1,Pride1_Sense2,2823000135608,BDSB,Pride1_Sense2
QUEUE,ComputeScalar2,Pride1_Sense2,2823003388312,BDSB,Pride1_Sense2
START,ComputeScalar2,Pride1_Sense2,2823003452884,BDSB,Pride1_Sense2
END,ComputeScalar2,Pride1_Sense2,2823013558594,BDSB,Pride1_Sense2
QUEUE,ComputeCosine,Pride1_Sense2,2823013856098,BDSB,Pride1_Sense2
START,ComputeCosine,Pride1_Sense2,2823013919579,BDSB,Pride1_Sense2
END,ComputeCosine,Pride1_Sense2,2823013942972,BDSB,Pride1_Sense2
START,Tokenize1,Pride2_Sense2,2823055103880,BDSB,Pride2_Sense2
START,Tokenize2,Pride2_Sense2,2823058535896,BDSB,Pride2_Sense2
END,Tokenize2,Pride2_Sense2,2823064645099,BDSB,Pride2_Sense2
QUEUE,Collect2,Pride2_Sense2,2823068258996,BDSB,Pride2_Sense2
START,Collect2,Pride2_Sense2,2823068369626,BDSB,Pride2_Sense2
END,Tokenize1,Pride2_Sense2,2823072602055,BDSB,Pride2_Sense2
QUEUE,Collect1,Pride2_Sense2,2823073507664,BDSB,Pride2_Sense2
START,Collect1,Pride2_Sense2,2823073620538,BDSB,Pride2_Sense2
END,Collect1,Pride2_Sense2,2823079283967,BDSB,Pride2_Sense2
QUEUE,ComputeScalar1,Pride2_Sense2,2823082453779,BDSB,Pride2_Sense2
START,ComputeScalar1,Pride2_Sense2,2823082561736,BDSB,Pride2_Sense2
END,ComputeScalar1,Pride2_Sense2,2823085559262,BDSB,Pride2_Sense2
END,Collect2,Pride2_Sense2,2823082103094,BDSB,Pride2_Sense2
QUEUE,ComputeScalar3,Pride2_Sense2,2823086137061,BDSB,Pride2_Sense2
START,ComputeScalar3,Pride2_Sense2,2823086167496,BDSB,Pride2_Sense2
END,ComputeScalar3,Pride2_Sense2,2823089245458,BDSB,Pride2_Sense2
QUEUE,ComputeScalar2,Pride2_Sense2,2823089883690,BDSB,Pride2_Sense2
START,ComputeScalar2,Pride2_Sense2,2823089976032,BDSB,Pride2_Sense2
END,ComputeScalar2,Pride2_Sense2,2823092633270,BDSB,Pride2_Sense2
QUEUE,ComputeCosine,Pride2_Sense2,2823092961691,BDSB,Pride2_Sense2
START,ComputeCosine,Pride2_Sense2,2823093020556,BDSB,Pride2_Sense2
END,ComputeCosine,Pride2_Sense2,2823093040427,BDSB,Pride2_Sense2
START,Tokenize1,Pride1_Sense3,2823113790963,BDSB,Pride1_Sense3
START,Tokenize2,Pride1_Sense3,2823113845405,BDSB,Pride1_Sense3
END,Tokenize2,Pride1_Sense3,2823124651022,BDSB,Pride1_Sense3
QUEUE,Collect2,Pride1_Sense3,2823128803420,BDSB,Pride1_Sense3
START,Collect2,Pride1_Sense3,2823128872442,BDSB,Pride1_Sense3
END,Collect2,Pride1_Sense3,2823132446433,BDSB,Pride1_Sense3
QUEUE,ComputeScalar3,Pride1_Sense3,2823134554146,BDSB,Pride1_Sense3
START,ComputeScalar3,Pride1_Sense3,2823134615804,BDSB,Pride1_Sense3
END,ComputeScalar3,Pride1_Sense3,2823136001973,BDSB,Pride1_Sense3
END,Tokenize1,Pride1_Sense3,2823139261933,BDSB,Pride1_Sense3
QUEUE,Collect1,Pride1_Sense3,2823139632519,BDSB,Pride1_Sense3
START,Collect1,Pride1_Sense3,2823139717236,BDSB,Pride1_Sense3
END,Collect1,Pride1_Sense3,2823150882033,BDSB,Pride1_Sense3
QUEUE,ComputeScalar1,Pride1_Sense3,2823151137364,BDSB,Pride1_Sense3
START,ComputeScalar1,Pride1_Sense3,2823151164633,BDSB,Pride1_Sense3
END,ComputeScalar1,Pride1_Sense3,2823156739185,BDSB,Pride1_Sense3
QUEUE,ComputeScalar2,Pride1_Sense3,2823157180978,BDSB,Pride1_Sense3
START,ComputeScalar2,Pride1_Sense3,2823157211612,BDSB,Pride1_Sense3
END,ComputeScalar2,Pride1_Sense3,2823160902336,BDSB,Pride1_Sense3
QUEUE,ComputeCosine,Pride1_Sense3,2823161058605,BDSB,Pride1_Sense3
START,ComputeCosine,Pride1_Sense3,2823161080374,BDSB,Pride1_Sense3
END,ComputeCosine,Pride1_Sense3,2823161100377,BDSB,Pride1_Sense3
START,Tokenize1,Pride2_Sense3,2823187090390,BDSB,Pride2_Sense3
START,Tokenize2,Pride2_Sense3,2823188708238,BDSB,Pride2_Sense3
END,Tokenize1,Pride2_Sense3,2823200595211,BDSB,Pride2_Sense3
END,Tokenize2,Pride2_Sense3,2823201652218,BDSB,Pride2_Sense3
QUEUE,Collect1,Pride2_Sense3,2823201949681,BDSB,Pride2_Sense3
START,Collect1,Pride2_Sense3,2823202096549,BDSB,Pride2_Sense3
QUEUE,Collect2,Pride2_Sense3,2823210017642,BDSB,Pride2_Sense3
START,Collect2,Pride2_Sense3,2823210089575,BDSB,Pride2_Sense3
END,Collect2,Pride2_Sense3,2823212867767,BDSB,Pride2_Sense3
QUEUE,ComputeScalar3,Pride2_Sense3,2823213067104,BDSB,Pride2_Sense3
START,ComputeScalar3,Pride2_Sense3,2823213092671,BDSB,Pride2_Sense3
END,ComputeScalar3,Pride2_Sense3,2823215225790,BDSB,Pride2_Sense3
END,Collect1,Pride2_Sense3,2823218057297,BDSB,Pride2_Sense3
QUEUE,ComputeScalar2,Pride2_Sense3,2823218765279,BDSB,Pride2_Sense3
START,ComputeScalar2,Pride2_Sense3,2823218816396,BDSB,Pride2_Sense3
QUEUE,ComputeScalar1,Pride2_Sense3,2823220553481,BDSB,Pride2_Sense3
START,ComputeScalar1,Pride2_Sense3,2823220843371,BDSB,Pride2_Sense3
END,ComputeScalar2,Pride2_Sense3,2823222935485,BDSB,Pride2_Sense3
END,ComputeScalar1,Pride2_Sense3,2823229373971,BDSB,Pride2_Sense3
QUEUE,ComputeCosine,Pride2_Sense3,2823229724772,BDSB,Pride2_Sense3
START,ComputeCosine,Pride2_Sense3,2823229744189,BDSB,Pride2_Sense3
END,ComputeCosine,Pride2_Sense3,2823229756003,BDSB,Pride2_Sense3
START,Tokenize1,Pride1_Sense4,2823267761649,BDSB,Pride1_Sense4
START,Tokenize2,Pride1_Sense4,2823267768676,BDSB,Pride1_Sense4
END,Tokenize2,Pride1_Sense4,2823269939688,BDSB,Pride1_Sense4
QUEUE,Collect2,Pride1_Sense4,2823275500238,BDSB,Pride1_Sense4
START,Collect2,Pride1_Sense4,2823275551767,BDSB,Pride1_Sense4
END,Collect2,Pride1_Sense4,2823277006197,BDSB,Pride1_Sense4
QUEUE,ComputeScalar3,Pride1_Sense4,2823277173723,BDSB,Pride1_Sense4
START,ComputeScalar3,Pride1_Sense4,2823277188283,BDSB,Pride1_Sense4
END,ComputeScalar3,Pride1_Sense4,2823277945495,BDSB,Pride1_Sense4
END,Tokenize1,Pride1_Sense4,2823307636329,BDSB,Pride1_Sense4
QUEUE,Collect1,Pride1_Sense4,2823308097977,BDSB,Pride1_Sense4
START,Collect1,Pride1_Sense4,2823308124633,BDSB,Pride1_Sense4
END,Collect1,Pride1_Sense4,2823331202673,BDSB,Pride1_Sense4
QUEUE,ComputeScalar1,Pride1_Sense4,2823334398533,BDSB,Pride1_Sense4
START,ComputeScalar1,Pride1_Sense4,2823334433932,BDSB,Pride1_Sense4
END,ComputeScalar1,Pride1_Sense4,2823343078670,BDSB,Pride1_Sense4
QUEUE,ComputeScalar2,Pride1_Sense4,2823343753029,BDSB,Pride1_Sense4
START,ComputeScalar2,Pride1_Sense4,2823346406684,BDSB,Pride1_Sense4
END,ComputeScalar2,Pride1_Sense4,2823353275777,BDSB,Pride1_Sense4
QUEUE,ComputeCosine,Pride1_Sense4,2823355357034,BDSB,Pride1_Sense4
START,ComputeCosine,Pride1_Sense4,2823355398292,BDSB,Pride1_Sense4
END,ComputeCosine,Pride1_Sense4,2823355412228,BDSB,Pride1_Sense4
START,Tokenize2,Pride2_Sense4,2823400559419,BDSB,Pride2_Sense4
START,Tokenize1,Pride2_Sense4,2823400777331,BDSB,Pride2_Sense4
END,Tokenize2,Pride2_Sense4,2823405536158,BDSB,Pride2_Sense4
QUEUE,Collect2,Pride2_Sense4,2823406162862,BDSB,Pride2_Sense4
START,Collect2,Pride2_Sense4,2823406186670,BDSB,Pride2_Sense4
END,Collect2,Pride2_Sense4,2823411372056,BDSB,Pride2_Sense4
QUEUE,ComputeScalar3,Pride2_Sense4,2823412034311,BDSB,Pride2_Sense4
START,ComputeScalar3,Pride2_Sense4,2823412112913,BDSB,Pride2_Sense4
END,ComputeScalar3,Pride2_Sense4,2823413618928,BDSB,Pride2_Sense4
END,Tokenize1,Pride2_Sense4,2823427380584,BDSB,Pride2_Sense4
QUEUE,Collect1,Pride2_Sense4,2823427801984,BDSB,Pride2_Sense4
START,Collect1,Pride2_Sense4,2823427845378,BDSB,Pride2_Sense4
END,Collect1,Pride2_Sense4,2823440366513,BDSB,Pride2_Sense4
QUEUE,ComputeScalar1,Pride2_Sense4,2823440589795,BDSB,Pride2_Sense4
START,ComputeScalar1,Pride2_Sense4,2823440608637,BDSB,Pride2_Sense4
QUEUE,ComputeScalar2,Pride2_Sense4,2823450254516,BDSB,Pride2_Sense4
START,ComputeScalar2,Pride2_Sense4,2823450311158,BDSB,Pride2_Sense4
END,ComputeScalar1,Pride2_Sense4,2823453496427,BDSB,Pride2_Sense4
END,ComputeScalar2,Pride2_Sense4,2823468672301,BDSB,Pride2_Sense4
QUEUE,ComputeCosine,Pride2_Sense4,2823468993694,BDSB,Pride2_Sense4
START,ComputeCosine,Pride2_Sense4,2823472053707,BDSB,Pride2_Sense4
END,ComputeCosine,Pride2_Sense4,2823472128060,BDSB,Pride2_Sense4
START,Tokenize1,Pride1_Sense5,2823588321762,BDSB,Pride1_Sense5
START,Tokenize2,Pride1_Sense5,2823588357568,BDSB,Pride1_Sense5
END,Tokenize2,Pride1_Sense5,2823590374815,BDSB,Pride1_Sense5
QUEUE,Collect2,Pride1_Sense5,2823597233800,BDSB,Pride1_Sense5
START,Collect2,Pride1_Sense5,2823597295335,BDSB,Pride1_Sense5
END,Collect2,Pride1_Sense5,2823598789654,BDSB,Pride1_Sense5
QUEUE,ComputeScalar3,Pride1_Sense5,2823599039578,BDSB,Pride1_Sense5
START,ComputeScalar3,Pride1_Sense5,2823599064315,BDSB,Pride1_Sense5
END,ComputeScalar3,Pride1_Sense5,2823599730122,BDSB,Pride1_Sense5
END,Tokenize1,Pride1_Sense5,2823624100882,BDSB,Pride1_Sense5
QUEUE,Collect1,Pride1_Sense5,2823624638646,BDSB,Pride1_Sense5
START,Collect1,Pride1_Sense5,2823624664826,BDSB,Pride1_Sense5
END,Collect1,Pride1_Sense5,2823665418471,BDSB,Pride1_Sense5
QUEUE,ComputeScalar1,Pride1_Sense5,2823665758789,BDSB,Pride1_Sense5
START,ComputeScalar1,Pride1_Sense5,2823665781631,BDSB,Pride1_Sense5
QUEUE,ComputeScalar2,Pride1_Sense5,2823672476231,BDSB,Pride1_Sense5
START,ComputeScalar2,Pride1_Sense5,2823672550731,BDSB,Pride1_Sense5
END,ComputeScalar1,Pride1_Sense5,2823673007148,BDSB,Pride1_Sense5
END,ComputeScalar2,Pride1_Sense5,2823678297986,BDSB,Pride1_Sense5
QUEUE,ComputeCosine,Pride1_Sense5,2823680480486,BDSB,Pride1_Sense5
START,ComputeCosine,Pride1_Sense5,2823680580979,BDSB,Pride1_Sense5
END,ComputeCosine,Pride1_Sense5,2823680595188,BDSB,Pride1_Sense5
START,Tokenize1,Pride2_Sense5,2823705869597,BDSB,Pride2_Sense5
START,Tokenize2,Pride2_Sense5,2823705892745,BDSB,Pride2_Sense5
END,Tokenize2,Pride2_Sense5,2823724544072,BDSB,Pride2_Sense5
QUEUE,Collect2,Pride2_Sense5,2823724813742,BDSB,Pride2_Sense5
START,Collect2,Pride2_Sense5,2823724860118,BDSB,Pride2_Sense5
END,Collect2,Pride2_Sense5,2823727835172,BDSB,Pride2_Sense5
QUEUE,ComputeScalar3,Pride2_Sense5,2823728312675,BDSB,Pride2_Sense5
START,ComputeScalar3,Pride2_Sense5,2823728331651,BDSB,Pride2_Sense5
END,ComputeScalar3,Pride2_Sense5,2823729586304,BDSB,Pride2_Sense5
END,Tokenize1,Pride2_Sense5,2823778890056,BDSB,Pride2_Sense5
QUEUE,Collect1,Pride2_Sense5,2823779245110,BDSB,Pride2_Sense5
START,Collect1,Pride2_Sense5,2823779294114,BDSB,Pride2_Sense5
END,Collect1,Pride2_Sense5,2823852871614,BDSB,Pride2_Sense5
QUEUE,ComputeScalar1,Pride2_Sense5,2823853148675,BDSB,Pride2_Sense5
START,ComputeScalar1,Pride2_Sense5,2823853162534,BDSB,Pride2_Sense5
QUEUE,ComputeScalar2,Pride2_Sense5,2823860106123,BDSB,Pride2_Sense5
START,ComputeScalar2,Pride2_Sense5,2823860235937,BDSB,Pride2_Sense5
END,ComputeScalar1,Pride2_Sense5,2823876563198,BDSB,Pride2_Sense5
END,ComputeScalar2,Pride2_Sense5,2823882208501,BDSB,Pride2_Sense5
QUEUE,ComputeCosine,Pride2_Sense5,2823882484520,BDSB,Pride2_Sense5
START,ComputeCosine,Pride2_Sense5,2823882525130,BDSB,Pride2_Sense5
END,ComputeCosine,Pride2_Sense5,2823882549253,BDSB,Pride2_Sense5
START,Tokenize1,Pride1_Sense6,2823915718021,BDSB,Pride1_Sense6
START,Tokenize2,Pride1_Sense6,2823922818970,BDSB,Pride1_Sense6
END,Tokenize2,Pride1_Sense6,2823925183715,BDSB,Pride1_Sense6
QUEUE,Collect2,Pride1_Sense6,2823925283321,BDSB,Pride1_Sense6
START,Collect2,Pride1_Sense6,2823925311030,BDSB,Pride1_Sense6
END,Collect2,Pride1_Sense6,2823926373755,BDSB,Pride1_Sense6
QUEUE,ComputeScalar3,Pride1_Sense6,2823926471475,BDSB,Pride1_Sense6
START,ComputeScalar3,Pride1_Sense6,2823926496987,BDSB,Pride1_Sense6
END,ComputeScalar3,Pride1_Sense6,2823927146903,BDSB,Pride1_Sense6
END,Tokenize1,Pride1_Sense6,2824012887681,BDSB,Pride1_Sense6
QUEUE,Collect1,Pride1_Sense6,2824013188454,BDSB,Pride1_Sense6
START,Collect1,Pride1_Sense6,2824013216353,BDSB,Pride1_Sense6
END,Collect1,Pride1_Sense6,2824152155528,BDSB,Pride1_Sense6
QUEUE,ComputeScalar2,Pride1_Sense6,2824152433111,BDSB,Pride1_Sense6
START,ComputeScalar2,Pride1_Sense6,2824152461302,BDSB,Pride1_Sense6
QUEUE,ComputeScalar1,Pride1_Sense6,2824152435209,BDSB,Pride1_Sense6
START,ComputeScalar1,Pride1_Sense6,2824158765326,BDSB,Pride1_Sense6
END,ComputeScalar2,Pride1_Sense6,2824203950823,BDSB,Pride1_Sense6
END,ComputeScalar1,Pride1_Sense6,2824206032835,BDSB,Pride1_Sense6
QUEUE,ComputeCosine,Pride1_Sense6,2824206268951,BDSB,Pride1_Sense6
START,ComputeCosine,Pride1_Sense6,2824206283681,BDSB,Pride1_Sense6
END,ComputeCosine,Pride1_Sense6,2824206292305,BDSB,Pride1_Sense6
START,Tokenize1,Pride2_Sense6,2824232756956,BDSB,Pride2_Sense6
START,Tokenize2,Pride2_Sense6,2824232787456,BDSB,Pride2_Sense6
END,Tokenize2,Pride2_Sense6,2824238281424,BDSB,Pride2_Sense6
QUEUE,Collect2,Pride2_Sense6,2824238455741,BDSB,Pride2_Sense6
START,Collect2,Pride2_Sense6,2824238472676,BDSB,Pride2_Sense6
END,Collect2,Pride2_Sense6,2824242863420,BDSB,Pride2_Sense6
QUEUE,ComputeScalar3,Pride2_Sense6,2824243006949,BDSB,Pride2_Sense6
START,ComputeScalar3,Pride2_Sense6,2824243019033,BDSB,Pride2_Sense6
END,ComputeScalar3,Pride2_Sense6,2824245206308,BDSB,Pride2_Sense6
END,Tokenize1,Pride2_Sense6,2824356313741,BDSB,Pride2_Sense6
QUEUE,Collect1,Pride2_Sense6,2824356584086,BDSB,Pride2_Sense6
START,Collect1,Pride2_Sense6,2824356597304,BDSB,Pride2_Sense6
END,Collect1,Pride2_Sense6,2824433349504,BDSB,Pride2_Sense6
QUEUE,ComputeScalar1,Pride2_Sense6,2824433594402,BDSB,Pride2_Sense6
START,ComputeScalar1,Pride2_Sense6,2824433612769,BDSB,Pride2_Sense6
QUEUE,ComputeScalar2,Pride2_Sense6,2824440416037,BDSB,Pride2_Sense6
START,ComputeScalar2,Pride2_Sense6,2824440488253,BDSB,Pride2_Sense6
END,ComputeScalar1,Pride2_Sense6,2824473547030,BDSB,Pride2_Sense6
END,ComputeScalar2,Pride2_Sense6,2824476561638,BDSB,Pride2_Sense6
QUEUE,ComputeCosine,Pride2_Sense6,2824476709852,BDSB,Pride2_Sense6
START,ComputeCosine,Pride2_Sense6,2824476737586,BDSB,Pride2_Sense6
END,ComputeCosine,Pride2_Sense6,2824476745757,BDSB,Pride2_Sense6
START,Tokenize1,Pride3_Sense1,2956910169660,BDSB,Pride3_Sense1
START,Tokenize2,Pride3_Sense1,2956915920118,BDSB,Pride3_Sense1
END,Tokenize1,Pride3_Sense1,2956991221396,BDSB,Pride3_Sense1
QUEUE,Collect1,Pride3_Sense1,2956993238350,BDSB,Pride3_Sense1
START,Collect1,Pride3_Sense1,2956993296252,BDSB,Pride3_Sense1
END,Collect1,Pride3_Sense1,2957006675641,BDSB,Pride3_Sense1
QUEUE,ComputeScalar1,Pride3_Sense1,2957013922357,BDSB,Pride3_Sense1
START,ComputeScalar1,Pride3_Sense1,2957013967333,BDSB,Pride3_Sense1
END,ComputeScalar1,Pride3_Sense1,2957015783630,BDSB,Pride3_Sense1
END,Tokenize2,Pride3_Sense1,2957025188480,BDSB,Pride3_Sense1
QUEUE,Collect2,Pride3_Sense1,2957031261101,BDSB,Pride3_Sense1
START,Collect2,Pride3_Sense1,2957031431983,BDSB,Pride3_Sense1
END,Collect2,Pride3_Sense1,2957065730624,BDSB,Pride3_Sense1
QUEUE,ComputeScalar2,Pride3_Sense1,2957066315075,BDSB,Pride3_Sense1
START,ComputeScalar2,Pride3_Sense1,2957066378777,BDSB,Pride3_Sense1
QUEUE,ComputeScalar3,Pride3_Sense1,2957066537785,BDSB,Pride3_Sense1
START,ComputeScalar3,Pride3_Sense1,2957066571171,BDSB,Pride3_Sense1
END,ComputeScalar2,Pride3_Sense1,2957068248359,BDSB,Pride3_Sense1
END,ComputeScalar3,Pride3_Sense1,2957070837431,BDSB,Pride3_Sense1
QUEUE,ComputeCosine,Pride3_Sense1,2957071465751,BDSB,Pride3_Sense1
START,ComputeCosine,Pride3_Sense1,2957071707926,BDSB,Pride3_Sense1
END,ComputeCosine,Pride3_Sense1,2957072170423,BDSB,Pride3_Sense1
START,Tokenize2,Pride4_Sense1,2957114576228,BDSB,Pride4_Sense1
START,Tokenize1,Pride4_Sense1,2957115122979,BDSB,Pride4_Sense1
END,Tokenize1,Pride4_Sense1,2957141083512,BDSB,Pride4_Sense1
QUEUE,Collect1,Pride4_Sense1,2957144125598,BDSB,Pride4_Sense1
START,Collect1,Pride4_Sense1,2957144170551,BDSB,Pride4_Sense1
END,Collect1,Pride4_Sense1,2957146658816,BDSB,Pride4_Sense1
QUEUE,ComputeScalar1,Pride4_Sense1,2957147124432,BDSB,Pride4_Sense1
START,ComputeScalar1,Pride4_Sense1,2957147155516,BDSB,Pride4_Sense1
END,ComputeScalar1,Pride4_Sense1,2957148384017,BDSB,Pride4_Sense1
END,Tokenize2,Pride4_Sense1,2957167162917,BDSB,Pride4_Sense1
QUEUE,Collect2,Pride4_Sense1,2957167720185,BDSB,Pride4_Sense1
START,Collect2,Pride4_Sense1,2957167761490,BDSB,Pride4_Sense1
END,Collect2,Pride4_Sense1,2957202363433,BDSB,Pride4_Sense1
QUEUE,ComputeScalar2,Pride4_Sense1,2957205436199,BDSB,Pride4_Sense1
START,ComputeScalar2,Pride4_Sense1,2957205603461,BDSB,Pride4_Sense1
END,ComputeScalar2,Pride4_Sense1,2957206849941,BDSB,Pride4_Sense1
QUEUE,ComputeScalar3,Pride4_Sense1,2957207345326,BDSB,Pride4_Sense1
START,ComputeScalar3,Pride4_Sense1,2957207379187,BDSB,Pride4_Sense1
END,ComputeScalar3,Pride4_Sense1,2957223147849,BDSB,Pride4_Sense1
QUEUE,ComputeCosine,Pride4_Sense1,2957223404374,BDSB,Pride4_Sense1
START,ComputeCosine,Pride4_Sense1,2957223496158,BDSB,Pride4_Sense1
END,ComputeCosine,Pride4_Sense1,2957223529965,BDSB,Pride4_Sense1
START,Tokenize1,Pride3_Sense2,2957274466156,BDSB,Pride3_Sense2
END,Tokenize1,Pride3_Sense2,2957279578680,BDSB,Pride3_Sense2
START,Tokenize2,Pride3_Sense2,2957283001624,BDSB,Pride3_Sense2
QUEUE,Collect1,Pride3_Sense2,2957283973520,BDSB,Pride3_Sense2
START,Collect1,Pride3_Sense2,2957288876199,BDSB,Pride3_Sense2
END,Collect1,Pride3_Sense2,2957296002191,BDSB,Pride3_Sense2
QUEUE,ComputeScalar1,Pride3_Sense2,2957300932867,BDSB,Pride3_Sense2
START,ComputeScalar1,Pride3_Sense2,2957300985128,BDSB,Pride3_Sense2
END,Tokenize2,Pride3_Sense2,2957304526915,BDSB,Pride3_Sense2
QUEUE,Collect2,Pride3_Sense2,2957307517970,BDSB,Pride3_Sense2
START,Collect2,Pride3_Sense2,2957312387809,BDSB,Pride3_Sense2
END,ComputeScalar1,Pride3_Sense2,2957309767157,BDSB,Pride3_Sense2
END,Collect2,Pride3_Sense2,2957323603553,BDSB,Pride3_Sense2
QUEUE,ComputeScalar2,Pride3_Sense2,2957323882311,BDSB,Pride3_Sense2
START,ComputeScalar2,Pride3_Sense2,2957323928462,BDSB,Pride3_Sense2
END,ComputeScalar2,Pride3_Sense2,2957326438006,BDSB,Pride3_Sense2
QUEUE,ComputeScalar3,Pride3_Sense2,2957327006806,BDSB,Pride3_Sense2
START,ComputeScalar3,Pride3_Sense2,2957327063055,BDSB,Pride3_Sense2
END,ComputeScalar3,Pride3_Sense2,2957343063032,BDSB,Pride3_Sense2
QUEUE,ComputeCosine,Pride3_Sense2,2957343992919,BDSB,Pride3_Sense2
START,ComputeCosine,Pride3_Sense2,2957344066573,BDSB,Pride3_Sense2
END,ComputeCosine,Pride3_Sense2,2957344091106,BDSB,Pride3_Sense2
START,Tokenize1,Pride4_Sense2,2957397421015,BDSB,Pride4_Sense2
START,Tokenize2,Pride4_Sense2,2957397447823,BDSB,Pride4_Sense2
END,Tokenize1,Pride4_Sense2,2957403425054,BDSB,Pride4_Sense2
QUEUE,Collect1,Pride4_Sense2,2957403664021,BDSB,Pride4_Sense2
START,Collect1,Pride4_Sense2,2957403688995,BDSB,Pride4_Sense2
END,Collect1,Pride4_Sense2,2957415843417,BDSB,Pride4_Sense2
QUEUE,ComputeScalar1,Pride4_Sense2,2957427204145,BDSB,Pride4_Sense2
START,ComputeScalar1,Pride4_Sense2,2957427265528,BDSB,Pride4_Sense2
END,ComputeScalar1,Pride4_Sense2,2957429687351,BDSB,Pride4_Sense2
END,Tokenize2,Pride4_Sense2,2957430934559,BDSB,Pride4_Sense2
QUEUE,Collect2,Pride4_Sense2,2957432204705,BDSB,Pride4_Sense2
START,Collect2,Pride4_Sense2,2957432246961,BDSB,Pride4_Sense2
END,Collect2,Pride4_Sense2,2957445124235,BDSB,Pride4_Sense2
QUEUE,ComputeScalar2,Pride4_Sense2,2957445457336,BDSB,Pride4_Sense2
START,ComputeScalar2,Pride4_Sense2,2957445505612,BDSB,Pride4_Sense2
END,ComputeScalar2,Pride4_Sense2,2957448699170,BDSB,Pride4_Sense2
QUEUE,ComputeScalar3,Pride4_Sense2,2957449091008,BDSB,Pride4_Sense2
START,ComputeScalar3,Pride4_Sense2,2957449643378,BDSB,Pride4_Sense2
END,ComputeScalar3,Pride4_Sense2,2957463650537,BDSB,Pride4_Sense2
QUEUE,ComputeCosine,Pride4_Sense2,2957463927558,BDSB,Pride4_Sense2
START,ComputeCosine,Pride4_Sense2,2957464427613,BDSB,Pride4_Sense2
END,ComputeCosine,Pride4_Sense2,2957464473071,BDSB,Pride4_Sense2
START,Tokenize1,Pride3_Sense3,2957527030746,BDSB,Pride3_Sense3
START,Tokenize2,Pride3_Sense3,2957527116935,BDSB,Pride3_Sense3
END,Tokenize2,Pride3_Sense3,2957550708115,BDSB,Pride3_Sense3
END,Tokenize1,Pride3_Sense3,2957550877764,BDSB,Pride3_Sense3
QUEUE,Collect2,Pride3_Sense3,2957551164017,BDSB,Pride3_Sense3
START,Collect2,Pride3_Sense3,2957554943474,BDSB,Pride3_Sense3
END,Collect2,Pride3_Sense3,2957561006712,BDSB,Pride3_Sense3
QUEUE,Collect1,Pride3_Sense3,2957562092224,BDSB,Pride3_Sense3
START,Collect1,Pride3_Sense3,2957562238368,BDSB,Pride3_Sense3
QUEUE,ComputeScalar3,Pride3_Sense3,2957562180239,BDSB,Pride3_Sense3
START,ComputeScalar3,Pride3_Sense3,2957563816481,BDSB,Pride3_Sense3
END,ComputeScalar3,Pride3_Sense3,2957573131489,BDSB,Pride3_Sense3
END,Collect1,Pride3_Sense3,2957574891647,BDSB,Pride3_Sense3
QUEUE,ComputeScalar1,Pride3_Sense3,2957575141089,BDSB,Pride3_Sense3
START,ComputeScalar1,Pride3_Sense3,2957575210805,BDSB,Pride3_Sense3
QUEUE,ComputeScalar2,Pride3_Sense3,2957581971342,BDSB,Pride3_Sense3
START,ComputeScalar2,Pride3_Sense3,2957582060861,BDSB,Pride3_Sense3
END,ComputeScalar1,Pride3_Sense3,2957584405894,BDSB,Pride3_Sense3
END,ComputeScalar2,Pride3_Sense3,2957586962880,BDSB,Pride3_Sense3
QUEUE,ComputeCosine,Pride3_Sense3,2957587191601,BDSB,Pride3_Sense3
START,ComputeCosine,Pride3_Sense3,2957587264633,BDSB,Pride3_Sense3
END,ComputeCosine,Pride3_Sense3,2957588809567,BDSB,Pride3_Sense3
START,Tokenize1,Pride4_Sense3,2957628539759,BDSB,Pride4_Sense3
START,Tokenize2,Pride4_Sense3,2957640731346,BDSB,Pride4_Sense3
END,Tokenize1,Pride4_Sense3,2957652162434,BDSB,Pride4_Sense3
QUEUE,Collect1,Pride4_Sense3,2957652772372,BDSB,Pride4_Sense3
START,Collect1,Pride4_Sense3,2957652846858,BDSB,Pride4_Sense3
END,Collect1,Pride4_Sense3,2957664591702,BDSB,Pride4_Sense3
QUEUE,ComputeScalar1,Pride4_Sense3,2957667653993,BDSB,Pride4_Sense3
START,ComputeScalar1,Pride4_Sense3,2957667681691,BDSB,Pride4_Sense3
END,ComputeScalar1,Pride4_Sense3,2957678764043,BDSB,Pride4_Sense3
END,Tokenize2,Pride4_Sense3,2957682899311,BDSB,Pride4_Sense3
QUEUE,Collect2,Pride4_Sense3,2957686795067,BDSB,Pride4_Sense3
START,Collect2,Pride4_Sense3,2957686874099,BDSB,Pride4_Sense3
END,Collect2,Pride4_Sense3,2957718541112,BDSB,Pride4_Sense3
QUEUE,ComputeScalar2,Pride4_Sense3,2957719285760,BDSB,Pride4_Sense3
START,ComputeScalar2,Pride4_Sense3,2957719317224,BDSB,Pride4_Sense3
END,ComputeScalar2,Pride4_Sense3,2957724599451,BDSB,Pride4_Sense3
QUEUE,ComputeScalar3,Pride4_Sense3,2957726734058,BDSB,Pride4_Sense3
START,ComputeScalar3,Pride4_Sense3,2957726900211,BDSB,Pride4_Sense3
END,ComputeScalar3,Pride4_Sense3,2957737491435,BDSB,Pride4_Sense3
QUEUE,ComputeCosine,Pride4_Sense3,2957737790631,BDSB,Pride4_Sense3
START,ComputeCosine,Pride4_Sense3,2957737810687,BDSB,Pride4_Sense3
END,ComputeCosine,Pride4_Sense3,2957737822376,BDSB,Pride4_Sense3
START,Tokenize1,Pride3_Sense4,2957767965107,BDSB,Pride3_Sense4
START,Tokenize2,Pride3_Sense4,2957771882508,BDSB,Pride3_Sense4
END,Tokenize2,Pride3_Sense4,2957790329313,BDSB,Pride3_Sense4
QUEUE,Collect2,Pride3_Sense4,2957794209466,BDSB,Pride3_Sense4
START,Collect2,Pride3_Sense4,2957794263330,BDSB,Pride3_Sense4
END,Collect2,Pride3_Sense4,2957817037181,BDSB,Pride3_Sense4
QUEUE,ComputeScalar3,Pride3_Sense4,2957817284635,BDSB,Pride3_Sense4
START,ComputeScalar3,Pride3_Sense4,2957817305937,BDSB,Pride3_Sense4
END,ComputeScalar3,Pride3_Sense4,2957819551763,BDSB,Pride3_Sense4
END,Tokenize1,Pride3_Sense4,2957824306885,BDSB,Pride3_Sense4
QUEUE,Collect1,Pride3_Sense4,2957824516124,BDSB,Pride3_Sense4
START,Collect1,Pride3_Sense4,2957824550874,BDSB,Pride3_Sense4
END,Collect1,Pride3_Sense4,2957836661534,BDSB,Pride3_Sense4
QUEUE,ComputeScalar1,Pride3_Sense4,2957837037011,BDSB,Pride3_Sense4
START,ComputeScalar1,Pride3_Sense4,2957837074273,BDSB,Pride3_Sense4
END,ComputeScalar1,Pride3_Sense4,2957845730423,BDSB,Pride3_Sense4
QUEUE,ComputeScalar2,Pride3_Sense4,2957846314775,BDSB,Pride3_Sense4
START,ComputeScalar2,Pride3_Sense4,2957846354862,BDSB,Pride3_Sense4
END,ComputeScalar2,Pride3_Sense4,2957856557473,BDSB,Pride3_Sense4
QUEUE,ComputeCosine,Pride3_Sense4,2957856808197,BDSB,Pride3_Sense4
START,ComputeCosine,Pride3_Sense4,2957856856849,BDSB,Pride3_Sense4
END,ComputeCosine,Pride3_Sense4,2957856869108,BDSB,Pride3_Sense4
START,Tokenize1,Pride4_Sense4,2957891203554,BDSB,Pride4_Sense4
START,Tokenize2,Pride4_Sense4,2957896841820,BDSB,Pride4_Sense4
END,Tokenize2,Pride4_Sense4,2957916995269,BDSB,Pride4_Sense4
QUEUE,Collect2,Pride4_Sense4,2957920985388,BDSB,Pride4_Sense4
START,Collect2,Pride4_Sense4,2957921041688,BDSB,Pride4_Sense4
END,Collect2,Pride4_Sense4,2957948676462,BDSB,Pride4_Sense4
QUEUE,ComputeScalar3,Pride4_Sense4,2957949728034,BDSB,Pride4_Sense4
START,ComputeScalar3,Pride4_Sense4,2957949782927,BDSB,Pride4_Sense4
END,Tokenize1,Pride4_Sense4,2957957665721,BDSB,Pride4_Sense4
QUEUE,Collect1,Pride4_Sense4,2957961162907,BDSB,Pride4_Sense4
START,Collect1,Pride4_Sense4,2957961282820,BDSB,Pride4_Sense4
END,ComputeScalar3,Pride4_Sense4,2957974963657,BDSB,Pride4_Sense4
END,Collect1,Pride4_Sense4,2957983778721,BDSB,Pride4_Sense4
QUEUE,ComputeScalar1,Pride4_Sense4,2957984135543,BDSB,Pride4_Sense4
START,ComputeScalar1,Pride4_Sense4,2957984501236,BDSB,Pride4_Sense4
QUEUE,ComputeScalar2,Pride4_Sense4,2957984347167,BDSB,Pride4_Sense4
START,ComputeScalar2,Pride4_Sense4,2957984570162,BDSB,Pride4_Sense4
END,ComputeScalar2,Pride4_Sense4,2958000887642,BDSB,Pride4_Sense4
END,ComputeScalar1,Pride4_Sense4,2958013750426,BDSB,Pride4_Sense4
QUEUE,ComputeCosine,Pride4_Sense4,2958013924362,BDSB,Pride4_Sense4
START,ComputeCosine,Pride4_Sense4,2958013957591,BDSB,Pride4_Sense4
END,ComputeCosine,Pride4_Sense4,2958013969508,BDSB,Pride4_Sense4
START,Tokenize1,Pride3_Sense5,2958064618803,BDSB,Pride3_Sense5
START,Tokenize2,Pride3_Sense5,2958080407198,BDSB,Pride3_Sense5
END,Tokenize2,Pride3_Sense5,2958091027658,BDSB,Pride3_Sense5
QUEUE,Collect2,Pride3_Sense5,2958098306153,BDSB,Pride3_Sense5
START,Collect2,Pride3_Sense5,2958098382724,BDSB,Pride3_Sense5
END,Collect2,Pride3_Sense5,2958146035239,BDSB,Pride3_Sense5
END,Tokenize1,Pride3_Sense5,2958152118721,BDSB,Pride3_Sense5
QUEUE,Collect1,Pride3_Sense5,2958157655190,BDSB,Pride3_Sense5
START,Collect1,Pride3_Sense5,2958157700364,BDSB,Pride3_Sense5
QUEUE,ComputeScalar3,Pride3_Sense5,2958163743350,BDSB,Pride3_Sense5
START,ComputeScalar3,Pride3_Sense5,2958163802863,BDSB,Pride3_Sense5
END,ComputeScalar3,Pride3_Sense5,2958170124060,BDSB,Pride3_Sense5
END,Collect1,Pride3_Sense5,2958242811738,BDSB,Pride3_Sense5
QUEUE,ComputeScalar2,Pride3_Sense5,2958243319916,BDSB,Pride3_Sense5
QUEUE,ComputeScalar1,Pride3_Sense5,2958243338515,BDSB,Pride3_Sense5
START,ComputeScalar1,Pride3_Sense5,2958243373097,BDSB,Pride3_Sense5
START,ComputeScalar2,Pride3_Sense5,2958243347448,BDSB,Pride3_Sense5
END,ComputeScalar2,Pride3_Sense5,2958313095377,BDSB,Pride3_Sense5
END,ComputeScalar1,Pride3_Sense5,2958314511491,BDSB,Pride3_Sense5
QUEUE,ComputeCosine,Pride3_Sense5,2958322650616,BDSB,Pride3_Sense5
START,ComputeCosine,Pride3_Sense5,2958322678883,BDSB,Pride3_Sense5
END,ComputeCosine,Pride3_Sense5,2958322692916,BDSB,Pride3_Sense5
START,Tokenize1,Pride4_Sense5,2958388254732,BDSB,Pride4_Sense5
START,Tokenize2,Pride4_Sense5,2958396290610,BDSB,Pride4_Sense5
END,Tokenize1,Pride4_Sense5,2958453442629,BDSB,Pride4_Sense5
QUEUE,Collect1,Pride4_Sense5,2958456687090,BDSB,Pride4_Sense5
START,Collect1,Pride4_Sense5,2958456742871,BDSB,Pride4_Sense5
END,Tokenize2,Pride4_Sense5,2958461088095,BDSB,Pride4_Sense5
QUEUE,Collect2,Pride4_Sense5,2958463202468,BDSB,Pride4_Sense5
START,Collect2,Pride4_Sense5,2958463241556,BDSB,Pride4_Sense5
END,Collect2,Pride4_Sense5,2958501910975,BDSB,Pride4_Sense5
QUEUE,ComputeScalar3,Pride4_Sense5,2958502849112,BDSB,Pride4_Sense5
START,ComputeScalar3,Pride4_Sense5,2958502886705,BDSB,Pride4_Sense5
END,ComputeScalar3,Pride4_Sense5,2958508834237,BDSB,Pride4_Sense5
END,Collect1,Pride4_Sense5,2958518093182,BDSB,Pride4_Sense5
QUEUE,ComputeScalar1,Pride4_Sense5,2958518339589,BDSB,Pride4_Sense5
START,ComputeScalar1,Pride4_Sense5,2958518370729,BDSB,Pride4_Sense5
QUEUE,ComputeScalar2,Pride4_Sense5,2958524313430,BDSB,Pride4_Sense5
START,ComputeScalar2,Pride4_Sense5,2958524380423,BDSB,Pride4_Sense5
END,ComputeScalar1,Pride4_Sense5,2958573930292,BDSB,Pride4_Sense5
END,ComputeScalar2,Pride4_Sense5,2958574882885,BDSB,Pride4_Sense5
QUEUE,ComputeCosine,Pride4_Sense5,2958574976302,BDSB,Pride4_Sense5
START,ComputeCosine,Pride4_Sense5,2958575003621,BDSB,Pride4_Sense5
END,ComputeCosine,Pride4_Sense5,2958578865345,BDSB,Pride4_Sense5
START,Tokenize2,Pride3_Sense6,2958663380588,BDSB,Pride3_Sense6
START,Tokenize1,Pride3_Sense6,2958673199096,BDSB,Pride3_Sense6
END,Tokenize2,Pride3_Sense6,2958686477454,BDSB,Pride3_Sense6
QUEUE,Collect2,Pride3_Sense6,2958691779233,BDSB,Pride3_Sense6
START,Collect2,Pride3_Sense6,2958691823162,BDSB,Pride3_Sense6
END,Collect2,Pride3_Sense6,2958731242940,BDSB,Pride3_Sense6
QUEUE,ComputeScalar3,Pride3_Sense6,2958732709091,BDSB,Pride3_Sense6
START,ComputeScalar3,Pride3_Sense6,2958732728070,BDSB,Pride3_Sense6
END,ComputeScalar3,Pride3_Sense6,2958742800528,BDSB,Pride3_Sense6
END,Tokenize1,Pride3_Sense6,2958840274683,BDSB,Pride3_Sense6
QUEUE,Collect1,Pride3_Sense6,2958840580997,BDSB,Pride3_Sense6
START,Collect1,Pride3_Sense6,2958840705970,BDSB,Pride3_Sense6
END,Collect1,Pride3_Sense6,2959044038324,BDSB,Pride3_Sense6
QUEUE,ComputeScalar2,Pride3_Sense6,2959044616148,BDSB,Pride3_Sense6
QUEUE,ComputeScalar1,Pride3_Sense6,2959044614566,BDSB,Pride3_Sense6
START,ComputeScalar1,Pride3_Sense6,2959044667375,BDSB,Pride3_Sense6
START,ComputeScalar2,Pride3_Sense6,2959046663400,BDSB,Pride3_Sense6
END,ComputeScalar1,Pride3_Sense6,2959087833759,BDSB,Pride3_Sense6
END,ComputeScalar2,Pride3_Sense6,2959097156451,BDSB,Pride3_Sense6
QUEUE,ComputeCosine,Pride3_Sense6,2959097450512,BDSB,Pride3_Sense6
START,ComputeCosine,Pride3_Sense6,2959097511114,BDSB,Pride3_Sense6
END,ComputeCosine,Pride3_Sense6,2959097522249,BDSB,Pride3_Sense6
START,Tokenize1,Pride4_Sense6,2959124503993,BDSB,Pride4_Sense6
START,Tokenize2,Pride4_Sense6,2959128147039,BDSB,Pride4_Sense6
END,Tokenize2,Pride4_Sense6,2959159282309,BDSB,Pride4_Sense6
QUEUE,Collect2,Pride4_Sense6,2959159560718,BDSB,Pride4_Sense6
START,Collect2,Pride4_Sense6,2959159625302,BDSB,Pride4_Sense6
END,Collect2,Pride4_Sense6,2959181857401,BDSB,Pride4_Sense6
QUEUE,ComputeScalar3,Pride4_Sense6,2959183566553,BDSB,Pride4_Sense6
START,ComputeScalar3,Pride4_Sense6,2959183595971,BDSB,Pride4_Sense6
END,ComputeScalar3,Pride4_Sense6,2959247610244,BDSB,Pride4_Sense6
END,Tokenize1,Pride4_Sense6,2959281351610,BDSB,Pride4_Sense6
QUEUE,Collect1,Pride4_Sense6,2959281639980,BDSB,Pride4_Sense6
START,Collect1,Pride4_Sense6,2959281654373,BDSB,Pride4_Sense6
END,Collect1,Pride4_Sense6,2959400089857,BDSB,Pride4_Sense6
QUEUE,ComputeScalar1,Pride4_Sense6,2959400283777,BDSB,Pride4_Sense6
START,ComputeScalar1,Pride4_Sense6,2959400300067,BDSB,Pride4_Sense6
QUEUE,ComputeScalar2,Pride4_Sense6,2959400876069,BDSB,Pride4_Sense6
START,ComputeScalar2,Pride4_Sense6,2959400895259,BDSB,Pride4_Sense6
END,ComputeScalar1,Pride4_Sense6,2959424067375,BDSB,Pride4_Sense6
END,ComputeScalar2,Pride4_Sense6,2959424797502,BDSB,Pride4_Sense6
QUEUE,ComputeCosine,Pride4_Sense6,2959425062241,BDSB,Pride4_Sense6
START,ComputeCosine,Pride4_Sense6,2959425072810,BDSB,Pride4_Sense6
END,ComputeCosine,Pride4_Sense6,2959425080043,BDSB,Pride4_Sense6
START,Tokenize1,Pride5_Sense1,3159552560785,BDSB,Pride5_Sense1
START,Tokenize2,Pride5_Sense1,3159557406627,BDSB,Pride5_Sense1
END,Tokenize1,Pride5_Sense1,3159608620868,BDSB,Pride5_Sense1
QUEUE,Collect1,Pride5_Sense1,3159612657330,BDSB,Pride5_Sense1
START,Collect1,Pride5_Sense1,3159612789340,BDSB,Pride5_Sense1
END,Collect1,Pride5_Sense1,3159626803822,BDSB,Pride5_Sense1
QUEUE,ComputeScalar1,Pride5_Sense1,3159627379962,BDSB,Pride5_Sense1
START,ComputeScalar1,Pride5_Sense1,3159627417439,BDSB,Pride5_Sense1
END,ComputeScalar1,Pride5_Sense1,3159628976254,BDSB,Pride5_Sense1
END,Tokenize2,Pride5_Sense1,3159714348556,BDSB,Pride5_Sense1
QUEUE,Collect2,Pride5_Sense1,3159714828798,BDSB,Pride5_Sense1
START,Collect2,Pride5_Sense1,3159714865721,BDSB,Pride5_Sense1
END,Collect2,Pride5_Sense1,3159772870168,BDSB,Pride5_Sense1
QUEUE,ComputeScalar2,Pride5_Sense1,3159773316796,BDSB,Pride5_Sense1
START,ComputeScalar2,Pride5_Sense1,3159773356560,BDSB,Pride5_Sense1
END,ComputeScalar2,Pride5_Sense1,3159775041220,BDSB,Pride5_Sense1
QUEUE,ComputeScalar3,Pride5_Sense1,3159775685586,BDSB,Pride5_Sense1
START,ComputeScalar3,Pride5_Sense1,3159775722814,BDSB,Pride5_Sense1
END,ComputeScalar3,Pride5_Sense1,3159791468873,BDSB,Pride5_Sense1
QUEUE,ComputeCosine,Pride5_Sense1,3159791756238,BDSB,Pride5_Sense1
START,ComputeCosine,Pride5_Sense1,3159791790847,BDSB,Pride5_Sense1
END,ComputeCosine,Pride5_Sense1,3159791835668,BDSB,Pride5_Sense1
START,Tokenize1,Pride5_Sense2,3159833807258,BDSB,Pride5_Sense2
END,Tokenize1,Pride5_Sense2,3159838530741,BDSB,Pride5_Sense2
START,Tokenize2,Pride5_Sense2,3159842275454,BDSB,Pride5_Sense2
QUEUE,Collect1,Pride5_Sense2,3159844158120,BDSB,Pride5_Sense2
START,Collect1,Pride5_Sense2,3159844213430,BDSB,Pride5_Sense2
END,Collect1,Pride5_Sense2,3159853495635,BDSB,Pride5_Sense2
QUEUE,ComputeScalar1,Pride5_Sense2,3159854350950,BDSB,Pride5_Sense2
START,ComputeScalar1,Pride5_Sense2,3159854383412,BDSB,Pride5_Sense2
END,ComputeScalar1,Pride5_Sense2,3159857426313,BDSB,Pride5_Sense2
END,Tokenize2,Pride5_Sense2,3159909405226,BDSB,Pride5_Sense2
QUEUE,Collect2,Pride5_Sense2,3159909724500,BDSB,Pride5_Sense2
START,Collect2,Pride5_Sense2,3159909761954,BDSB,Pride5_Sense2
END,Collect2,Pride5_Sense2,3159957959930,BDSB,Pride5_Sense2
QUEUE,ComputeScalar2,Pride5_Sense2,3159958286328,BDSB,Pride5_Sense2
START,ComputeScalar2,Pride5_Sense2,3159958445627,BDSB,Pride5_Sense2
END,ComputeScalar2,Pride5_Sense2,3159963452390,BDSB,Pride5_Sense2
QUEUE,ComputeScalar3,Pride5_Sense2,3159964001059,BDSB,Pride5_Sense2
START,ComputeScalar3,Pride5_Sense2,3159964038719,BDSB,Pride5_Sense2
END,ComputeScalar3,Pride5_Sense2,3159981106468,BDSB,Pride5_Sense2
QUEUE,ComputeCosine,Pride5_Sense2,3159981304088,BDSB,Pride5_Sense2
START,ComputeCosine,Pride5_Sense2,3159981350050,BDSB,Pride5_Sense2
END,ComputeCosine,Pride5_Sense2,3159981374589,BDSB,Pride5_Sense2
START,Tokenize1,Pride5_Sense3,3160019875755,BDSB,Pride5_Sense3
START,Tokenize2,Pride5_Sense3,3160024156131,BDSB,Pride5_Sense3
END,Tokenize1,Pride5_Sense3,3160050894801,BDSB,Pride5_Sense3
QUEUE,Collect1,Pride5_Sense3,3160051615199,BDSB,Pride5_Sense3
START,Collect1,Pride5_Sense3,3160051653133,BDSB,Pride5_Sense3
END,Collect1,Pride5_Sense3,3160059892655,BDSB,Pride5_Sense3
QUEUE,ComputeScalar1,Pride5_Sense3,3160062804272,BDSB,Pride5_Sense3
START,ComputeScalar1,Pride5_Sense3,3160062833451,BDSB,Pride5_Sense3
END,ComputeScalar1,Pride5_Sense3,3160071942592,BDSB,Pride5_Sense3
END,Tokenize2,Pride5_Sense3,3160134981863,BDSB,Pride5_Sense3
QUEUE,Collect2,Pride5_Sense3,3160135459183,BDSB,Pride5_Sense3
START,Collect2,Pride5_Sense3,3160135491387,BDSB,Pride5_Sense3
END,Collect2,Pride5_Sense3,3160179365587,BDSB,Pride5_Sense3
QUEUE,ComputeScalar2,Pride5_Sense3,3160179819825,BDSB,Pride5_Sense3
START,ComputeScalar2,Pride5_Sense3,3160179854392,BDSB,Pride5_Sense3
END,ComputeScalar2,Pride5_Sense3,3160183756502,BDSB,Pride5_Sense3
QUEUE,ComputeScalar3,Pride5_Sense3,3160185696251,BDSB,Pride5_Sense3
START,ComputeScalar3,Pride5_Sense3,3160185766888,BDSB,Pride5_Sense3
END,ComputeScalar3,Pride5_Sense3,3160202630490,BDSB,Pride5_Sense3
QUEUE,ComputeCosine,Pride5_Sense3,3160202887066,BDSB,Pride5_Sense3
START,ComputeCosine,Pride5_Sense3,3160202971107,BDSB,Pride5_Sense3
END,ComputeCosine,Pride5_Sense3,3160202994177,BDSB,Pride5_Sense3
START,Tokenize1,Pride5_Sense4,3201086139445,BDSB,Pride5_Sense4
START,Tokenize2,Pride5_Sense4,3201086185805,BDSB,Pride5_Sense4
END,Tokenize1,Pride5_Sense4,3201233848980,BDSB,Pride5_Sense4
QUEUE,Collect1,Pride5_Sense4,3201234974557,BDSB,Pride5_Sense4
START,Collect1,Pride5_Sense4,3201235030986,BDSB,Pride5_Sense4
END,Collect1,Pride5_Sense4,3201308812608,BDSB,Pride5_Sense4
QUEUE,ComputeScalar1,Pride5_Sense4,3201309325311,BDSB,Pride5_Sense4
START,ComputeScalar1,Pride5_Sense4,3201309368594,BDSB,Pride5_Sense4
END,Tokenize2,Pride5_Sense4,3201323341688,BDSB,Pride5_Sense4
QUEUE,Collect2,Pride5_Sense4,3201324091129,BDSB,Pride5_Sense4
START,Collect2,Pride5_Sense4,3201324666516,BDSB,Pride5_Sense4
END,ComputeScalar1,Pride5_Sense4,3201324091156,BDSB,Pride5_Sense4
END,Collect2,Pride5_Sense4,3201482358311,BDSB,Pride5_Sense4
QUEUE,ComputeScalar2,Pride5_Sense4,3201483027876,BDSB,Pride5_Sense4
START,ComputeScalar2,Pride5_Sense4,3201483089602,BDSB,Pride5_Sense4
QUEUE,ComputeScalar3,Pride5_Sense4,3201493202044,BDSB,Pride5_Sense4
START,ComputeScalar3,Pride5_Sense4,3201496177562,BDSB,Pride5_Sense4
END,ComputeScalar2,Pride5_Sense4,3201494871148,BDSB,Pride5_Sense4
END,ComputeScalar3,Pride5_Sense4,3201521408490,BDSB,Pride5_Sense4
QUEUE,ComputeCosine,Pride5_Sense4,3201521815163,BDSB,Pride5_Sense4
START,ComputeCosine,Pride5_Sense4,3201521921694,BDSB,Pride5_Sense4
END,ComputeCosine,Pride5_Sense4,3201521975623,BDSB,Pride5_Sense4
START,Tokenize1,Pride5_Sense5,3201589519115,BDSB,Pride5_Sense5
START,Tokenize2,Pride5_Sense5,3201589537888,BDSB,Pride5_Sense5
END,Tokenize2,Pride5_Sense5,3201815734788,BDSB,Pride5_Sense5
QUEUE,Collect2,Pride5_Sense5,3201822704811,BDSB,Pride5_Sense5
START,Collect2,Pride5_Sense5,3201822775154,BDSB,Pride5_Sense5
END,Tokenize1,Pride5_Sense5,3201894611722,BDSB,Pride5_Sense5
QUEUE,Collect1,Pride5_Sense5,3201903766225,BDSB,Pride5_Sense5
START,Collect1,Pride5_Sense5,3201903855872,BDSB,Pride5_Sense5
END,Collect2,Pride5_Sense5,3202023373477,BDSB,Pride5_Sense5
QUEUE,ComputeScalar3,Pride5_Sense5,3202023814035,BDSB,Pride5_Sense5
START,ComputeScalar3,Pride5_Sense5,3202023850230,BDSB,Pride5_Sense5
END,ComputeScalar3,Pride5_Sense5,3202068003445,BDSB,Pride5_Sense5
END,Collect1,Pride5_Sense5,3202077631157,BDSB,Pride5_Sense5
QUEUE,ComputeScalar1,Pride5_Sense5,3202077995789,BDSB,Pride5_Sense5
START,ComputeScalar1,Pride5_Sense5,3202078028989,BDSB,Pride5_Sense5
QUEUE,ComputeScalar2,Pride5_Sense5,3202101649303,BDSB,Pride5_Sense5
START,ComputeScalar2,Pride5_Sense5,3202101883555,BDSB,Pride5_Sense5
END,ComputeScalar1,Pride5_Sense5,3202128744571,BDSB,Pride5_Sense5
END,ComputeScalar2,Pride5_Sense5,3202131175119,BDSB,Pride5_Sense5
QUEUE,ComputeCosine,Pride5_Sense5,3202131663311,BDSB,Pride5_Sense5
START,ComputeCosine,Pride5_Sense5,3202131698858,BDSB,Pride5_Sense5
END,ComputeCosine,Pride5_Sense5,3202131722756,BDSB,Pride5_Sense5
START,Tokenize1,Pride5_Sense6,3202177229271,BDSB,Pride5_Sense6
START,Tokenize2,Pride5_Sense6,3202182445843,BDSB,Pride5_Sense6
END,Tokenize2,Pride5_Sense6,3202345036191,BDSB,Pride5_Sense6
QUEUE,Collect2,Pride5_Sense6,3202351887317,BDSB,Pride5_Sense6
START,Collect2,Pride5_Sense6,3202351976700,BDSB,Pride5_Sense6
END,Collect2,Pride5_Sense6,3202485771736,BDSB,Pride5_Sense6
QUEUE,ComputeScalar3,Pride5_Sense6,3202487135110,BDSB,Pride5_Sense6
START,ComputeScalar3,Pride5_Sense6,3202487170044,BDSB,Pride5_Sense6
END,ComputeScalar3,Pride5_Sense6,3202507634189,BDSB,Pride5_Sense6
END,Tokenize1,Pride5_Sense6,3202646972816,BDSB,Pride5_Sense6
QUEUE,Collect1,Pride5_Sense6,3202647741406,BDSB,Pride5_Sense6
START,Collect1,Pride5_Sense6,3202647776927,BDSB,Pride5_Sense6
END,Collect1,Pride5_Sense6,3202844541740,BDSB,Pride5_Sense6
QUEUE,ComputeScalar2,Pride5_Sense6,3202844788645,BDSB,Pride5_Sense6
QUEUE,ComputeScalar1,Pride5_Sense6,3202844809982,BDSB,Pride5_Sense6
START,ComputeScalar1,Pride5_Sense6,3202844895647,BDSB,Pride5_Sense6
START,ComputeScalar2,Pride5_Sense6,3202844813649,BDSB,Pride5_Sense6
END,ComputeScalar1,Pride5_Sense6,3202872493119,BDSB,Pride5_Sense6
END,ComputeScalar2,Pride5_Sense6,3202888923897,BDSB,Pride5_Sense6
QUEUE,ComputeCosine,Pride5_Sense6,3202889788688,BDSB,Pride5_Sense6
START,ComputeCosine,Pride5_Sense6,3202889847539,BDSB,Pride5_Sense6
END,ComputeCosine,Pride5_Sense6,3202889866750,BDSB,Pride5_Sense6
START,Tokenize1,Pride6_Sense1,3292644964485,BDSB,Pride6_Sense1
START,Tokenize2,Pride6_Sense1,3292648945455,BDSB,Pride6_Sense1
END,Tokenize1,Pride6_Sense1,3292702460863,BDSB,Pride6_Sense1
QUEUE,Collect1,Pride6_Sense1,3292713520814,BDSB,Pride6_Sense1
START,Collect1,Pride6_Sense1,3292713597816,BDSB,Pride6_Sense1
END,Collect1,Pride6_Sense1,3292730130381,BDSB,Pride6_Sense1
QUEUE,ComputeScalar1,Pride6_Sense1,3292739124323,BDSB,Pride6_Sense1
START,ComputeScalar1,Pride6_Sense1,3292739191131,BDSB,Pride6_Sense1
END,ComputeScalar1,Pride6_Sense1,3292741081797,BDSB,Pride6_Sense1
END,Tokenize2,Pride6_Sense1,3292883788706,BDSB,Pride6_Sense1
QUEUE,Collect2,Pride6_Sense1,3292884221202,BDSB,Pride6_Sense1
START,Collect2,Pride6_Sense1,3292884260521,BDSB,Pride6_Sense1
END,Collect2,Pride6_Sense1,3293012030813,BDSB,Pride6_Sense1
QUEUE,ComputeScalar2,Pride6_Sense1,3293012528235,BDSB,Pride6_Sense1
START,ComputeScalar2,Pride6_Sense1,3293012567615,BDSB,Pride6_Sense1
END,ComputeScalar2,Pride6_Sense1,3293014365119,BDSB,Pride6_Sense1
QUEUE,ComputeScalar3,Pride6_Sense1,3293015998265,BDSB,Pride6_Sense1
START,ComputeScalar3,Pride6_Sense1,3293016048038,BDSB,Pride6_Sense1
END,ComputeScalar3,Pride6_Sense1,3293047526283,BDSB,Pride6_Sense1
QUEUE,ComputeCosine,Pride6_Sense1,3293048351951,BDSB,Pride6_Sense1
START,ComputeCosine,Pride6_Sense1,3293048407106,BDSB,Pride6_Sense1
END,ComputeCosine,Pride6_Sense1,3293048541190,BDSB,Pride6_Sense1
START,Tokenize2,Pride6_Sense2,3293134415631,BDSB,Pride6_Sense2
START,Tokenize1,Pride6_Sense2,3293134422447,BDSB,Pride6_Sense2
END,Tokenize1,Pride6_Sense2,3293140213209,BDSB,Pride6_Sense2
QUEUE,Collect1,Pride6_Sense2,3293150145069,BDSB,Pride6_Sense2
START,Collect1,Pride6_Sense2,3293150242160,BDSB,Pride6_Sense2
END,Collect1,Pride6_Sense2,3293160766333,BDSB,Pride6_Sense2
QUEUE,ComputeScalar1,Pride6_Sense2,3293161347481,BDSB,Pride6_Sense2
START,ComputeScalar1,Pride6_Sense2,3293161403471,BDSB,Pride6_Sense2
END,ComputeScalar1,Pride6_Sense2,3293163532495,BDSB,Pride6_Sense2
END,Tokenize2,Pride6_Sense2,3293242263593,BDSB,Pride6_Sense2
QUEUE,Collect2,Pride6_Sense2,3293242661964,BDSB,Pride6_Sense2
START,Collect2,Pride6_Sense2,3293242763849,BDSB,Pride6_Sense2
END,Collect2,Pride6_Sense2,3293420312487,BDSB,Pride6_Sense2
QUEUE,ComputeScalar2,Pride6_Sense2,3293421012852,BDSB,Pride6_Sense2
START,ComputeScalar2,Pride6_Sense2,3293421067699,BDSB,Pride6_Sense2
END,ComputeScalar2,Pride6_Sense2,3293423414391,BDSB,Pride6_Sense2
QUEUE,ComputeScalar3,Pride6_Sense2,3293426903473,BDSB,Pride6_Sense2
START,ComputeScalar3,Pride6_Sense2,3293426960735,BDSB,Pride6_Sense2
END,ComputeScalar3,Pride6_Sense2,3293444694879,BDSB,Pride6_Sense2
QUEUE,ComputeCosine,Pride6_Sense2,3293444919188,BDSB,Pride6_Sense2
START,ComputeCosine,Pride6_Sense2,3293444963273,BDSB,Pride6_Sense2
END,ComputeCosine,Pride6_Sense2,3293444985683,BDSB,Pride6_Sense2
START,Tokenize1,Pride6_Sense3,3326652767713,BDSB,Pride6_Sense3
START,Tokenize2,Pride6_Sense3,3326658847332,BDSB,Pride6_Sense3
END,Tokenize1,Pride6_Sense3,3326752548088,BDSB,Pride6_Sense3
QUEUE,Collect1,Pride6_Sense3,3326755485530,BDSB,Pride6_Sense3
START,Collect1,Pride6_Sense3,3326755570682,BDSB,Pride6_Sense3
END,Collect1,Pride6_Sense3,3326836613272,BDSB,Pride6_Sense3
QUEUE,ComputeScalar1,Pride6_Sense3,3326839492891,BDSB,Pride6_Sense3
START,ComputeScalar1,Pride6_Sense3,3326839578188,BDSB,Pride6_Sense3
END,ComputeScalar1,Pride6_Sense3,3326857154949,BDSB,Pride6_Sense3
END,Tokenize2,Pride6_Sense3,3326924937489,BDSB,Pride6_Sense3
QUEUE,Collect2,Pride6_Sense3,3326925252873,BDSB,Pride6_Sense3
START,Collect2,Pride6_Sense3,3326925304170,BDSB,Pride6_Sense3
END,Collect2,Pride6_Sense3,3327076505853,BDSB,Pride6_Sense3
QUEUE,ComputeScalar2,Pride6_Sense3,3327077298513,BDSB,Pride6_Sense3
START,ComputeScalar2,Pride6_Sense3,3327077373149,BDSB,Pride6_Sense3
QUEUE,ComputeScalar3,Pride6_Sense3,3327092004124,BDSB,Pride6_Sense3
START,ComputeScalar3,Pride6_Sense3,3327092108500,BDSB,Pride6_Sense3
END,ComputeScalar2,Pride6_Sense3,3327106259327,BDSB,Pride6_Sense3
END,ComputeScalar3,Pride6_Sense3,3327143488941,BDSB,Pride6_Sense3
QUEUE,ComputeCosine,Pride6_Sense3,3327143723867,BDSB,Pride6_Sense3
START,ComputeCosine,Pride6_Sense3,3327143771043,BDSB,Pride6_Sense3
END,ComputeCosine,Pride6_Sense3,3327143945150,BDSB,Pride6_Sense3
START,Tokenize1,Pride6_Sense4,3327259312281,BDSB,Pride6_Sense4
START,Tokenize2,Pride6_Sense4,3327259325855,BDSB,Pride6_Sense4
END,Tokenize1,Pride6_Sense4,3327287132743,BDSB,Pride6_Sense4
QUEUE,Collect1,Pride6_Sense4,3327290234554,BDSB,Pride6_Sense4
START,Collect1,Pride6_Sense4,3327290288467,BDSB,Pride6_Sense4
END,Collect1,Pride6_Sense4,3327317959927,BDSB,Pride6_Sense4
QUEUE,ComputeScalar1,Pride6_Sense4,3327318258519,BDSB,Pride6_Sense4
START,ComputeScalar1,Pride6_Sense4,3327318303301,BDSB,Pride6_Sense4
END,ComputeScalar1,Pride6_Sense4,3327345116540,BDSB,Pride6_Sense4
END,Tokenize2,Pride6_Sense4,3327469473179,BDSB,Pride6_Sense4
QUEUE,Collect2,Pride6_Sense4,3327471715118,BDSB,Pride6_Sense4
START,Collect2,Pride6_Sense4,3327471765218,BDSB,Pride6_Sense4
END,Collect2,Pride6_Sense4,3327662780782,BDSB,Pride6_Sense4
QUEUE,ComputeScalar2,Pride6_Sense4,3327663213174,BDSB,Pride6_Sense4
START,ComputeScalar2,Pride6_Sense4,3327663263803,BDSB,Pride6_Sense4
QUEUE,ComputeScalar3,Pride6_Sense4,3327670716691,BDSB,Pride6_Sense4
START,ComputeScalar3,Pride6_Sense4,3327670792305,BDSB,Pride6_Sense4
END,ComputeScalar2,Pride6_Sense4,3327679633760,BDSB,Pride6_Sense4
END,ComputeScalar3,Pride6_Sense4,3327702433154,BDSB,Pride6_Sense4
QUEUE,ComputeCosine,Pride6_Sense4,3327707308010,BDSB,Pride6_Sense4
START,ComputeCosine,Pride6_Sense4,3327707340888,BDSB,Pride6_Sense4
END,ComputeCosine,Pride6_Sense4,3327707362156,BDSB,Pride6_Sense4
START,Tokenize1,Pride6_Sense5,3367898672772,BDSB,Pride6_Sense5
START,Tokenize2,Pride6_Sense5,3367904265317,BDSB,Pride6_Sense5
END,Tokenize1,Pride6_Sense5,3368152612022,BDSB,Pride6_Sense5
QUEUE,Collect1,Pride6_Sense5,3368156289803,BDSB,Pride6_Sense5
START,Collect1,Pride6_Sense5,3368156390106,BDSB,Pride6_Sense5
END,Collect1,Pride6_Sense5,3368275512631,BDSB,Pride6_Sense5
QUEUE,ComputeScalar1,Pride6_Sense5,3368278388915,BDSB,Pride6_Sense5
START,ComputeScalar1,Pride6_Sense5,3368278436230,BDSB,Pride6_Sense5
END,Tokenize2,Pride6_Sense5,3368291170080,BDSB,Pride6_Sense5
QUEUE,Collect2,Pride6_Sense5,3368297369216,BDSB,Pride6_Sense5
START,Collect2,Pride6_Sense5,3368297434532,BDSB,Pride6_Sense5
END,ComputeScalar1,Pride6_Sense5,3368299782357,BDSB,Pride6_Sense5
END,Collect2,Pride6_Sense5,3368501691112,BDSB,Pride6_Sense5
QUEUE,ComputeScalar2,Pride6_Sense5,3368502197159,BDSB,Pride6_Sense5
START,ComputeScalar2,Pride6_Sense5,3368502238975,BDSB,Pride6_Sense5
QUEUE,ComputeScalar3,Pride6_Sense5,3368510510367,BDSB,Pride6_Sense5
START,ComputeScalar3,Pride6_Sense5,3368510602958,BDSB,Pride6_Sense5
END,ComputeScalar2,Pride6_Sense5,3368542122362,BDSB,Pride6_Sense5
END,ComputeScalar3,Pride6_Sense5,3368546874729,BDSB,Pride6_Sense5
QUEUE,ComputeCosine,Pride6_Sense5,3368547415624,BDSB,Pride6_Sense5
START,ComputeCosine,Pride6_Sense5,3368547470307,BDSB,Pride6_Sense5
END,ComputeCosine,Pride6_Sense5,3368547518251,BDSB,Pride6_Sense5
START,Tokenize1,Pride6_Sense6,3368640493446,BDSB,Pride6_Sense6
START,Tokenize2,Pride6_Sense6,3368672323736,BDSB,Pride6_Sense6
END,Tokenize1,Pride6_Sense6,3368889562595,BDSB,Pride6_Sense6
QUEUE,Collect1,Pride6_Sense6,3368902278115,BDSB,Pride6_Sense6
START,Collect1,Pride6_Sense6,3368902440603,BDSB,Pride6_Sense6
END,Tokenize2,Pride6_Sense6,3368964850485,BDSB,Pride6_Sense6
QUEUE,Collect2,Pride6_Sense6,3368967714556,BDSB,Pride6_Sense6
START,Collect2,Pride6_Sense6,3368967772544,BDSB,Pride6_Sense6
END,Collect1,Pride6_Sense6,3369145782804,BDSB,Pride6_Sense6
QUEUE,ComputeScalar1,Pride6_Sense6,3369146047721,BDSB,Pride6_Sense6
START,ComputeScalar1,Pride6_Sense6,3369146083860,BDSB,Pride6_Sense6
END,Collect2,Pride6_Sense6,3369166271221,BDSB,Pride6_Sense6
QUEUE,ComputeScalar2,Pride6_Sense6,3369166670108,BDSB,Pride6_Sense6
START,ComputeScalar2,Pride6_Sense6,3369166708897,BDSB,Pride6_Sense6
QUEUE,ComputeScalar3,Pride6_Sense6,3369194856011,BDSB,Pride6_Sense6
START,ComputeScalar3,Pride6_Sense6,3369194953839,BDSB,Pride6_Sense6
END,ComputeScalar1,Pride6_Sense6,3369266557279,BDSB,Pride6_Sense6
END,ComputeScalar3,Pride6_Sense6,3369314168639,BDSB,Pride6_Sense6
END,ComputeScalar2,Pride6_Sense6,3369320892426,BDSB,Pride6_Sense6
QUEUE,ComputeCosine,Pride6_Sense6,3369322085368,BDSB,Pride6_Sense6
START,ComputeCosine,Pride6_Sense6,3369322143259,BDSB,Pride6_Sense6
END,ComputeCosine,Pride6_Sense6,3369322167682,BDSB,Pride6_Sense6
