kind,name,id,time,team,combination_id
Start,Tokenize,Sense1,387726076747116,The_Whispering_Squids,1
Start,Tokenize,Pride1,387726076746035,The_Whispering_Squids,1
End,Tokenize,Sense1,387726131661411,The_Whispering_Squids,1
Start,Collect,Sense1,387726131861582,The_Whispering_Squids,1
Start,ComputeScalar,Sense1,387726139925760,The_Whispering_Squids,1
End,Collect,Sense1,387726142648420,The_Whispering_Squids,1
End,ComputeScalar,Sense1,387726143272731,The_Whispering_Squids,1
End,Tokenize,Pride1,387726151783180,The_Whispering_Squids,1
Start,Collect,Pride1,387726151956357,The_Whispering_Squids,1
End,Collect,Pride1,387726166557795,The_Whispering_Squids,1
Start,ComputeScalar,Pride1,387726167195239,The_Whispering_Squids,1
Start,ComputeScalar,Pride1_Sense1,387726167293362,The_Whispering_Squids,1
End,ComputeScalar,Pride1,387726170492815,The_Whispering_Squids,1
End,ComputeScalar,Pride1_Sense1,387726170560545,The_Whispering_Squids,1
Start,ComputeCosine,Pride1_Sense1,387726170947332,The_Whispering_Squids,1
End,ComputeCosine,Pride1_Sense1,387726172368451,The_Whispering_Squids,1
Start,Tokenize,Pride1,387726212859822,The_Whispering_Squids,2
Start,Tokenize,Sense2,387726213280365,The_Whispering_Squids,2
End,Tokenize,Pride1,387726231462140,The_Whispering_Squids,2
Start,Collect,Pride1,387726231535909,The_Whispering_Squids,2
End,Tokenize,Sense2,387726235234561,The_Whispering_Squids,2
Start,Collect,Sense2,387726235412176,The_Whispering_Squids,2
End,Collect,Pride1,387726237639314,The_Whispering_Squids,2
Start,ComputeScalar,Pride1,387726237920400,The_Whispering_Squids,2
End,ComputeScalar,Pride1,387726239424386,The_Whispering_Squids,2
End,Collect,Sense2,387726247158312,The_Whispering_Squids,2
Start,ComputeScalar,Sense2,387726247264605,The_Whispering_Squids,2
Start,ComputeScalar,Pride1_Sense2,387726247306571,The_Whispering_Squids,2
End,ComputeScalar,Pride1_Sense2,387726249406834,The_Whispering_Squids,2
End,ComputeScalar,Sense2,387726249484340,The_Whispering_Squids,2
Start,ComputeCosine,Pride1_Sense2,387726249573552,The_Whispering_Squids,2
End,ComputeCosine,Pride1_Sense2,387726249629625,The_Whispering_Squids,2
Start,Tokenize,Pride1,387726277272222,The_Whispering_Squids,3
Start,Tokenize,Sense3,387726277308992,The_Whispering_Squids,3
End,Tokenize,Pride1,387726290767930,The_Whispering_Squids,3
Start,Collect,Pride1,387726290858745,The_Whispering_Squids,3
End,Collect,Pride1,387726296795005,The_Whispering_Squids,3
Start,ComputeScalar,Pride1,387726297118085,The_Whispering_Squids,3
End,ComputeScalar,Pride1,387726298704222,The_Whispering_Squids,3
End,Tokenize,Sense3,387726305375602,The_Whispering_Squids,3
Start,Collect,Sense3,387726305866161,The_Whispering_Squids,3
End,Collect,Sense3,387726347137202,The_Whispering_Squids,3
Start,ComputeScalar,Sense3,387726347303254,The_Whispering_Squids,3
Start,ComputeScalar,Pride1_Sense3,387726347287979,The_Whispering_Squids,3
End,ComputeScalar,Sense3,387726359257062,The_Whispering_Squids,3
End,ComputeScalar,Pride1_Sense3,387726359315055,The_Whispering_Squids,3
Start,ComputeCosine,Pride1_Sense3,387726359723814,The_Whispering_Squids,3
End,ComputeCosine,Pride1_Sense3,387726359925392,The_Whispering_Squids,3
Start,Tokenize,Pride1,387726497287004,The_Whispering_Squids,4
Start,Tokenize,Sense4,387726497327321,The_Whispering_Squids,4
End,Tokenize,Pride1,387726532866135,The_Whispering_Squids,4
Start,Collect,Pride1,387726533087225,The_Whispering_Squids,4
End,Collect,Pride1,387726540434871,The_Whispering_Squids,4
Start,ComputeScalar,Pride1,387726540555617,The_Whispering_Squids,4
End,ComputeScalar,Pride1,387726542020295,The_Whispering_Squids,4
End,Tokenize,Sense4,387726591912461,The_Whispering_Squids,4
Start,Collect,Sense4,387726592090397,The_Whispering_Squids,4
Start,ComputeScalar,Sense4,387726655716129,The_Whispering_Squids,4
End,Collect,Sense4,387726659194299,The_Whispering_Squids,4
Start,ComputeScalar,Pride1_Sense4,387726659495465,The_Whispering_Squids,4
End,ComputeScalar,Pride1_Sense4,387726676801482,The_Whispering_Squids,4
End,ComputeScalar,Sense4,387726679918471,The_Whispering_Squids,4
Start,ComputeCosine,Pride1_Sense4,387726680503209,The_Whispering_Squids,4
End,ComputeCosine,Pride1_Sense4,387726680774855,The_Whispering_Squids,4
Start,Tokenize,Pride1,387726737537890,The_Whispering_Squids,5
Start,Tokenize,Sense5,387726737611375,The_Whispering_Squids,5
End,Tokenize,Pride1,387726748778680,The_Whispering_Squids,5
Start,Collect,Pride1,387726749038675,The_Whispering_Squids,5
Start,ComputeScalar,Pride1,387726755043295,The_Whispering_Squids,5
End,Collect,Pride1,387726755085280,The_Whispering_Squids,5
End,ComputeScalar,Pride1,387726873557648,The_Whispering_Squids,5
End,Tokenize,Sense5,387726898048096,The_Whispering_Squids,5
Start,Collect,Sense5,387726898243750,The_Whispering_Squids,5
End,Collect,Sense5,387726996561161,The_Whispering_Squids,5
Start,ComputeScalar,Pride1_Sense5,387726996804681,The_Whispering_Squids,5
Start,ComputeScalar,Sense5,387726997289092,The_Whispering_Squids,5
End,ComputeScalar,Pride1_Sense5,387727009608905,The_Whispering_Squids,5
End,ComputeScalar,Sense5,387727049929913,The_Whispering_Squids,5
Start,ComputeCosine,Pride1_Sense5,387727050089530,The_Whispering_Squids,5
End,ComputeCosine,Pride1_Sense5,387727050169798,The_Whispering_Squids,5
Start,Tokenize,Pride1,387727147224036,The_Whispering_Squids,6
Start,Tokenize,Sense6,387727147475463,The_Whispering_Squids,6
End,Tokenize,Pride1,387727150996057,The_Whispering_Squids,6
Start,Collect,Pride1,387727151191383,The_Whispering_Squids,6
End,Collect,Pride1,387727154289160,The_Whispering_Squids,6
Start,ComputeScalar,Pride1,387727154547841,The_Whispering_Squids,6
End,ComputeScalar,Pride1,387727155367621,The_Whispering_Squids,6
End,Tokenize,Sense6,387727423026576,The_Whispering_Squids,6
Start,Collect,Sense6,387727423097845,The_Whispering_Squids,6
Start,ComputeScalar,Pride1_Sense6,387727500111572,The_Whispering_Squids,6
Start,ComputeScalar,Sense6,387727500665033,The_Whispering_Squids,6
End,Collect,Sense6,387727505847594,The_Whispering_Squids,6
End,ComputeScalar,Pride1_Sense6,387727509386541,The_Whispering_Squids,6
End,ComputeScalar,Sense6,387727512238762,The_Whispering_Squids,6
Start,ComputeCosine,Pride1_Sense6,387727512429937,The_Whispering_Squids,6
End,ComputeCosine,Pride1_Sense6,387727512534779,The_Whispering_Squids,6
Start,Tokenize,Pride2,387727542001659,The_Whispering_Squids,7
Start,Tokenize,Sense1,387727542215747,The_Whispering_Squids,7
End,Tokenize,Sense1,387727546695291,The_Whispering_Squids,7
Start,Collect,Sense1,387727546776962,The_Whispering_Squids,7
End,Tokenize,Pride2,387727548019589,The_Whispering_Squids,7
Start,Collect,Pride2,387727548094551,The_Whispering_Squids,7
End,Collect,Sense1,387727549267992,The_Whispering_Squids,7
Start,ComputeScalar,Sense1,387727549311528,The_Whispering_Squids,7
End,ComputeScalar,Sense1,387727550037317,The_Whispering_Squids,7
End,Collect,Pride2,387727553850066,The_Whispering_Squids,7
Start,ComputeScalar,Pride2_Sense1,387727553929924,The_Whispering_Squids,7
Start,ComputeScalar,Pride2,387727553940139,The_Whispering_Squids,7
End,ComputeScalar,Pride2,387727555266163,The_Whispering_Squids,7
End,ComputeScalar,Pride2_Sense1,387727555283269,The_Whispering_Squids,7
Start,ComputeCosine,Pride2_Sense1,387727555380151,The_Whispering_Squids,7
End,ComputeCosine,Pride2_Sense1,387727555439274,The_Whispering_Squids,7
Start,Tokenize,Pride2,387727584359518,The_Whispering_Squids,8
Start,Tokenize,Sense2,387727584417262,The_Whispering_Squids,8
End,Tokenize,Sense2,387727590460139,The_Whispering_Squids,8
Start,Collect,Sense2,387727590523656,The_Whispering_Squids,8
End,Tokenize,Pride2,387727591255259,The_Whispering_Squids,8
Start,Collect,Pride2,387727591504552,The_Whispering_Squids,8
Start,ComputeScalar,Sense2,387727594673538,The_Whispering_Squids,8
End,Collect,Sense2,387727594680836,The_Whispering_Squids,8
End,ComputeScalar,Sense2,387727596403146,The_Whispering_Squids,8
End,Collect,Pride2,387727597301633,The_Whispering_Squids,8
Start,ComputeScalar,Pride2_Sense2,387727597335111,The_Whispering_Squids,8
Start,ComputeScalar,Pride2,387727597312682,The_Whispering_Squids,8
End,ComputeScalar,Pride2_Sense2,387727599012912,The_Whispering_Squids,8
End,ComputeScalar,Pride2,387727599100816,The_Whispering_Squids,8
Start,ComputeCosine,Pride2_Sense2,387727599190081,The_Whispering_Squids,8
End,ComputeCosine,Pride2_Sense2,387727599244221,The_Whispering_Squids,8
Start,Tokenize,Pride2,387727621324722,The_Whispering_Squids,9
Start,Tokenize,Sense3,387727622562771,The_Whispering_Squids,9
End,Tokenize,Pride2,387727626226797,The_Whispering_Squids,9
Start,Collect,Pride2,387727626279749,The_Whispering_Squids,9
Start,Collect,Sense3,387727631094103,The_Whispering_Squids,9
End,Tokenize,Sense3,387727631807412,The_Whispering_Squids,9
End,Collect,Pride2,387727632460264,The_Whispering_Squids,9
Start,ComputeScalar,Pride2,387727632819131,The_Whispering_Squids,9
End,ComputeScalar,Pride2,387727634254491,The_Whispering_Squids,9
Start,ComputeScalar,Pride2_Sense3,387727687665886,The_Whispering_Squids,9
End,Collect,Sense3,387727687719867,The_Whispering_Squids,9
Start,ComputeScalar,Sense3,387727687688622,The_Whispering_Squids,9
End,ComputeScalar,Pride2_Sense3,387727690622712,The_Whispering_Squids,9
End,ComputeScalar,Sense3,387727692553681,The_Whispering_Squids,9
Start,ComputeCosine,Pride2_Sense3,387727693234278,The_Whispering_Squids,9
End,ComputeCosine,Pride2_Sense3,387727693422801,The_Whispering_Squids,9
Start,Tokenize,Pride2,387727843763313,The_Whispering_Squids,10
Start,Tokenize,Sense4,387727843899319,The_Whispering_Squids,10
End,Tokenize,Pride2,387727849774683,The_Whispering_Squids,10
Start,Collect,Pride2,387727849950134,The_Whispering_Squids,10
Start,ComputeScalar,Pride2,387727855038638,The_Whispering_Squids,10
End,Collect,Pride2,387727855214757,The_Whispering_Squids,10
End,ComputeScalar,Pride2,387727856099201,The_Whispering_Squids,10
End,Tokenize,Sense4,387727859804631,The_Whispering_Squids,10
Start,Collect,Sense4,387727859936579,The_Whispering_Squids,10
Start,ComputeScalar,Pride2_Sense4,387727883614691,The_Whispering_Squids,10
End,Collect,Sense4,387727883556574,The_Whispering_Squids,10
Start,ComputeScalar,Sense4,387727883661872,The_Whispering_Squids,10
End,ComputeScalar,Pride2_Sense4,387727892716214,The_Whispering_Squids,10
End,ComputeScalar,Sense4,387727892763678,The_Whispering_Squids,10
Start,ComputeCosine,Pride2_Sense4,387727893017083,The_Whispering_Squids,10
End,ComputeCosine,Pride2_Sense4,387727893515221,The_Whispering_Squids,10
Start,Tokenize,Pride2,387727969450311,The_Whispering_Squids,11
Start,Tokenize,Sense5,387727970805757,The_Whispering_Squids,11
End,Tokenize,Pride2,387727979173584,The_Whispering_Squids,11
Start,Collect,Pride2,387727979975452,The_Whispering_Squids,11
End,Collect,Pride2,387727989440339,The_Whispering_Squids,11
Start,ComputeScalar,Pride2,387727989688334,The_Whispering_Squids,11
End,ComputeScalar,Pride2,387727990888537,The_Whispering_Squids,11
End,Tokenize,Sense5,387728017805936,The_Whispering_Squids,11
Start,Collect,Sense5,387728017854327,The_Whispering_Squids,11
End,Collect,Sense5,387728056750909,The_Whispering_Squids,11
Start,ComputeScalar,Sense5,387728056833513,The_Whispering_Squids,11
Start,ComputeScalar,Pride2_Sense5,387728056876216,The_Whispering_Squids,11
End,ComputeScalar,Sense5,387728061369131,The_Whispering_Squids,11
End,ComputeScalar,Pride2_Sense5,387728061384749,The_Whispering_Squids,11
Start,ComputeCosine,Pride2_Sense5,387728061492136,The_Whispering_Squids,11
End,ComputeCosine,Pride2_Sense5,387728061614783,The_Whispering_Squids,11
Start,Tokenize,Pride2,387728204082482,The_Whispering_Squids,12
Start,Tokenize,Sense6,387728204221799,The_Whispering_Squids,12
End,Tokenize,Pride2,387728208641480,The_Whispering_Squids,12
Start,Collect,Pride2,387728208882182,The_Whispering_Squids,12
End,Collect,Pride2,387728228985572,The_Whispering_Squids,12
Start,ComputeScalar,Pride2,387728229648698,The_Whispering_Squids,12
End,ComputeScalar,Pride2,387728230624902,The_Whispering_Squids,12
End,Tokenize,Sense6,387728353146619,The_Whispering_Squids,12
Start,Collect,Sense6,387728353348332,The_Whispering_Squids,12
Start,ComputeScalar,Pride2_Sense6,387728645182173,The_Whispering_Squids,12
Start,ComputeScalar,Sense6,387728645245160,The_Whispering_Squids,12
End,Collect,Sense6,387728649950576,The_Whispering_Squids,12
End,ComputeScalar,Pride2_Sense6,387728656343979,The_Whispering_Squids,12
End,ComputeScalar,Sense6,387728656859188,The_Whispering_Squids,12
Start,ComputeCosine,Pride2_Sense6,387728656975462,The_Whispering_Squids,12
End,ComputeCosine,Pride2_Sense6,387728657031812,The_Whispering_Squids,12
Start,Tokenize,Pride3,387728716701467,The_Whispering_Squids,13
Start,Tokenize,Sense1,387728716789019,The_Whispering_Squids,13
End,Tokenize,Sense1,387728718863160,The_Whispering_Squids,13
Start,Collect,Sense1,387728718931999,The_Whispering_Squids,13
End,Collect,Sense1,387728720607202,The_Whispering_Squids,13
Start,ComputeScalar,Sense1,387728720876415,The_Whispering_Squids,13
End,ComputeScalar,Sense1,387728721431537,The_Whispering_Squids,13
End,Tokenize,Pride3,387728724796449,The_Whispering_Squids,13
Start,Collect,Pride3,387728724844935,The_Whispering_Squids,13
End,Collect,Pride3,387728731290872,The_Whispering_Squids,13
Start,ComputeScalar,Pride3,387728731362493,The_Whispering_Squids,13
Start,ComputeScalar,Pride3_Sense1,387728731391574,The_Whispering_Squids,13
End,ComputeScalar,Pride3_Sense1,387728732682559,The_Whispering_Squids,13
End,ComputeScalar,Pride3,387728732676217,The_Whispering_Squids,13
Start,ComputeCosine,Pride3_Sense1,387728732756313,The_Whispering_Squids,13
End,ComputeCosine,Pride3_Sense1,387728732816460,The_Whispering_Squids,13
Start,Tokenize,Pride3,387728750939820,The_Whispering_Squids,14
Start,Tokenize,Sense2,387728750960523,The_Whispering_Squids,14
End,Tokenize,Sense2,387728756420540,The_Whispering_Squids,14
Start,Collect,Sense2,387728756531495,The_Whispering_Squids,14
End,Collect,Sense2,387728759603439,The_Whispering_Squids,14
Start,ComputeScalar,Sense2,387728759908094,The_Whispering_Squids,14
End,Tokenize,Pride3,387728760093187,The_Whispering_Squids,14
Start,Collect,Pride3,387728760153503,The_Whispering_Squids,14
End,ComputeScalar,Sense2,387728761985204,The_Whispering_Squids,14
End,Collect,Pride3,387728766090377,The_Whispering_Squids,14
Start,ComputeScalar,Pride3_Sense2,387728766127309,The_Whispering_Squids,14
Start,ComputeScalar,Pride3,387728766142344,The_Whispering_Squids,14
End,ComputeScalar,Pride3_Sense2,387728767537770,The_Whispering_Squids,14
End,ComputeScalar,Pride3,387728767585522,The_Whispering_Squids,14
Start,ComputeCosine,Pride3_Sense2,387728767646069,The_Whispering_Squids,14
End,ComputeCosine,Pride3_Sense2,387728767692962,The_Whispering_Squids,14
Start,Tokenize,Pride3,387728786091334,The_Whispering_Squids,15
Start,Tokenize,Sense3,387728786762581,The_Whispering_Squids,15
End,Tokenize,Pride3,387728793631289,The_Whispering_Squids,15
Start,Collect,Pride3,387728793680018,The_Whispering_Squids,15
End,Tokenize,Sense3,387728793855950,The_Whispering_Squids,15
Start,Collect,Sense3,387728793878599,The_Whispering_Squids,15
End,Collect,Sense3,387728799378323,The_Whispering_Squids,15
Start,ComputeScalar,Sense3,387728799409545,The_Whispering_Squids,15
End,Collect,Pride3,387728799728664,The_Whispering_Squids,15
Start,ComputeScalar,Pride3_Sense3,387728799769980,The_Whispering_Squids,15
Start,ComputeScalar,Pride3,387728799772838,The_Whispering_Squids,15
End,ComputeScalar,Sense3,387728801072501,The_Whispering_Squids,15
End,ComputeScalar,Pride3,387728801086118,The_Whispering_Squids,15
End,ComputeScalar,Pride3_Sense3,387728801072501,The_Whispering_Squids,15
Start,ComputeCosine,Pride3_Sense3,387728801240946,The_Whispering_Squids,15
End,ComputeCosine,Pride3_Sense3,387728801402829,The_Whispering_Squids,15
Start,Tokenize,Pride3,387728834211694,The_Whispering_Squids,16
Start,Tokenize,Sense4,387728836143448,The_Whispering_Squids,16
End,Tokenize,Pride3,387728842074164,The_Whispering_Squids,16
Start,Collect,Pride3,387728842124659,The_Whispering_Squids,16
End,Collect,Pride3,387728848250035,The_Whispering_Squids,16
Start,ComputeScalar,Pride3,387728848533258,The_Whispering_Squids,16
End,ComputeScalar,Pride3,387728850792011,The_Whispering_Squids,16
End,Tokenize,Sense4,387728852413496,The_Whispering_Squids,16
Start,Collect,Sense4,387728852515470,The_Whispering_Squids,16
End,Collect,Sense4,387728865129035,The_Whispering_Squids,16
Start,ComputeScalar,Sense4,387728865198301,The_Whispering_Squids,16
Start,ComputeScalar,Pride3_Sense4,387728865182338,The_Whispering_Squids,16
End,ComputeScalar,Sense4,387728867999350,The_Whispering_Squids,16
End,ComputeScalar,Pride3_Sense4,387728867999413,The_Whispering_Squids,16
Start,ComputeCosine,Pride3_Sense4,387728868172429,The_Whispering_Squids,16
End,ComputeCosine,Pride3_Sense4,387728868214893,The_Whispering_Squids,16
Start,Tokenize,Pride3,387729025459123,The_Whispering_Squids,17
Start,Tokenize,Sense5,387729025570560,The_Whispering_Squids,17
End,Tokenize,Pride3,387729034147040,The_Whispering_Squids,17
Start,Collect,Pride3,387729034189969,The_Whispering_Squids,17
End,Collect,Pride3,387729040381826,The_Whispering_Squids,17
Start,ComputeScalar,Pride3,387729040460556,The_Whispering_Squids,17
End,ComputeScalar,Pride3,387729042177800,The_Whispering_Squids,17
End,Tokenize,Sense5,387729056576798,The_Whispering_Squids,17
Start,Collect,Sense5,387729056662861,The_Whispering_Squids,17
End,Collect,Sense5,387729085982094,The_Whispering_Squids,17
Start,ComputeScalar,Pride3_Sense5,387729086053451,The_Whispering_Squids,17
Start,ComputeScalar,Sense5,387729086066028,The_Whispering_Squids,17
End,ComputeScalar,Pride3_Sense5,387729090552409,The_Whispering_Squids,17
End,ComputeScalar,Sense5,387729090709770,The_Whispering_Squids,17
Start,ComputeCosine,Pride3_Sense5,387729090747055,The_Whispering_Squids,17
End,ComputeCosine,Pride3_Sense5,387729090793021,The_Whispering_Squids,17
Start,Tokenize,Pride3,387729108374915,The_Whispering_Squids,18
Start,Tokenize,Sense6,387729108422143,The_Whispering_Squids,18
End,Tokenize,Pride3,387729143055223,The_Whispering_Squids,18
Start,Collect,Pride3,387729143105950,The_Whispering_Squids,18
Start,ComputeScalar,Pride3,387729148909778,The_Whispering_Squids,18
End,Collect,Pride3,387729149095654,The_Whispering_Squids,18
End,ComputeScalar,Pride3,387729150552830,The_Whispering_Squids,18
End,Tokenize,Sense6,387729226738935,The_Whispering_Squids,18
Start,Collect,Sense6,387729226919364,The_Whispering_Squids,18
Start,ComputeScalar,Pride3_Sense6,387729429391150,The_Whispering_Squids,18
Start,ComputeScalar,Sense6,387729429402388,The_Whispering_Squids,18
End,Collect,Sense6,387729431682884,The_Whispering_Squids,18
End,ComputeScalar,Pride3_Sense6,387729438684900,The_Whispering_Squids,18
End,ComputeScalar,Sense6,387729441087375,The_Whispering_Squids,18
Start,ComputeCosine,Pride3_Sense6,387729441193390,The_Whispering_Squids,18
End,ComputeCosine,Pride3_Sense6,387729441239525,The_Whispering_Squids,18
Start,Tokenize,Pride4,387729468167494,The_Whispering_Squids,19
Start,Tokenize,Sense1,387729468388911,The_Whispering_Squids,19
End,Tokenize,Sense1,387729471324311,The_Whispering_Squids,19
Start,Collect,Sense1,387729471463930,The_Whispering_Squids,19
End,Collect,Sense1,387729477074779,The_Whispering_Squids,19
Start,ComputeScalar,Sense1,387729478552862,The_Whispering_Squids,19
End,ComputeScalar,Sense1,387729481248934,The_Whispering_Squids,19
End,Tokenize,Pride4,387729489567021,The_Whispering_Squids,19
Start,Collect,Pride4,387729489620322,The_Whispering_Squids,19
End,Collect,Pride4,387729503211801,The_Whispering_Squids,19
Start,ComputeScalar,Pride4_Sense1,387729503254181,The_Whispering_Squids,19
Start,ComputeScalar,Pride4,387729503254109,The_Whispering_Squids,19
End,ComputeScalar,Pride4_Sense1,387729505528076,The_Whispering_Squids,19
End,ComputeScalar,Pride4,387729505537404,The_Whispering_Squids,19
Start,ComputeCosine,Pride4_Sense1,387729505605296,The_Whispering_Squids,19
End,ComputeCosine,Pride4_Sense1,387729505671589,The_Whispering_Squids,19
Start,Tokenize,Pride4,387729549038902,The_Whispering_Squids,20
Start,Tokenize,Sense2,387729550464862,The_Whispering_Squids,20
End,Tokenize,Sense2,387729554309519,The_Whispering_Squids,20
Start,Collect,Sense2,387729554357474,The_Whispering_Squids,20
Start,ComputeScalar,Sense2,387729557387390,The_Whispering_Squids,20
End,Collect,Sense2,387729557573474,The_Whispering_Squids,20
End,ComputeScalar,Sense2,387729558383030,The_Whispering_Squids,20
End,Tokenize,Pride4,387729564736404,The_Whispering_Squids,20
Start,Collect,Pride4,387729564779595,The_Whispering_Squids,20
End,Collect,Pride4,387729578072001,The_Whispering_Squids,20
Start,ComputeScalar,Pride4_Sense2,387729578119551,The_Whispering_Squids,20
Start,ComputeScalar,Pride4,387729578344670,The_Whispering_Squids,20
End,ComputeScalar,Pride4_Sense2,387729580805746,The_Whispering_Squids,20
End,ComputeScalar,Pride4,387729580829889,The_Whispering_Squids,20
Start,ComputeCosine,Pride4_Sense2,387729580911020,The_Whispering_Squids,20
End,ComputeCosine,Pride4_Sense2,387729580981875,The_Whispering_Squids,20
Start,Tokenize,Pride4,387729598490312,The_Whispering_Squids,21
Start,Tokenize,Sense3,387729598542531,The_Whispering_Squids,21
End,Tokenize,Sense3,387729606281077,The_Whispering_Squids,21
Start,Collect,Sense3,387729606392954,The_Whispering_Squids,21
Start,ComputeScalar,Sense3,387729612040616,The_Whispering_Squids,21
End,ComputeScalar,Sense3,387729614043691,The_Whispering_Squids,21
End,Collect,Sense3,387729614381236,The_Whispering_Squids,21
End,Tokenize,Pride4,387729614594900,The_Whispering_Squids,21
Start,Collect,Pride4,387729614637494,The_Whispering_Squids,21
End,Collect,Pride4,387729628631479,The_Whispering_Squids,21
Start,ComputeScalar,Pride4,387729628756059,The_Whispering_Squids,21
Start,ComputeScalar,Pride4_Sense3,387729628753879,The_Whispering_Squids,21
End,ComputeScalar,Pride4,387729631344450,The_Whispering_Squids,21
Start,ComputeCosine,Pride4_Sense3,387729631423722,The_Whispering_Squids,21
End,ComputeScalar,Pride4_Sense3,387729631381154,The_Whispering_Squids,21
End,ComputeCosine,Pride4_Sense3,387729631463189,The_Whispering_Squids,21
Start,Tokenize,Pride4,387729655506130,The_Whispering_Squids,22
Start,Tokenize,Sense4,387729659748930,The_Whispering_Squids,22
End,Tokenize,Pride4,387729684381734,The_Whispering_Squids,22
Start,Collect,Pride4,387729684421342,The_Whispering_Squids,22
Start,Collect,Sense4,387729692514230,The_Whispering_Squids,22
End,Tokenize,Sense4,387729692469231,The_Whispering_Squids,22
End,Collect,Pride4,387729731436194,The_Whispering_Squids,22
Start,ComputeScalar,Pride4,387729731926214,The_Whispering_Squids,22
End,ComputeScalar,Pride4,387729735887092,The_Whispering_Squids,22
End,Collect,Sense4,387729736464172,The_Whispering_Squids,22
Start,ComputeScalar,Sense4,387729736554981,The_Whispering_Squids,22
Start,ComputeScalar,Pride4_Sense4,387729736536432,The_Whispering_Squids,22
End,ComputeScalar,Pride4_Sense4,387729745450686,The_Whispering_Squids,22
End,ComputeScalar,Sense4,387729745727275,The_Whispering_Squids,22
Start,ComputeCosine,Pride4_Sense4,387729745743995,The_Whispering_Squids,22
End,ComputeCosine,Pride4_Sense4,387729745990966,The_Whispering_Squids,22
Start,Tokenize,Pride4,387729826032732,The_Whispering_Squids,23
Start,Tokenize,Sense5,387729826098279,The_Whispering_Squids,23
End,Tokenize,Pride4,387729872604206,The_Whispering_Squids,23
Start,Collect,Pride4,387729872644081,The_Whispering_Squids,23
Start,Collect,Sense5,387729900305732,The_Whispering_Squids,23
End,Tokenize,Sense5,387729900337759,The_Whispering_Squids,23
Start,ComputeScalar,Pride4,387729901846942,The_Whispering_Squids,23
End,Collect,Pride4,387729902024234,The_Whispering_Squids,23
End,ComputeScalar,Pride4,387729904987315,The_Whispering_Squids,23
End,Collect,Sense5,387730023530104,The_Whispering_Squids,23
Start,ComputeScalar,Sense5,387730023587942,The_Whispering_Squids,23
Start,ComputeScalar,Pride4_Sense5,387730023596722,The_Whispering_Squids,23
End,ComputeScalar,Pride4_Sense5,387730028434372,The_Whispering_Squids,23
End,ComputeScalar,Sense5,387730028495187,The_Whispering_Squids,23
Start,ComputeCosine,Pride4_Sense5,387730028517379,The_Whispering_Squids,23
End,ComputeCosine,Pride4_Sense5,387730028561271,The_Whispering_Squids,23
Start,Tokenize,Pride4,387730106566536,The_Whispering_Squids,24
Start,Tokenize,Sense6,387730106626406,The_Whispering_Squids,24
End,Tokenize,Pride4,387730137050385,The_Whispering_Squids,24
Start,Collect,Pride4,387730137147505,The_Whispering_Squids,24
End,Collect,Pride4,387730166429060,The_Whispering_Squids,24
Start,ComputeScalar,Pride4,387730166648628,The_Whispering_Squids,24
End,ComputeScalar,Pride4,387730178162497,The_Whispering_Squids,24
End,Tokenize,Sense6,387730305258675,The_Whispering_Squids,24
Start,Collect,Sense6,387730305482671,The_Whispering_Squids,24
End,Collect,Sense6,387730505631190,The_Whispering_Squids,24
Start,ComputeScalar,Pride4_Sense6,387730505677407,The_Whispering_Squids,24
Start,ComputeScalar,Sense6,387730505686861,The_Whispering_Squids,24
End,ComputeScalar,Sense6,387730513417290,The_Whispering_Squids,24
End,ComputeScalar,Pride4_Sense6,387730513452543,The_Whispering_Squids,24
Start,ComputeCosine,Pride4_Sense6,387730513509863,The_Whispering_Squids,24
End,ComputeCosine,Pride4_Sense6,387730513545661,The_Whispering_Squids,24
Start,Tokenize,Pride5,387730531130857,The_Whispering_Squids,25
Start,Tokenize,Sense1,387730531711866,The_Whispering_Squids,25
End,Tokenize,Sense1,387730533555740,The_Whispering_Squids,25
Start,Collect,Sense1,387730533642007,The_Whispering_Squids,25
End,Collect,Sense1,387730534826000,The_Whispering_Squids,25
Start,ComputeScalar,Sense1,387730534848973,The_Whispering_Squids,25
End,ComputeScalar,Sense1,387730535328337,The_Whispering_Squids,25
End,Tokenize,Pride5,387730560546192,The_Whispering_Squids,25
Start,Collect,Pride5,387730560579758,The_Whispering_Squids,25
End,Collect,Pride5,387730586997980,The_Whispering_Squids,25
Start,ComputeScalar,Pride5,387730587043255,The_Whispering_Squids,25
Start,ComputeScalar,Pride5_Sense1,387730587027560,The_Whispering_Squids,25
End,ComputeScalar,Pride5_Sense1,387730590949311,The_Whispering_Squids,25
Start,ComputeCosine,Pride5_Sense1,387730591026146,The_Whispering_Squids,25
End,ComputeCosine,Pride5_Sense1,387730591071588,The_Whispering_Squids,25
End,ComputeScalar,Pride5,387730590956893,The_Whispering_Squids,25
Start,Tokenize,Pride5,387730608773980,The_Whispering_Squids,26
Start,Tokenize,Sense2,387730608810588,The_Whispering_Squids,26
End,Tokenize,Sense2,387730612421605,The_Whispering_Squids,26
Start,Collect,Sense2,387730612454401,The_Whispering_Squids,26
End,Collect,Sense2,387730615033021,The_Whispering_Squids,26
Start,ComputeScalar,Sense2,387730615228870,The_Whispering_Squids,26
End,ComputeScalar,Sense2,387730616074297,The_Whispering_Squids,26
End,Tokenize,Pride5,387730636533277,The_Whispering_Squids,26
Start,Collect,Pride5,387730636567691,The_Whispering_Squids,26
End,Collect,Pride5,387730665421683,The_Whispering_Squids,26
Start,ComputeScalar,Pride5,387730665548063,The_Whispering_Squids,26
Start,ComputeScalar,Pride5_Sense2,387730665940313,The_Whispering_Squids,26
End,ComputeScalar,Pride5,387730670498151,The_Whispering_Squids,26
End,ComputeScalar,Pride5_Sense2,387730670536976,The_Whispering_Squids,26
Start,ComputeCosine,Pride5_Sense2,387730670589348,The_Whispering_Squids,26
End,ComputeCosine,Pride5_Sense2,387730670621676,The_Whispering_Squids,26
Start,Tokenize,Pride5,387730694946160,The_Whispering_Squids,27
Start,Tokenize,Sense3,387730695760548,The_Whispering_Squids,27
End,Tokenize,Sense3,387730706804855,The_Whispering_Squids,27
Start,Collect,Sense3,387730706933783,The_Whispering_Squids,27
Start,ComputeScalar,Sense3,387730723512597,The_Whispering_Squids,27
End,Collect,Sense3,387730724477630,The_Whispering_Squids,27
End,ComputeScalar,Sense3,387730725673216,The_Whispering_Squids,27
End,Tokenize,Pride5,387730737293518,The_Whispering_Squids,27
Start,Collect,Pride5,387730737435307,The_Whispering_Squids,27
End,Collect,Pride5,387730842136702,The_Whispering_Squids,27
Start,ComputeScalar,Pride5,387730842318712,The_Whispering_Squids,27
Start,ComputeScalar,Pride5_Sense3,387730842436478,The_Whispering_Squids,27
End,ComputeScalar,Pride5_Sense3,387730847708372,The_Whispering_Squids,27
Start,ComputeCosine,Pride5_Sense3,387730847772596,The_Whispering_Squids,27
End,ComputeCosine,Pride5_Sense3,387730847812894,The_Whispering_Squids,27
End,ComputeScalar,Pride5,387730847714273,The_Whispering_Squids,27
Start,Tokenize,Pride5,387730898806526,The_Whispering_Squids,28
Start,Tokenize,Sense4,387730898849173,The_Whispering_Squids,28
End,Tokenize,Sense4,387730915207166,The_Whispering_Squids,28
Start,Collect,Sense4,387730915236793,The_Whispering_Squids,28
End,Collect,Sense4,387730927003289,The_Whispering_Squids,28
Start,ComputeScalar,Sense4,387730927228646,The_Whispering_Squids,28
End,ComputeScalar,Sense4,387730930369297,The_Whispering_Squids,28
Start,Collect,Pride5,387730931409942,The_Whispering_Squids,28
End,Tokenize,Pride5,387730932015577,The_Whispering_Squids,28
End,Collect,Pride5,387730958651512,The_Whispering_Squids,28
Start,ComputeScalar,Pride5,387730958701593,The_Whispering_Squids,28
Start,ComputeScalar,Pride5_Sense4,387730958722347,The_Whispering_Squids,28
End,ComputeScalar,Pride5_Sense4,387730963532776,The_Whispering_Squids,28
End,ComputeScalar,Pride5,387730963563627,The_Whispering_Squids,28
Start,ComputeCosine,Pride5_Sense4,387730963636901,The_Whispering_Squids,28
End,ComputeCosine,Pride5_Sense4,387730963671668,The_Whispering_Squids,28
Start,Tokenize,Pride5,387731011848861,The_Whispering_Squids,29
Start,Tokenize,Sense5,387731012026444,The_Whispering_Squids,29
End,Tokenize,Sense5,387731173146648,The_Whispering_Squids,29
Start,Collect,Sense5,387731173315378,The_Whispering_Squids,29
End,Tokenize,Pride5,387731173766108,The_Whispering_Squids,29
Start,Collect,Pride5,387731173959223,The_Whispering_Squids,29
Start,ComputeScalar,Pride5,387731511267533,The_Whispering_Squids,29
End,Collect,Pride5,387731511703248,The_Whispering_Squids,29
End,ComputeScalar,Pride5,387731521845793,The_Whispering_Squids,29
End,Collect,Sense5,387731607834293,The_Whispering_Squids,29
Start,ComputeScalar,Pride5_Sense5,387731608106968,The_Whispering_Squids,29
Start,ComputeScalar,Sense5,387731608901593,The_Whispering_Squids,29
End,ComputeScalar,Sense5,387731619959033,The_Whispering_Squids,29
End,ComputeScalar,Pride5_Sense5,387731620391178,The_Whispering_Squids,29
Start,ComputeCosine,Pride5_Sense5,387731620493623,The_Whispering_Squids,29
End,ComputeCosine,Pride5_Sense5,387731620583868,The_Whispering_Squids,29
Start,Tokenize,Pride5,387731682416568,The_Whispering_Squids,30
Start,Tokenize,Sense6,387731683539243,The_Whispering_Squids,30
End,Tokenize,Pride5,387731825288713,The_Whispering_Squids,30
Start,Collect,Pride5,387731825441113,The_Whispering_Squids,30
End,Collect,Pride5,387731969570608,The_Whispering_Squids,30
Start,ComputeScalar,Pride5,387731971197653,The_Whispering_Squids,30
End,Tokenize,Sense6,387732009299188,The_Whispering_Squids,30
Start,Collect,Sense6,387732009404458,The_Whispering_Squids,30
End,ComputeScalar,Pride5,387732009946673,The_Whispering_Squids,30
End,Collect,Sense6,387732344108558,The_Whispering_Squids,30
Start,ComputeScalar,Sense6,387732344687878,The_Whispering_Squids,30
Start,ComputeScalar,Pride5_Sense6,387732346064568,The_Whispering_Squids,30
End,ComputeScalar,Pride5_Sense6,387732374772278,The_Whispering_Squids,30
End,ComputeScalar,Sense6,387732392019868,The_Whispering_Squids,30
Start,ComputeCosine,Pride5_Sense6,387732392177498,The_Whispering_Squids,30
End,ComputeCosine,Pride5_Sense6,387732392273878,The_Whispering_Squids,30
Start,Tokenize,Pride6,387732435504128,The_Whispering_Squids,31
Start,Tokenize,Sense1,387732435513658,The_Whispering_Squids,31
End,Tokenize,Sense1,387732442157913,The_Whispering_Squids,31
Start,Collect,Sense1,387732442209778,The_Whispering_Squids,31
End,Collect,Sense1,387732446518133,The_Whispering_Squids,31
Start,ComputeScalar,Sense1,387732447049288,The_Whispering_Squids,31
End,ComputeScalar,Sense1,387732448116318,The_Whispering_Squids,31
End,Tokenize,Pride6,387732787926798,The_Whispering_Squids,31
Start,Collect,Pride6,387732788388973,The_Whispering_Squids,31
End,Collect,Pride6,387732989069897,The_Whispering_Squids,31
Start,ComputeScalar,Pride6_Sense1,387732989118647,The_Whispering_Squids,31
Start,ComputeScalar,Pride6,387732989304272,The_Whispering_Squids,31
End,ComputeScalar,Pride6_Sense1,387733007889397,The_Whispering_Squids,31
End,ComputeScalar,Pride6,387733016859782,The_Whispering_Squids,31
Start,ComputeCosine,Pride6_Sense1,387733017041977,The_Whispering_Squids,31
End,ComputeCosine,Pride6_Sense1,387733017142477,The_Whispering_Squids,31
Start,Tokenize,Pride6,387733098878217,The_Whispering_Squids,32
Start,Tokenize,Sense2,387733101436722,The_Whispering_Squids,32
End,Tokenize,Sense2,387733115223732,The_Whispering_Squids,32
Start,Collect,Sense2,387733115275587,The_Whispering_Squids,32
End,Collect,Sense2,387733129712212,The_Whispering_Squids,32
Start,ComputeScalar,Sense2,387733131196097,The_Whispering_Squids,32
End,ComputeScalar,Sense2,387733140210482,The_Whispering_Squids,32
End,Tokenize,Pride6,387733460077482,The_Whispering_Squids,32
Start,Collect,Pride6,387733460354037,The_Whispering_Squids,32
End,Collect,Pride6,387733907941467,The_Whispering_Squids,32
Start,ComputeScalar,Pride6,387733908039067,The_Whispering_Squids,32
Start,ComputeScalar,Pride6_Sense2,387733908094592,The_Whispering_Squids,32
End,ComputeScalar,Pride6_Sense2,387733945267497,The_Whispering_Squids,32
End,ComputeScalar,Pride6,387733945975252,The_Whispering_Squids,32
Start,ComputeCosine,Pride6_Sense2,387733946053672,The_Whispering_Squids,32
End,ComputeCosine,Pride6_Sense2,387733946150357,The_Whispering_Squids,32
Start,Tokenize,Pride6,387733986729312,The_Whispering_Squids,33
Start,Tokenize,Sense3,387733986765092,The_Whispering_Squids,33
End,Tokenize,Sense3,387734013220067,The_Whispering_Squids,33
Start,Collect,Sense3,387734013236792,The_Whispering_Squids,33
End,Collect,Sense3,387734047581077,The_Whispering_Squids,33
Start,ComputeScalar,Sense3,387734048237382,The_Whispering_Squids,33
End,ComputeScalar,Sense3,387734056169612,The_Whispering_Squids,33
End,Tokenize,Pride6,387734441232702,The_Whispering_Squids,33
Start,Collect,Pride6,387734441336487,The_Whispering_Squids,33
End,Collect,Pride6,387734940557817,The_Whispering_Squids,33
Start,ComputeScalar,Pride6_Sense3,387734940699872,The_Whispering_Squids,33
Start,ComputeScalar,Pride6,387734940699872,The_Whispering_Squids,33
End,ComputeScalar,Pride6_Sense3,387735005128207,The_Whispering_Squids,33
End,ComputeScalar,Pride6,387735005991647,The_Whispering_Squids,33
Start,ComputeCosine,Pride6_Sense3,387735006102922,The_Whispering_Squids,33
End,ComputeCosine,Pride6_Sense3,387735006172217,The_Whispering_Squids,33
Start,Tokenize,Pride6,387735072406932,The_Whispering_Squids,34
Start,Tokenize,Sense4,387735072658557,The_Whispering_Squids,34
End,Tokenize,Sense4,387735259664702,The_Whispering_Squids,34
Start,Collect,Sense4,387735259754592,The_Whispering_Squids,34
End,Collect,Sense4,387735353507162,The_Whispering_Squids,34
Start,ComputeScalar,Sense4,387735355825967,The_Whispering_Squids,34
End,ComputeScalar,Sense4,387735383121297,The_Whispering_Squids,34
Start,Collect,Pride6,387736014730146,The_Whispering_Squids,34
End,Tokenize,Pride6,387736023944571,The_Whispering_Squids,34
End,Collect,Pride6,387736568407396,The_Whispering_Squids,34
Start,ComputeScalar,Pride6_Sense4,387736568540671,The_Whispering_Squids,34
Start,ComputeScalar,Pride6,387736568655471,The_Whispering_Squids,34
End,ComputeScalar,Pride6_Sense4,387736585476031,The_Whispering_Squids,34
End,ComputeScalar,Pride6,387736590001796,The_Whispering_Squids,34
Start,ComputeCosine,Pride6_Sense4,387736590103706,The_Whispering_Squids,34
End,ComputeCosine,Pride6_Sense4,387736590158476,The_Whispering_Squids,34
Start,Tokenize,Pride6,387736629574706,The_Whispering_Squids,35
Start,Tokenize,Sense5,387736644250441,The_Whispering_Squids,35
End,Tokenize,Sense5,387736778913421,The_Whispering_Squids,35
Start,Collect,Sense5,387736779015111,The_Whispering_Squids,35
End,Collect,Sense5,387736954188921,The_Whispering_Squids,35
Start,ComputeScalar,Sense5,387736955066816,The_Whispering_Squids,35
End,ComputeScalar,Sense5,387736987085391,The_Whispering_Squids,35
End,Tokenize,Pride6,387737023207866,The_Whispering_Squids,35
Start,Collect,Pride6,387737023352651,The_Whispering_Squids,35
End,Collect,Pride6,387737282355028,The_Whispering_Squids,35
Start,ComputeScalar,Pride6,387737282461267,The_Whispering_Squids,35
Start,ComputeScalar,Pride6_Sense5,387737282493116,The_Whispering_Squids,35
End,ComputeScalar,Pride6,387737299322791,The_Whispering_Squids,35
End,ComputeScalar,Pride6_Sense5,387737299456894,The_Whispering_Squids,35
Start,ComputeCosine,Pride6_Sense5,387737299583891,The_Whispering_Squids,35
End,ComputeCosine,Pride6_Sense5,387737299669972,The_Whispering_Squids,35
Start,Tokenize,Pride6,387737340049490,The_Whispering_Squids,36
Start,Tokenize,Sense6,387737340063247,The_Whispering_Squids,36
Start,Collect,Sense6,387737385320361,The_Whispering_Squids,36
End,Tokenize,Sense6,387737385610766,The_Whispering_Squids,36
End,Tokenize,Pride6,387737390304556,The_Whispering_Squids,36
Start,Collect,Pride6,387737390365928,The_Whispering_Squids,36
End,Collect,Sense6,387737431414160,The_Whispering_Squids,36
Start,ComputeScalar,Sense6,387737431459938,The_Whispering_Squids,36
End,ComputeScalar,Sense6,387737441111856,The_Whispering_Squids,36
End,Collect,Pride6,387737441150108,The_Whispering_Squids,36
Start,ComputeScalar,Pride6_Sense6,387737441128273,The_Whispering_Squids,36
Start,ComputeScalar,Pride6,387737441157618,The_Whispering_Squids,36
End,ComputeScalar,Pride6,387737448947244,The_Whispering_Squids,36
End,ComputeScalar,Pride6_Sense6,387737448957404,The_Whispering_Squids,36
Start,ComputeCosine,Pride6_Sense6,387737448985857,The_Whispering_Squids,36
End,ComputeCosine,Pride6_Sense6,387737449047156,The_Whispering_Squids,36
