type;name;input_id;time;team;meas_id
START;tokenizer1;Sense1_Pride1;2822763521812;BDSB;Sense1_Pride1
START;tokenizer2;Sense1_Pride1;2822763619559;BDSB;Sense1_Pride1
STOP;tokenizer2;Sense1_Pride1;2822798545054;BDSB;Sense1_Pride1
STOP;tokenizer1;Sense1_Pride1;2822811703666;BDSB;Sense1_Pride1
QUEUE;collectShingles2;Sense1_Pride1;2822812724577;BDSB;Sense1_Pride1
START;collectShingles2;Sense1_Pride1;2822814890025;BDSB;Sense1_Pride1
QUEUE;collectShingles1;Sense1_Pride1;2822825007535;BDSB;Sense1_Pride1
START;collectShingles1;Sense1_Pride1;2822825174165;BDSB;Sense1_Pride1
STOP;collectShingles2;Sense1_Pride1;2822831327336;BDSB;Sense1_Pride1
QUEUE;computeScalaProduct3;Sense1_Pride1;2822832999890;BDSB;Sense1_Pride1
START;computeScalaProduct3;Sense1_Pride1;2822833065856;BDSB;Sense1_Pride1
STOP;computeScalaProduct3;Sense1_Pride1;2822834946139;BDSB;Sense1_Pride1
STOP;collectShingles1;Sense1_Pride1;2822843612478;BDSB;Sense1_Pride1
QUEUE;computeScalaProduct1;Sense1_Pride1;2822843962314;BDSB;Sense1_Pride1
START;computeScalaProduct1;Sense1_Pride1;2822844022236;BDSB;Sense1_Pride1
STOP;computeScalaProduct1;Sense1_Pride1;2822845911045;BDSB;Sense1_Pride1
QUEUE;computeScalaProduct2;Sense1_Pride1;2822846198586;BDSB;Sense1_Pride1
START;computeScalaProduct2;Sense1_Pride1;2822846282651;BDSB;Sense1_Pride1
STOP;computeScalaProduct2;Sense1_Pride1;2822847965425;BDSB;Sense1_Pride1
QUEUE;computeCosineSimilarity;Sense1_Pride1;2822848356103;BDSB;Sense1_Pride1
START;computeCosineSimilarity;Sense1_Pride1;2822848408459;BDSB;Sense1_Pride1
STOP;computeCosineSimilarity;Sense1_Pride1;2822848503315;BDSB;Sense1_Pride1
START;tokenizer1;Sense2_Pride1;2822899218191;BDSB;Sense2_Pride1
STOP;tokenizer1;Sense2_Pride1;2822906273883;BDSB;Sense2_Pride1
START;tokenizer2;Sense2_Pride1;2822906583277;BDSB;Sense2_Pride1
STOP;tokenizer2;Sense2_Pride1;2822914658017;BDSB;Sense2_Pride1
QUEUE;collectShingles2;Sense2_Pride1;2822917743528;BDSB;Sense2_Pride1
START;collectShingles2;Sense2_Pride1;2822917790255;BDSB;Sense2_Pride1
STOP;collectShingles2;Sense2_Pride1;2822928012190;BDSB;Sense2_Pride1
QUEUE;collectShingles1;Sense2_Pride1;2822928369105;BDSB;Sense2_Pride1
START;collectShingles1;Sense2_Pride1;2822932642680;BDSB;Sense2_Pride1
QUEUE;computeScalaProduct3;Sense2_Pride1;2822932855424;BDSB;Sense2_Pride1
START;computeScalaProduct3;Sense2_Pride1;2822932894978;BDSB;Sense2_Pride1
STOP;collectShingles1;Sense2_Pride1;2822935014566;BDSB;Sense2_Pride1
QUEUE;computeScalaProduct1;Sense2_Pride1;2822935487214;BDSB;Sense2_Pride1
START;computeScalaProduct1;Sense2_Pride1;2822935540289;BDSB;Sense2_Pride1
STOP;computeScalaProduct3;Sense2_Pride1;2822935946448;BDSB;Sense2_Pride1
STOP;computeScalaProduct1;Sense2_Pride1;2822936778748;BDSB;Sense2_Pride1
QUEUE;computeScalaProduct2;Sense2_Pride1;2822937180677;BDSB;Sense2_Pride1
START;computeScalaProduct2;Sense2_Pride1;2822937322259;BDSB;Sense2_Pride1
STOP;computeScalaProduct2;Sense2_Pride1;2822938402336;BDSB;Sense2_Pride1
QUEUE;computeCosineSimilarity;Sense2_Pride1;2822938576435;BDSB;Sense2_Pride1
START;computeCosineSimilarity;Sense2_Pride1;2822938629821;BDSB;Sense2_Pride1
STOP;computeCosineSimilarity;Sense2_Pride1;2822938656140;BDSB;Sense2_Pride1
START;tokenizer1;Sense1_Pride2;2822975223752;BDSB;Sense1_Pride2
STOP;tokenizer1;Sense1_Pride2;2822980282040;BDSB;Sense1_Pride2
START;tokenizer2;Sense1_Pride2;2822980607782;BDSB;Sense1_Pride2
STOP;tokenizer2;Sense1_Pride2;2822983086295;BDSB;Sense1_Pride2
QUEUE;collectShingles2;Sense1_Pride2;2822983535806;BDSB;Sense1_Pride2
START;collectShingles2;Sense1_Pride2;2822983618611;BDSB;Sense1_Pride2
STOP;collectShingles2;Sense1_Pride2;2822986012396;BDSB;Sense1_Pride2
QUEUE;computeScalaProduct3;Sense1_Pride2;2822986288094;BDSB;Sense1_Pride2
START;computeScalaProduct3;Sense1_Pride2;2822986416591;BDSB;Sense1_Pride2
STOP;computeScalaProduct3;Sense1_Pride2;2822987747913;BDSB;Sense1_Pride2
QUEUE;collectShingles1;Sense1_Pride2;2822991394336;BDSB;Sense1_Pride2
START;collectShingles1;Sense1_Pride2;2822991456183;BDSB;Sense1_Pride2
STOP;collectShingles1;Sense1_Pride2;2822996494449;BDSB;Sense1_Pride2
QUEUE;computeScalaProduct1;Sense1_Pride2;2822996754141;BDSB;Sense1_Pride2
START;computeScalaProduct1;Sense1_Pride2;2822996805837;BDSB;Sense1_Pride2
STOP;computeScalaProduct1;Sense1_Pride2;2823000135608;BDSB;Sense1_Pride2
QUEUE;computeScalaProduct2;Sense1_Pride2;2823003388312;BDSB;Sense1_Pride2
START;computeScalaProduct2;Sense1_Pride2;2823003452884;BDSB;Sense1_Pride2
STOP;computeScalaProduct2;Sense1_Pride2;2823013558594;BDSB;Sense1_Pride2
QUEUE;computeCosineSimilarity;Sense1_Pride2;2823013856098;BDSB;Sense1_Pride2
START;computeCosineSimilarity;Sense1_Pride2;2823013919579;BDSB;Sense1_Pride2
STOP;computeCosineSimilarity;Sense1_Pride2;2823013942972;BDSB;Sense1_Pride2
START;tokenizer1;Sense2_Pride2;2823055103880;BDSB;Sense2_Pride2
START;tokenizer2;Sense2_Pride2;2823058535896;BDSB;Sense2_Pride2
STOP;tokenizer2;Sense2_Pride2;2823064645099;BDSB;Sense2_Pride2
QUEUE;collectShingles2;Sense2_Pride2;2823068258996;BDSB;Sense2_Pride2
START;collectShingles2;Sense2_Pride2;2823068369626;BDSB;Sense2_Pride2
STOP;tokenizer1;Sense2_Pride2;2823072602055;BDSB;Sense2_Pride2
QUEUE;collectShingles1;Sense2_Pride2;2823073507664;BDSB;Sense2_Pride2
START;collectShingles1;Sense2_Pride2;2823073620538;BDSB;Sense2_Pride2
STOP;collectShingles1;Sense2_Pride2;2823079283967;BDSB;Sense2_Pride2
QUEUE;computeScalaProduct1;Sense2_Pride2;2823082453779;BDSB;Sense2_Pride2
START;computeScalaProduct1;Sense2_Pride2;2823082561736;BDSB;Sense2_Pride2
STOP;computeScalaProduct1;Sense2_Pride2;2823085559262;BDSB;Sense2_Pride2
STOP;collectShingles2;Sense2_Pride2;2823082103094;BDSB;Sense2_Pride2
QUEUE;computeScalaProduct3;Sense2_Pride2;2823086137061;BDSB;Sense2_Pride2
START;computeScalaProduct3;Sense2_Pride2;2823086167496;BDSB;Sense2_Pride2
STOP;computeScalaProduct3;Sense2_Pride2;2823089245458;BDSB;Sense2_Pride2
QUEUE;computeScalaProduct2;Sense2_Pride2;2823089883690;BDSB;Sense2_Pride2
START;computeScalaProduct2;Sense2_Pride2;2823089976032;BDSB;Sense2_Pride2
STOP;computeScalaProduct2;Sense2_Pride2;2823092633270;BDSB;Sense2_Pride2
QUEUE;computeCosineSimilarity;Sense2_Pride2;2823092961691;BDSB;Sense2_Pride2
START;computeCosineSimilarity;Sense2_Pride2;2823093020556;BDSB;Sense2_Pride2
STOP;computeCosineSimilarity;Sense2_Pride2;2823093040427;BDSB;Sense2_Pride2
START;tokenizer1;Sense1_Pride3;2823113790963;BDSB;Sense1_Pride3
START;tokenizer2;Sense1_Pride3;2823113845405;BDSB;Sense1_Pride3
STOP;tokenizer2;Sense1_Pride3;2823124651022;BDSB;Sense1_Pride3
QUEUE;collectShingles2;Sense1_Pride3;2823128803420;BDSB;Sense1_Pride3
START;collectShingles2;Sense1_Pride3;2823128872442;BDSB;Sense1_Pride3
STOP;collectShingles2;Sense1_Pride3;2823132446433;BDSB;Sense1_Pride3
QUEUE;computeScalaProduct3;Sense1_Pride3;2823134554146;BDSB;Sense1_Pride3
START;computeScalaProduct3;Sense1_Pride3;2823134615804;BDSB;Sense1_Pride3
STOP;computeScalaProduct3;Sense1_Pride3;2823136001973;BDSB;Sense1_Pride3
STOP;tokenizer1;Sense1_Pride3;2823139261933;BDSB;Sense1_Pride3
QUEUE;collectShingles1;Sense1_Pride3;2823139632519;BDSB;Sense1_Pride3
START;collectShingles1;Sense1_Pride3;2823139717236;BDSB;Sense1_Pride3
STOP;collectShingles1;Sense1_Pride3;2823150882033;BDSB;Sense1_Pride3
QUEUE;computeScalaProduct1;Sense1_Pride3;2823151137364;BDSB;Sense1_Pride3
START;computeScalaProduct1;Sense1_Pride3;2823151164633;BDSB;Sense1_Pride3
STOP;computeScalaProduct1;Sense1_Pride3;2823156739185;BDSB;Sense1_Pride3
QUEUE;computeScalaProduct2;Sense1_Pride3;2823157180978;BDSB;Sense1_Pride3
START;computeScalaProduct2;Sense1_Pride3;2823157211612;BDSB;Sense1_Pride3
STOP;computeScalaProduct2;Sense1_Pride3;2823160902336;BDSB;Sense1_Pride3
QUEUE;computeCosineSimilarity;Sense1_Pride3;2823161058605;BDSB;Sense1_Pride3
START;computeCosineSimilarity;Sense1_Pride3;2823161080374;BDSB;Sense1_Pride3
STOP;computeCosineSimilarity;Sense1_Pride3;2823161100377;BDSB;Sense1_Pride3
START;tokenizer1;Sense2_Pride3;2823187090390;BDSB;Sense2_Pride3
START;tokenizer2;Sense2_Pride3;2823188708238;BDSB;Sense2_Pride3
STOP;tokenizer1;Sense2_Pride3;2823200595211;BDSB;Sense2_Pride3
STOP;tokenizer2;Sense2_Pride3;2823201652218;BDSB;Sense2_Pride3
QUEUE;collectShingles1;Sense2_Pride3;2823201949681;BDSB;Sense2_Pride3
START;collectShingles1;Sense2_Pride3;2823202096549;BDSB;Sense2_Pride3
QUEUE;collectShingles2;Sense2_Pride3;2823210017642;BDSB;Sense2_Pride3
START;collectShingles2;Sense2_Pride3;2823210089575;BDSB;Sense2_Pride3
STOP;collectShingles2;Sense2_Pride3;2823212867767;BDSB;Sense2_Pride3
QUEUE;computeScalaProduct3;Sense2_Pride3;2823213067104;BDSB;Sense2_Pride3
START;computeScalaProduct3;Sense2_Pride3;2823213092671;BDSB;Sense2_Pride3
STOP;computeScalaProduct3;Sense2_Pride3;2823215225790;BDSB;Sense2_Pride3
STOP;collectShingles1;Sense2_Pride3;2823218057297;BDSB;Sense2_Pride3
QUEUE;computeScalaProduct2;Sense2_Pride3;2823218765279;BDSB;Sense2_Pride3
START;computeScalaProduct2;Sense2_Pride3;2823218816396;BDSB;Sense2_Pride3
QUEUE;computeScalaProduct1;Sense2_Pride3;2823220553481;BDSB;Sense2_Pride3
START;computeScalaProduct1;Sense2_Pride3;2823220843371;BDSB;Sense2_Pride3
STOP;computeScalaProduct2;Sense2_Pride3;2823222935485;BDSB;Sense2_Pride3
STOP;computeScalaProduct1;Sense2_Pride3;2823229373971;BDSB;Sense2_Pride3
QUEUE;computeCosineSimilarity;Sense2_Pride3;2823229724772;BDSB;Sense2_Pride3
START;computeCosineSimilarity;Sense2_Pride3;2823229744189;BDSB;Sense2_Pride3
STOP;computeCosineSimilarity;Sense2_Pride3;2823229756003;BDSB;Sense2_Pride3
START;tokenizer1;Sense1_Pride4;2823267761649;BDSB;Sense1_Pride4
START;tokenizer2;Sense1_Pride4;2823267768676;BDSB;Sense1_Pride4
STOP;tokenizer2;Sense1_Pride4;2823269939688;BDSB;Sense1_Pride4
QUEUE;collectShingles2;Sense1_Pride4;2823275500238;BDSB;Sense1_Pride4
START;collectShingles2;Sense1_Pride4;2823275551767;BDSB;Sense1_Pride4
STOP;collectShingles2;Sense1_Pride4;2823277006197;BDSB;Sense1_Pride4
QUEUE;computeScalaProduct3;Sense1_Pride4;2823277173723;BDSB;Sense1_Pride4
START;computeScalaProduct3;Sense1_Pride4;2823277188283;BDSB;Sense1_Pride4
STOP;computeScalaProduct3;Sense1_Pride4;2823277945495;BDSB;Sense1_Pride4
STOP;tokenizer1;Sense1_Pride4;2823307636329;BDSB;Sense1_Pride4
QUEUE;collectShingles1;Sense1_Pride4;2823308097977;BDSB;Sense1_Pride4
START;collectShingles1;Sense1_Pride4;2823308124633;BDSB;Sense1_Pride4
STOP;collectShingles1;Sense1_Pride4;2823331202673;BDSB;Sense1_Pride4
QUEUE;computeScalaProduct1;Sense1_Pride4;2823334398533;BDSB;Sense1_Pride4
START;computeScalaProduct1;Sense1_Pride4;2823334433932;BDSB;Sense1_Pride4
STOP;computeScalaProduct1;Sense1_Pride4;2823343078670;BDSB;Sense1_Pride4
QUEUE;computeScalaProduct2;Sense1_Pride4;2823343753029;BDSB;Sense1_Pride4
START;computeScalaProduct2;Sense1_Pride4;2823346406684;BDSB;Sense1_Pride4
STOP;computeScalaProduct2;Sense1_Pride4;2823353275777;BDSB;Sense1_Pride4
QUEUE;computeCosineSimilarity;Sense1_Pride4;2823355357034;BDSB;Sense1_Pride4
START;computeCosineSimilarity;Sense1_Pride4;2823355398292;BDSB;Sense1_Pride4
STOP;computeCosineSimilarity;Sense1_Pride4;2823355412228;BDSB;Sense1_Pride4
START;tokenizer2;Sense2_Pride4;2823400559419;BDSB;Sense2_Pride4
START;tokenizer1;Sense2_Pride4;2823400777331;BDSB;Sense2_Pride4
STOP;tokenizer2;Sense2_Pride4;2823405536158;BDSB;Sense2_Pride4
QUEUE;collectShingles2;Sense2_Pride4;2823406162862;BDSB;Sense2_Pride4
START;collectShingles2;Sense2_Pride4;2823406186670;BDSB;Sense2_Pride4
STOP;collectShingles2;Sense2_Pride4;2823411372056;BDSB;Sense2_Pride4
QUEUE;computeScalaProduct3;Sense2_Pride4;2823412034311;BDSB;Sense2_Pride4
START;computeScalaProduct3;Sense2_Pride4;2823412112913;BDSB;Sense2_Pride4
STOP;computeScalaProduct3;Sense2_Pride4;2823413618928;BDSB;Sense2_Pride4
STOP;tokenizer1;Sense2_Pride4;2823427380584;BDSB;Sense2_Pride4
QUEUE;collectShingles1;Sense2_Pride4;2823427801984;BDSB;Sense2_Pride4
START;collectShingles1;Sense2_Pride4;2823427845378;BDSB;Sense2_Pride4
STOP;collectShingles1;Sense2_Pride4;2823440366513;BDSB;Sense2_Pride4
QUEUE;computeScalaProduct1;Sense2_Pride4;2823440589795;BDSB;Sense2_Pride4
START;computeScalaProduct1;Sense2_Pride4;2823440608637;BDSB;Sense2_Pride4
QUEUE;computeScalaProduct2;Sense2_Pride4;2823450254516;BDSB;Sense2_Pride4
START;computeScalaProduct2;Sense2_Pride4;2823450311158;BDSB;Sense2_Pride4
STOP;computeScalaProduct1;Sense2_Pride4;2823453496427;BDSB;Sense2_Pride4
STOP;computeScalaProduct2;Sense2_Pride4;2823468672301;BDSB;Sense2_Pride4
QUEUE;computeCosineSimilarity;Sense2_Pride4;2823468993694;BDSB;Sense2_Pride4
START;computeCosineSimilarity;Sense2_Pride4;2823472053707;BDSB;Sense2_Pride4
STOP;computeCosineSimilarity;Sense2_Pride4;2823472128060;BDSB;Sense2_Pride4
START;tokenizer1;Sense1_Pride5;2823588321762;BDSB;Sense1_Pride5
START;tokenizer2;Sense1_Pride5;2823588357568;BDSB;Sense1_Pride5
STOP;tokenizer2;Sense1_Pride5;2823590374815;BDSB;Sense1_Pride5
QUEUE;collectShingles2;Sense1_Pride5;2823597233800;BDSB;Sense1_Pride5
START;collectShingles2;Sense1_Pride5;2823597295335;BDSB;Sense1_Pride5
STOP;collectShingles2;Sense1_Pride5;2823598789654;BDSB;Sense1_Pride5
QUEUE;computeScalaProduct3;Sense1_Pride5;2823599039578;BDSB;Sense1_Pride5
START;computeScalaProduct3;Sense1_Pride5;2823599064315;BDSB;Sense1_Pride5
STOP;computeScalaProduct3;Sense1_Pride5;2823599730122;BDSB;Sense1_Pride5
STOP;tokenizer1;Sense1_Pride5;2823624100882;BDSB;Sense1_Pride5
QUEUE;collectShingles1;Sense1_Pride5;2823624638646;BDSB;Sense1_Pride5
START;collectShingles1;Sense1_Pride5;2823624664826;BDSB;Sense1_Pride5
STOP;collectShingles1;Sense1_Pride5;2823665418471;BDSB;Sense1_Pride5
QUEUE;computeScalaProduct1;Sense1_Pride5;2823665758789;BDSB;Sense1_Pride5
START;computeScalaProduct1;Sense1_Pride5;2823665781631;BDSB;Sense1_Pride5
QUEUE;computeScalaProduct2;Sense1_Pride5;2823672476231;BDSB;Sense1_Pride5
START;computeScalaProduct2;Sense1_Pride5;2823672550731;BDSB;Sense1_Pride5
STOP;computeScalaProduct1;Sense1_Pride5;2823673007148;BDSB;Sense1_Pride5
STOP;computeScalaProduct2;Sense1_Pride5;2823678297986;BDSB;Sense1_Pride5
QUEUE;computeCosineSimilarity;Sense1_Pride5;2823680480486;BDSB;Sense1_Pride5
START;computeCosineSimilarity;Sense1_Pride5;2823680580979;BDSB;Sense1_Pride5
STOP;computeCosineSimilarity;Sense1_Pride5;2823680595188;BDSB;Sense1_Pride5
START;tokenizer1;Sense2_Pride5;2823705869597;BDSB;Sense2_Pride5
START;tokenizer2;Sense2_Pride5;2823705892745;BDSB;Sense2_Pride5
STOP;tokenizer2;Sense2_Pride5;2823724544072;BDSB;Sense2_Pride5
QUEUE;collectShingles2;Sense2_Pride5;2823724813742;BDSB;Sense2_Pride5
START;collectShingles2;Sense2_Pride5;2823724860118;BDSB;Sense2_Pride5
STOP;collectShingles2;Sense2_Pride5;2823727835172;BDSB;Sense2_Pride5
QUEUE;computeScalaProduct3;Sense2_Pride5;2823728312675;BDSB;Sense2_Pride5
START;computeScalaProduct3;Sense2_Pride5;2823728331651;BDSB;Sense2_Pride5
STOP;computeScalaProduct3;Sense2_Pride5;2823729586304;BDSB;Sense2_Pride5
STOP;tokenizer1;Sense2_Pride5;2823778890056;BDSB;Sense2_Pride5
QUEUE;collectShingles1;Sense2_Pride5;2823779245110;BDSB;Sense2_Pride5
START;collectShingles1;Sense2_Pride5;2823779294114;BDSB;Sense2_Pride5
STOP;collectShingles1;Sense2_Pride5;2823852871614;BDSB;Sense2_Pride5
QUEUE;computeScalaProduct1;Sense2_Pride5;2823853148675;BDSB;Sense2_Pride5
START;computeScalaProduct1;Sense2_Pride5;2823853162534;BDSB;Sense2_Pride5
QUEUE;computeScalaProduct2;Sense2_Pride5;2823860106123;BDSB;Sense2_Pride5
START;computeScalaProduct2;Sense2_Pride5;2823860235937;BDSB;Sense2_Pride5
STOP;computeScalaProduct1;Sense2_Pride5;2823876563198;BDSB;Sense2_Pride5
STOP;computeScalaProduct2;Sense2_Pride5;2823882208501;BDSB;Sense2_Pride5
QUEUE;computeCosineSimilarity;Sense2_Pride5;2823882484520;BDSB;Sense2_Pride5
START;computeCosineSimilarity;Sense2_Pride5;2823882525130;BDSB;Sense2_Pride5
STOP;computeCosineSimilarity;Sense2_Pride5;2823882549253;BDSB;Sense2_Pride5
START;tokenizer1;Sense1_Pride6;2823915718021;BDSB;Sense1_Pride6
START;tokenizer2;Sense1_Pride6;2823922818970;BDSB;Sense1_Pride6
STOP;tokenizer2;Sense1_Pride6;2823925183715;BDSB;Sense1_Pride6
QUEUE;collectShingles2;Sense1_Pride6;2823925283321;BDSB;Sense1_Pride6
START;collectShingles2;Sense1_Pride6;2823925311030;BDSB;Sense1_Pride6
STOP;collectShingles2;Sense1_Pride6;2823926373755;BDSB;Sense1_Pride6
QUEUE;computeScalaProduct3;Sense1_Pride6;2823926471475;BDSB;Sense1_Pride6
START;computeScalaProduct3;Sense1_Pride6;2823926496987;BDSB;Sense1_Pride6
STOP;computeScalaProduct3;Sense1_Pride6;2823927146903;BDSB;Sense1_Pride6
STOP;tokenizer1;Sense1_Pride6;2824012887681;BDSB;Sense1_Pride6
QUEUE;collectShingles1;Sense1_Pride6;2824013188454;BDSB;Sense1_Pride6
START;collectShingles1;Sense1_Pride6;2824013216353;BDSB;Sense1_Pride6
STOP;collectShingles1;Sense1_Pride6;2824152155528;BDSB;Sense1_Pride6
QUEUE;computeScalaProduct2;Sense1_Pride6;2824152433111;BDSB;Sense1_Pride6
START;computeScalaProduct2;Sense1_Pride6;2824152461302;BDSB;Sense1_Pride6
QUEUE;computeScalaProduct1;Sense1_Pride6;2824152435209;BDSB;Sense1_Pride6
START;computeScalaProduct1;Sense1_Pride6;2824158765326;BDSB;Sense1_Pride6
STOP;computeScalaProduct2;Sense1_Pride6;2824203950823;BDSB;Sense1_Pride6
STOP;computeScalaProduct1;Sense1_Pride6;2824206032835;BDSB;Sense1_Pride6
QUEUE;computeCosineSimilarity;Sense1_Pride6;2824206268951;BDSB;Sense1_Pride6
START;computeCosineSimilarity;Sense1_Pride6;2824206283681;BDSB;Sense1_Pride6
STOP;computeCosineSimilarity;Sense1_Pride6;2824206292305;BDSB;Sense1_Pride6
START;tokenizer1;Sense2_Pride6;2824232756956;BDSB;Sense2_Pride6
START;tokenizer2;Sense2_Pride6;2824232787456;BDSB;Sense2_Pride6
STOP;tokenizer2;Sense2_Pride6;2824238281424;BDSB;Sense2_Pride6
QUEUE;collectShingles2;Sense2_Pride6;2824238455741;BDSB;Sense2_Pride6
START;collectShingles2;Sense2_Pride6;2824238472676;BDSB;Sense2_Pride6
STOP;collectShingles2;Sense2_Pride6;2824242863420;BDSB;Sense2_Pride6
QUEUE;computeScalaProduct3;Sense2_Pride6;2824243006949;BDSB;Sense2_Pride6
START;computeScalaProduct3;Sense2_Pride6;2824243019033;BDSB;Sense2_Pride6
STOP;computeScalaProduct3;Sense2_Pride6;2824245206308;BDSB;Sense2_Pride6
STOP;tokenizer1;Sense2_Pride6;2824356313741;BDSB;Sense2_Pride6
QUEUE;collectShingles1;Sense2_Pride6;2824356584086;BDSB;Sense2_Pride6
START;collectShingles1;Sense2_Pride6;2824356597304;BDSB;Sense2_Pride6
STOP;collectShingles1;Sense2_Pride6;2824433349504;BDSB;Sense2_Pride6
QUEUE;computeScalaProduct1;Sense2_Pride6;2824433594402;BDSB;Sense2_Pride6
START;computeScalaProduct1;Sense2_Pride6;2824433612769;BDSB;Sense2_Pride6
QUEUE;computeScalaProduct2;Sense2_Pride6;2824440416037;BDSB;Sense2_Pride6
START;computeScalaProduct2;Sense2_Pride6;2824440488253;BDSB;Sense2_Pride6
STOP;computeScalaProduct1;Sense2_Pride6;2824473547030;BDSB;Sense2_Pride6
STOP;computeScalaProduct2;Sense2_Pride6;2824476561638;BDSB;Sense2_Pride6
QUEUE;computeCosineSimilarity;Sense2_Pride6;2824476709852;BDSB;Sense2_Pride6
START;computeCosineSimilarity;Sense2_Pride6;2824476737586;BDSB;Sense2_Pride6
STOP;computeCosineSimilarity;Sense2_Pride6;2824476745757;BDSB;Sense2_Pride6
START;tokenizer1;Sense3_Pride1;2956910169660;BDSB;Sense3_Pride1
START;tokenizer2;Sense3_Pride1;2956915920118;BDSB;Sense3_Pride1
STOP;tokenizer1;Sense3_Pride1;2956991221396;BDSB;Sense3_Pride1
QUEUE;collectShingles1;Sense3_Pride1;2956993238350;BDSB;Sense3_Pride1
START;collectShingles1;Sense3_Pride1;2956993296252;BDSB;Sense3_Pride1
STOP;collectShingles1;Sense3_Pride1;2957006675641;BDSB;Sense3_Pride1
QUEUE;computeScalaProduct1;Sense3_Pride1;2957013922357;BDSB;Sense3_Pride1
START;computeScalaProduct1;Sense3_Pride1;2957013967333;BDSB;Sense3_Pride1
STOP;computeScalaProduct1;Sense3_Pride1;2957015783630;BDSB;Sense3_Pride1
STOP;tokenizer2;Sense3_Pride1;2957025188480;BDSB;Sense3_Pride1
QUEUE;collectShingles2;Sense3_Pride1;2957031261101;BDSB;Sense3_Pride1
START;collectShingles2;Sense3_Pride1;2957031431983;BDSB;Sense3_Pride1
STOP;collectShingles2;Sense3_Pride1;2957065730624;BDSB;Sense3_Pride1
QUEUE;computeScalaProduct2;Sense3_Pride1;2957066315075;BDSB;Sense3_Pride1
START;computeScalaProduct2;Sense3_Pride1;2957066378777;BDSB;Sense3_Pride1
QUEUE;computeScalaProduct3;Sense3_Pride1;2957066537785;BDSB;Sense3_Pride1
START;computeScalaProduct3;Sense3_Pride1;2957066571171;BDSB;Sense3_Pride1
STOP;computeScalaProduct2;Sense3_Pride1;2957068248359;BDSB;Sense3_Pride1
STOP;computeScalaProduct3;Sense3_Pride1;2957070837431;BDSB;Sense3_Pride1
QUEUE;computeCosineSimilarity;Sense3_Pride1;2957071465751;BDSB;Sense3_Pride1
START;computeCosineSimilarity;Sense3_Pride1;2957071707926;BDSB;Sense3_Pride1
STOP;computeCosineSimilarity;Sense3_Pride1;2957072170423;BDSB;Sense3_Pride1
START;tokenizer2;Sense4_Pride1;2957114576228;BDSB;Sense4_Pride1
START;tokenizer1;Sense4_Pride1;2957115122979;BDSB;Sense4_Pride1
STOP;tokenizer1;Sense4_Pride1;2957141083512;BDSB;Sense4_Pride1
QUEUE;collectShingles1;Sense4_Pride1;2957144125598;BDSB;Sense4_Pride1
START;collectShingles1;Sense4_Pride1;2957144170551;BDSB;Sense4_Pride1
STOP;collectShingles1;Sense4_Pride1;2957146658816;BDSB;Sense4_Pride1
QUEUE;computeScalaProduct1;Sense4_Pride1;2957147124432;BDSB;Sense4_Pride1
START;computeScalaProduct1;Sense4_Pride1;2957147155516;BDSB;Sense4_Pride1
STOP;computeScalaProduct1;Sense4_Pride1;2957148384017;BDSB;Sense4_Pride1
STOP;tokenizer2;Sense4_Pride1;2957167162917;BDSB;Sense4_Pride1
QUEUE;collectShingles2;Sense4_Pride1;2957167720185;BDSB;Sense4_Pride1
START;collectShingles2;Sense4_Pride1;2957167761490;BDSB;Sense4_Pride1
STOP;collectShingles2;Sense4_Pride1;2957202363433;BDSB;Sense4_Pride1
QUEUE;computeScalaProduct2;Sense4_Pride1;2957205436199;BDSB;Sense4_Pride1
START;computeScalaProduct2;Sense4_Pride1;2957205603461;BDSB;Sense4_Pride1
STOP;computeScalaProduct2;Sense4_Pride1;2957206849941;BDSB;Sense4_Pride1
QUEUE;computeScalaProduct3;Sense4_Pride1;2957207345326;BDSB;Sense4_Pride1
START;computeScalaProduct3;Sense4_Pride1;2957207379187;BDSB;Sense4_Pride1
STOP;computeScalaProduct3;Sense4_Pride1;2957223147849;BDSB;Sense4_Pride1
QUEUE;computeCosineSimilarity;Sense4_Pride1;2957223404374;BDSB;Sense4_Pride1
START;computeCosineSimilarity;Sense4_Pride1;2957223496158;BDSB;Sense4_Pride1
STOP;computeCosineSimilarity;Sense4_Pride1;2957223529965;BDSB;Sense4_Pride1
START;tokenizer1;Sense3_Pride2;2957274466156;BDSB;Sense3_Pride2
STOP;tokenizer1;Sense3_Pride2;2957279578680;BDSB;Sense3_Pride2
START;tokenizer2;Sense3_Pride2;2957283001624;BDSB;Sense3_Pride2
QUEUE;collectShingles1;Sense3_Pride2;2957283973520;BDSB;Sense3_Pride2
START;collectShingles1;Sense3_Pride2;2957288876199;BDSB;Sense3_Pride2
STOP;collectShingles1;Sense3_Pride2;2957296002191;BDSB;Sense3_Pride2
QUEUE;computeScalaProduct1;Sense3_Pride2;2957300932867;BDSB;Sense3_Pride2
START;computeScalaProduct1;Sense3_Pride2;2957300985128;BDSB;Sense3_Pride2
STOP;tokenizer2;Sense3_Pride2;2957304526915;BDSB;Sense3_Pride2
QUEUE;collectShingles2;Sense3_Pride2;2957307517970;BDSB;Sense3_Pride2
START;collectShingles2;Sense3_Pride2;2957312387809;BDSB;Sense3_Pride2
STOP;computeScalaProduct1;Sense3_Pride2;2957309767157;BDSB;Sense3_Pride2
STOP;collectShingles2;Sense3_Pride2;2957323603553;BDSB;Sense3_Pride2
QUEUE;computeScalaProduct2;Sense3_Pride2;2957323882311;BDSB;Sense3_Pride2
START;computeScalaProduct2;Sense3_Pride2;2957323928462;BDSB;Sense3_Pride2
STOP;computeScalaProduct2;Sense3_Pride2;2957326438006;BDSB;Sense3_Pride2
QUEUE;computeScalaProduct3;Sense3_Pride2;2957327006806;BDSB;Sense3_Pride2
START;computeScalaProduct3;Sense3_Pride2;2957327063055;BDSB;Sense3_Pride2
STOP;computeScalaProduct3;Sense3_Pride2;2957343063032;BDSB;Sense3_Pride2
QUEUE;computeCosineSimilarity;Sense3_Pride2;2957343992919;BDSB;Sense3_Pride2
START;computeCosineSimilarity;Sense3_Pride2;2957344066573;BDSB;Sense3_Pride2
STOP;computeCosineSimilarity;Sense3_Pride2;2957344091106;BDSB;Sense3_Pride2
START;tokenizer1;Sense4_Pride2;2957397421015;BDSB;Sense4_Pride2
START;tokenizer2;Sense4_Pride2;2957397447823;BDSB;Sense4_Pride2
STOP;tokenizer1;Sense4_Pride2;2957403425054;BDSB;Sense4_Pride2
QUEUE;collectShingles1;Sense4_Pride2;2957403664021;BDSB;Sense4_Pride2
START;collectShingles1;Sense4_Pride2;2957403688995;BDSB;Sense4_Pride2
STOP;collectShingles1;Sense4_Pride2;2957415843417;BDSB;Sense4_Pride2
QUEUE;computeScalaProduct1;Sense4_Pride2;2957427204145;BDSB;Sense4_Pride2
START;computeScalaProduct1;Sense4_Pride2;2957427265528;BDSB;Sense4_Pride2
STOP;computeScalaProduct1;Sense4_Pride2;2957429687351;BDSB;Sense4_Pride2
STOP;tokenizer2;Sense4_Pride2;2957430934559;BDSB;Sense4_Pride2
QUEUE;collectShingles2;Sense4_Pride2;2957432204705;BDSB;Sense4_Pride2
START;collectShingles2;Sense4_Pride2;2957432246961;BDSB;Sense4_Pride2
STOP;collectShingles2;Sense4_Pride2;2957445124235;BDSB;Sense4_Pride2
QUEUE;computeScalaProduct2;Sense4_Pride2;2957445457336;BDSB;Sense4_Pride2
START;computeScalaProduct2;Sense4_Pride2;2957445505612;BDSB;Sense4_Pride2
STOP;computeScalaProduct2;Sense4_Pride2;2957448699170;BDSB;Sense4_Pride2
QUEUE;computeScalaProduct3;Sense4_Pride2;2957449091008;BDSB;Sense4_Pride2
START;computeScalaProduct3;Sense4_Pride2;2957449643378;BDSB;Sense4_Pride2
STOP;computeScalaProduct3;Sense4_Pride2;2957463650537;BDSB;Sense4_Pride2
QUEUE;computeCosineSimilarity;Sense4_Pride2;2957463927558;BDSB;Sense4_Pride2
START;computeCosineSimilarity;Sense4_Pride2;2957464427613;BDSB;Sense4_Pride2
STOP;computeCosineSimilarity;Sense4_Pride2;2957464473071;BDSB;Sense4_Pride2
START;tokenizer1;Sense3_Pride3;2957527030746;BDSB;Sense3_Pride3
START;tokenizer2;Sense3_Pride3;2957527116935;BDSB;Sense3_Pride3
STOP;tokenizer2;Sense3_Pride3;2957550708115;BDSB;Sense3_Pride3
STOP;tokenizer1;Sense3_Pride3;2957550877764;BDSB;Sense3_Pride3
QUEUE;collectShingles2;Sense3_Pride3;2957551164017;BDSB;Sense3_Pride3
START;collectShingles2;Sense3_Pride3;2957554943474;BDSB;Sense3_Pride3
STOP;collectShingles2;Sense3_Pride3;2957561006712;BDSB;Sense3_Pride3
QUEUE;collectShingles1;Sense3_Pride3;2957562092224;BDSB;Sense3_Pride3
START;collectShingles1;Sense3_Pride3;2957562238368;BDSB;Sense3_Pride3
QUEUE;computeScalaProduct3;Sense3_Pride3;2957562180239;BDSB;Sense3_Pride3
START;computeScalaProduct3;Sense3_Pride3;2957563816481;BDSB;Sense3_Pride3
STOP;computeScalaProduct3;Sense3_Pride3;2957573131489;BDSB;Sense3_Pride3
STOP;collectShingles1;Sense3_Pride3;2957574891647;BDSB;Sense3_Pride3
QUEUE;computeScalaProduct1;Sense3_Pride3;2957575141089;BDSB;Sense3_Pride3
START;computeScalaProduct1;Sense3_Pride3;2957575210805;BDSB;Sense3_Pride3
QUEUE;computeScalaProduct2;Sense3_Pride3;2957581971342;BDSB;Sense3_Pride3
START;computeScalaProduct2;Sense3_Pride3;2957582060861;BDSB;Sense3_Pride3
STOP;computeScalaProduct1;Sense3_Pride3;2957584405894;BDSB;Sense3_Pride3
STOP;computeScalaProduct2;Sense3_Pride3;2957586962880;BDSB;Sense3_Pride3
QUEUE;computeCosineSimilarity;Sense3_Pride3;2957587191601;BDSB;Sense3_Pride3
START;computeCosineSimilarity;Sense3_Pride3;2957587264633;BDSB;Sense3_Pride3
STOP;computeCosineSimilarity;Sense3_Pride3;2957588809567;BDSB;Sense3_Pride3
START;tokenizer1;Sense4_Pride3;2957628539759;BDSB;Sense4_Pride3
START;tokenizer2;Sense4_Pride3;2957640731346;BDSB;Sense4_Pride3
STOP;tokenizer1;Sense4_Pride3;2957652162434;BDSB;Sense4_Pride3
QUEUE;collectShingles1;Sense4_Pride3;2957652772372;BDSB;Sense4_Pride3
START;collectShingles1;Sense4_Pride3;2957652846858;BDSB;Sense4_Pride3
STOP;collectShingles1;Sense4_Pride3;2957664591702;BDSB;Sense4_Pride3
QUEUE;computeScalaProduct1;Sense4_Pride3;2957667653993;BDSB;Sense4_Pride3
START;computeScalaProduct1;Sense4_Pride3;2957667681691;BDSB;Sense4_Pride3
STOP;computeScalaProduct1;Sense4_Pride3;2957678764043;BDSB;Sense4_Pride3
STOP;tokenizer2;Sense4_Pride3;2957682899311;BDSB;Sense4_Pride3
QUEUE;collectShingles2;Sense4_Pride3;2957686795067;BDSB;Sense4_Pride3
START;collectShingles2;Sense4_Pride3;2957686874099;BDSB;Sense4_Pride3
STOP;collectShingles2;Sense4_Pride3;2957718541112;BDSB;Sense4_Pride3
QUEUE;computeScalaProduct2;Sense4_Pride3;2957719285760;BDSB;Sense4_Pride3
START;computeScalaProduct2;Sense4_Pride3;2957719317224;BDSB;Sense4_Pride3
STOP;computeScalaProduct2;Sense4_Pride3;2957724599451;BDSB;Sense4_Pride3
QUEUE;computeScalaProduct3;Sense4_Pride3;2957726734058;BDSB;Sense4_Pride3
START;computeScalaProduct3;Sense4_Pride3;2957726900211;BDSB;Sense4_Pride3
STOP;computeScalaProduct3;Sense4_Pride3;2957737491435;BDSB;Sense4_Pride3
QUEUE;computeCosineSimilarity;Sense4_Pride3;2957737790631;BDSB;Sense4_Pride3
START;computeCosineSimilarity;Sense4_Pride3;2957737810687;BDSB;Sense4_Pride3
STOP;computeCosineSimilarity;Sense4_Pride3;2957737822376;BDSB;Sense4_Pride3
START;tokenizer1;Sense3_Pride4;2957767965107;BDSB;Sense3_Pride4
START;tokenizer2;Sense3_Pride4;2957771882508;BDSB;Sense3_Pride4
STOP;tokenizer2;Sense3_Pride4;2957790329313;BDSB;Sense3_Pride4
QUEUE;collectShingles2;Sense3_Pride4;2957794209466;BDSB;Sense3_Pride4
START;collectShingles2;Sense3_Pride4;2957794263330;BDSB;Sense3_Pride4
STOP;collectShingles2;Sense3_Pride4;2957817037181;BDSB;Sense3_Pride4
QUEUE;computeScalaProduct3;Sense3_Pride4;2957817284635;BDSB;Sense3_Pride4
START;computeScalaProduct3;Sense3_Pride4;2957817305937;BDSB;Sense3_Pride4
STOP;computeScalaProduct3;Sense3_Pride4;2957819551763;BDSB;Sense3_Pride4
STOP;tokenizer1;Sense3_Pride4;2957824306885;BDSB;Sense3_Pride4
QUEUE;collectShingles1;Sense3_Pride4;2957824516124;BDSB;Sense3_Pride4
START;collectShingles1;Sense3_Pride4;2957824550874;BDSB;Sense3_Pride4
STOP;collectShingles1;Sense3_Pride4;2957836661534;BDSB;Sense3_Pride4
QUEUE;computeScalaProduct1;Sense3_Pride4;2957837037011;BDSB;Sense3_Pride4
START;computeScalaProduct1;Sense3_Pride4;2957837074273;BDSB;Sense3_Pride4
STOP;computeScalaProduct1;Sense3_Pride4;2957845730423;BDSB;Sense3_Pride4
QUEUE;computeScalaProduct2;Sense3_Pride4;2957846314775;BDSB;Sense3_Pride4
START;computeScalaProduct2;Sense3_Pride4;2957846354862;BDSB;Sense3_Pride4
STOP;computeScalaProduct2;Sense3_Pride4;2957856557473;BDSB;Sense3_Pride4
QUEUE;computeCosineSimilarity;Sense3_Pride4;2957856808197;BDSB;Sense3_Pride4
START;computeCosineSimilarity;Sense3_Pride4;2957856856849;BDSB;Sense3_Pride4
STOP;computeCosineSimilarity;Sense3_Pride4;2957856869108;BDSB;Sense3_Pride4
START;tokenizer1;Sense4_Pride4;2957891203554;BDSB;Sense4_Pride4
START;tokenizer2;Sense4_Pride4;2957896841820;BDSB;Sense4_Pride4
STOP;tokenizer2;Sense4_Pride4;2957916995269;BDSB;Sense4_Pride4
QUEUE;collectShingles2;Sense4_Pride4;2957920985388;BDSB;Sense4_Pride4
START;collectShingles2;Sense4_Pride4;2957921041688;BDSB;Sense4_Pride4
STOP;collectShingles2;Sense4_Pride4;2957948676462;BDSB;Sense4_Pride4
QUEUE;computeScalaProduct3;Sense4_Pride4;2957949728034;BDSB;Sense4_Pride4
START;computeScalaProduct3;Sense4_Pride4;2957949782927;BDSB;Sense4_Pride4
STOP;tokenizer1;Sense4_Pride4;2957957665721;BDSB;Sense4_Pride4
QUEUE;collectShingles1;Sense4_Pride4;2957961162907;BDSB;Sense4_Pride4
START;collectShingles1;Sense4_Pride4;2957961282820;BDSB;Sense4_Pride4
STOP;computeScalaProduct3;Sense4_Pride4;2957974963657;BDSB;Sense4_Pride4
STOP;collectShingles1;Sense4_Pride4;2957983778721;BDSB;Sense4_Pride4
QUEUE;computeScalaProduct1;Sense4_Pride4;2957984135543;BDSB;Sense4_Pride4
START;computeScalaProduct1;Sense4_Pride4;2957984501236;BDSB;Sense4_Pride4
QUEUE;computeScalaProduct2;Sense4_Pride4;2957984347167;BDSB;Sense4_Pride4
START;computeScalaProduct2;Sense4_Pride4;2957984570162;BDSB;Sense4_Pride4
STOP;computeScalaProduct2;Sense4_Pride4;2958000887642;BDSB;Sense4_Pride4
STOP;computeScalaProduct1;Sense4_Pride4;2958013750426;BDSB;Sense4_Pride4
QUEUE;computeCosineSimilarity;Sense4_Pride4;2958013924362;BDSB;Sense4_Pride4
START;computeCosineSimilarity;Sense4_Pride4;2958013957591;BDSB;Sense4_Pride4
STOP;computeCosineSimilarity;Sense4_Pride4;2958013969508;BDSB;Sense4_Pride4
START;tokenizer1;Sense3_Pride5;2958064618803;BDSB;Sense3_Pride5
START;tokenizer2;Sense3_Pride5;2958080407198;BDSB;Sense3_Pride5
STOP;tokenizer2;Sense3_Pride5;2958091027658;BDSB;Sense3_Pride5
QUEUE;collectShingles2;Sense3_Pride5;2958098306153;BDSB;Sense3_Pride5
START;collectShingles2;Sense3_Pride5;2958098382724;BDSB;Sense3_Pride5
STOP;collectShingles2;Sense3_Pride5;2958146035239;BDSB;Sense3_Pride5
STOP;tokenizer1;Sense3_Pride5;2958152118721;BDSB;Sense3_Pride5
QUEUE;collectShingles1;Sense3_Pride5;2958157655190;BDSB;Sense3_Pride5
START;collectShingles1;Sense3_Pride5;2958157700364;BDSB;Sense3_Pride5
QUEUE;computeScalaProduct3;Sense3_Pride5;2958163743350;BDSB;Sense3_Pride5
START;computeScalaProduct3;Sense3_Pride5;2958163802863;BDSB;Sense3_Pride5
STOP;computeScalaProduct3;Sense3_Pride5;2958170124060;BDSB;Sense3_Pride5
STOP;collectShingles1;Sense3_Pride5;2958242811738;BDSB;Sense3_Pride5
QUEUE;computeScalaProduct2;Sense3_Pride5;2958243319916;BDSB;Sense3_Pride5
QUEUE;computeScalaProduct1;Sense3_Pride5;2958243338515;BDSB;Sense3_Pride5
START;computeScalaProduct1;Sense3_Pride5;2958243373097;BDSB;Sense3_Pride5
START;computeScalaProduct2;Sense3_Pride5;2958243347448;BDSB;Sense3_Pride5
STOP;computeScalaProduct2;Sense3_Pride5;2958313095377;BDSB;Sense3_Pride5
STOP;computeScalaProduct1;Sense3_Pride5;2958314511491;BDSB;Sense3_Pride5
QUEUE;computeCosineSimilarity;Sense3_Pride5;2958322650616;BDSB;Sense3_Pride5
START;computeCosineSimilarity;Sense3_Pride5;2958322678883;BDSB;Sense3_Pride5
STOP;computeCosineSimilarity;Sense3_Pride5;2958322692916;BDSB;Sense3_Pride5
START;tokenizer1;Sense4_Pride5;2958388254732;BDSB;Sense4_Pride5
START;tokenizer2;Sense4_Pride5;2958396290610;BDSB;Sense4_Pride5
STOP;tokenizer1;Sense4_Pride5;2958453442629;BDSB;Sense4_Pride5
QUEUE;collectShingles1;Sense4_Pride5;2958456687090;BDSB;Sense4_Pride5
START;collectShingles1;Sense4_Pride5;2958456742871;BDSB;Sense4_Pride5
STOP;tokenizer2;Sense4_Pride5;2958461088095;BDSB;Sense4_Pride5
QUEUE;collectShingles2;Sense4_Pride5;2958463202468;BDSB;Sense4_Pride5
START;collectShingles2;Sense4_Pride5;2958463241556;BDSB;Sense4_Pride5
STOP;collectShingles2;Sense4_Pride5;2958501910975;BDSB;Sense4_Pride5
QUEUE;computeScalaProduct3;Sense4_Pride5;2958502849112;BDSB;Sense4_Pride5
START;computeScalaProduct3;Sense4_Pride5;2958502886705;BDSB;Sense4_Pride5
STOP;computeScalaProduct3;Sense4_Pride5;2958508834237;BDSB;Sense4_Pride5
STOP;collectShingles1;Sense4_Pride5;2958518093182;BDSB;Sense4_Pride5
QUEUE;computeScalaProduct1;Sense4_Pride5;2958518339589;BDSB;Sense4_Pride5
START;computeScalaProduct1;Sense4_Pride5;2958518370729;BDSB;Sense4_Pride5
QUEUE;computeScalaProduct2;Sense4_Pride5;2958524313430;BDSB;Sense4_Pride5
START;computeScalaProduct2;Sense4_Pride5;2958524380423;BDSB;Sense4_Pride5
STOP;computeScalaProduct1;Sense4_Pride5;2958573930292;BDSB;Sense4_Pride5
STOP;computeScalaProduct2;Sense4_Pride5;2958574882885;BDSB;Sense4_Pride5
QUEUE;computeCosineSimilarity;Sense4_Pride5;2958574976302;BDSB;Sense4_Pride5
START;computeCosineSimilarity;Sense4_Pride5;2958575003621;BDSB;Sense4_Pride5
STOP;computeCosineSimilarity;Sense4_Pride5;2958578865345;BDSB;Sense4_Pride5
START;tokenizer2;Sense3_Pride6;2958663380588;BDSB;Sense3_Pride6
START;tokenizer1;Sense3_Pride6;2958673199096;BDSB;Sense3_Pride6
STOP;tokenizer2;Sense3_Pride6;2958686477454;BDSB;Sense3_Pride6
QUEUE;collectShingles2;Sense3_Pride6;2958691779233;BDSB;Sense3_Pride6
START;collectShingles2;Sense3_Pride6;2958691823162;BDSB;Sense3_Pride6
STOP;collectShingles2;Sense3_Pride6;2958731242940;BDSB;Sense3_Pride6
QUEUE;computeScalaProduct3;Sense3_Pride6;2958732709091;BDSB;Sense3_Pride6
START;computeScalaProduct3;Sense3_Pride6;2958732728070;BDSB;Sense3_Pride6
STOP;computeScalaProduct3;Sense3_Pride6;2958742800528;BDSB;Sense3_Pride6
STOP;tokenizer1;Sense3_Pride6;2958840274683;BDSB;Sense3_Pride6
QUEUE;collectShingles1;Sense3_Pride6;2958840580997;BDSB;Sense3_Pride6
START;collectShingles1;Sense3_Pride6;2958840705970;BDSB;Sense3_Pride6
STOP;collectShingles1;Sense3_Pride6;2959044038324;BDSB;Sense3_Pride6
QUEUE;computeScalaProduct2;Sense3_Pride6;2959044616148;BDSB;Sense3_Pride6
QUEUE;computeScalaProduct1;Sense3_Pride6;2959044614566;BDSB;Sense3_Pride6
START;computeScalaProduct1;Sense3_Pride6;2959044667375;BDSB;Sense3_Pride6
START;computeScalaProduct2;Sense3_Pride6;2959046663400;BDSB;Sense3_Pride6
STOP;computeScalaProduct1;Sense3_Pride6;2959087833759;BDSB;Sense3_Pride6
STOP;computeScalaProduct2;Sense3_Pride6;2959097156451;BDSB;Sense3_Pride6
QUEUE;computeCosineSimilarity;Sense3_Pride6;2959097450512;BDSB;Sense3_Pride6
START;computeCosineSimilarity;Sense3_Pride6;2959097511114;BDSB;Sense3_Pride6
STOP;computeCosineSimilarity;Sense3_Pride6;2959097522249;BDSB;Sense3_Pride6
START;tokenizer1;Sense4_Pride6;2959124503993;BDSB;Sense4_Pride6
START;tokenizer2;Sense4_Pride6;2959128147039;BDSB;Sense4_Pride6
STOP;tokenizer2;Sense4_Pride6;2959159282309;BDSB;Sense4_Pride6
QUEUE;collectShingles2;Sense4_Pride6;2959159560718;BDSB;Sense4_Pride6
START;collectShingles2;Sense4_Pride6;2959159625302;BDSB;Sense4_Pride6
STOP;collectShingles2;Sense4_Pride6;2959181857401;BDSB;Sense4_Pride6
QUEUE;computeScalaProduct3;Sense4_Pride6;2959183566553;BDSB;Sense4_Pride6
START;computeScalaProduct3;Sense4_Pride6;2959183595971;BDSB;Sense4_Pride6
STOP;computeScalaProduct3;Sense4_Pride6;2959247610244;BDSB;Sense4_Pride6
STOP;tokenizer1;Sense4_Pride6;2959281351610;BDSB;Sense4_Pride6
QUEUE;collectShingles1;Sense4_Pride6;2959281639980;BDSB;Sense4_Pride6
START;collectShingles1;Sense4_Pride6;2959281654373;BDSB;Sense4_Pride6
STOP;collectShingles1;Sense4_Pride6;2959400089857;BDSB;Sense4_Pride6
QUEUE;computeScalaProduct1;Sense4_Pride6;2959400283777;BDSB;Sense4_Pride6
START;computeScalaProduct1;Sense4_Pride6;2959400300067;BDSB;Sense4_Pride6
QUEUE;computeScalaProduct2;Sense4_Pride6;2959400876069;BDSB;Sense4_Pride6
START;computeScalaProduct2;Sense4_Pride6;2959400895259;BDSB;Sense4_Pride6
STOP;computeScalaProduct1;Sense4_Pride6;2959424067375;BDSB;Sense4_Pride6
STOP;computeScalaProduct2;Sense4_Pride6;2959424797502;BDSB;Sense4_Pride6
QUEUE;computeCosineSimilarity;Sense4_Pride6;2959425062241;BDSB;Sense4_Pride6
START;computeCosineSimilarity;Sense4_Pride6;2959425072810;BDSB;Sense4_Pride6
STOP;computeCosineSimilarity;Sense4_Pride6;2959425080043;BDSB;Sense4_Pride6
START;tokenizer1;Sense5_Pride1;3159552560785;BDSB;Sense5_Pride1
START;tokenizer2;Sense5_Pride1;3159557406627;BDSB;Sense5_Pride1
STOP;tokenizer1;Sense5_Pride1;3159608620868;BDSB;Sense5_Pride1
QUEUE;collectShingles1;Sense5_Pride1;3159612657330;BDSB;Sense5_Pride1
START;collectShingles1;Sense5_Pride1;3159612789340;BDSB;Sense5_Pride1
STOP;collectShingles1;Sense5_Pride1;3159626803822;BDSB;Sense5_Pride1
QUEUE;computeScalaProduct1;Sense5_Pride1;3159627379962;BDSB;Sense5_Pride1
START;computeScalaProduct1;Sense5_Pride1;3159627417439;BDSB;Sense5_Pride1
STOP;computeScalaProduct1;Sense5_Pride1;3159628976254;BDSB;Sense5_Pride1
STOP;tokenizer2;Sense5_Pride1;3159714348556;BDSB;Sense5_Pride1
QUEUE;collectShingles2;Sense5_Pride1;3159714828798;BDSB;Sense5_Pride1
START;collectShingles2;Sense5_Pride1;3159714865721;BDSB;Sense5_Pride1
STOP;collectShingles2;Sense5_Pride1;3159772870168;BDSB;Sense5_Pride1
QUEUE;computeScalaProduct2;Sense5_Pride1;3159773316796;BDSB;Sense5_Pride1
START;computeScalaProduct2;Sense5_Pride1;3159773356560;BDSB;Sense5_Pride1
STOP;computeScalaProduct2;Sense5_Pride1;3159775041220;BDSB;Sense5_Pride1
QUEUE;computeScalaProduct3;Sense5_Pride1;3159775685586;BDSB;Sense5_Pride1
START;computeScalaProduct3;Sense5_Pride1;3159775722814;BDSB;Sense5_Pride1
STOP;computeScalaProduct3;Sense5_Pride1;3159791468873;BDSB;Sense5_Pride1
QUEUE;computeCosineSimilarity;Sense5_Pride1;3159791756238;BDSB;Sense5_Pride1
START;computeCosineSimilarity;Sense5_Pride1;3159791790847;BDSB;Sense5_Pride1
STOP;computeCosineSimilarity;Sense5_Pride1;3159791835668;BDSB;Sense5_Pride1
START;tokenizer1;Sense5_Pride2;3159833807258;BDSB;Sense5_Pride2
STOP;tokenizer1;Sense5_Pride2;3159838530741;BDSB;Sense5_Pride2
START;tokenizer2;Sense5_Pride2;3159842275454;BDSB;Sense5_Pride2
QUEUE;collectShingles1;Sense5_Pride2;3159844158120;BDSB;Sense5_Pride2
START;collectShingles1;Sense5_Pride2;3159844213430;BDSB;Sense5_Pride2
STOP;collectShingles1;Sense5_Pride2;3159853495635;BDSB;Sense5_Pride2
QUEUE;computeScalaProduct1;Sense5_Pride2;3159854350950;BDSB;Sense5_Pride2
START;computeScalaProduct1;Sense5_Pride2;3159854383412;BDSB;Sense5_Pride2
STOP;computeScalaProduct1;Sense5_Pride2;3159857426313;BDSB;Sense5_Pride2
STOP;tokenizer2;Sense5_Pride2;3159909405226;BDSB;Sense5_Pride2
QUEUE;collectShingles2;Sense5_Pride2;3159909724500;BDSB;Sense5_Pride2
START;collectShingles2;Sense5_Pride2;3159909761954;BDSB;Sense5_Pride2
STOP;collectShingles2;Sense5_Pride2;3159957959930;BDSB;Sense5_Pride2
QUEUE;computeScalaProduct2;Sense5_Pride2;3159958286328;BDSB;Sense5_Pride2
START;computeScalaProduct2;Sense5_Pride2;3159958445627;BDSB;Sense5_Pride2
STOP;computeScalaProduct2;Sense5_Pride2;3159963452390;BDSB;Sense5_Pride2
QUEUE;computeScalaProduct3;Sense5_Pride2;3159964001059;BDSB;Sense5_Pride2
START;computeScalaProduct3;Sense5_Pride2;3159964038719;BDSB;Sense5_Pride2
STOP;computeScalaProduct3;Sense5_Pride2;3159981106468;BDSB;Sense5_Pride2
QUEUE;computeCosineSimilarity;Sense5_Pride2;3159981304088;BDSB;Sense5_Pride2
START;computeCosineSimilarity;Sense5_Pride2;3159981350050;BDSB;Sense5_Pride2
STOP;computeCosineSimilarity;Sense5_Pride2;3159981374589;BDSB;Sense5_Pride2
START;tokenizer1;Sense5_Pride3;3160019875755;BDSB;Sense5_Pride3
START;tokenizer2;Sense5_Pride3;3160024156131;BDSB;Sense5_Pride3
STOP;tokenizer1;Sense5_Pride3;3160050894801;BDSB;Sense5_Pride3
QUEUE;collectShingles1;Sense5_Pride3;3160051615199;BDSB;Sense5_Pride3
START;collectShingles1;Sense5_Pride3;3160051653133;BDSB;Sense5_Pride3
STOP;collectShingles1;Sense5_Pride3;3160059892655;BDSB;Sense5_Pride3
QUEUE;computeScalaProduct1;Sense5_Pride3;3160062804272;BDSB;Sense5_Pride3
START;computeScalaProduct1;Sense5_Pride3;3160062833451;BDSB;Sense5_Pride3
STOP;computeScalaProduct1;Sense5_Pride3;3160071942592;BDSB;Sense5_Pride3
STOP;tokenizer2;Sense5_Pride3;3160134981863;BDSB;Sense5_Pride3
QUEUE;collectShingles2;Sense5_Pride3;3160135459183;BDSB;Sense5_Pride3
START;collectShingles2;Sense5_Pride3;3160135491387;BDSB;Sense5_Pride3
STOP;collectShingles2;Sense5_Pride3;3160179365587;BDSB;Sense5_Pride3
QUEUE;computeScalaProduct2;Sense5_Pride3;3160179819825;BDSB;Sense5_Pride3
START;computeScalaProduct2;Sense5_Pride3;3160179854392;BDSB;Sense5_Pride3
STOP;computeScalaProduct2;Sense5_Pride3;3160183756502;BDSB;Sense5_Pride3
QUEUE;computeScalaProduct3;Sense5_Pride3;3160185696251;BDSB;Sense5_Pride3
START;computeScalaProduct3;Sense5_Pride3;3160185766888;BDSB;Sense5_Pride3
STOP;computeScalaProduct3;Sense5_Pride3;3160202630490;BDSB;Sense5_Pride3
QUEUE;computeCosineSimilarity;Sense5_Pride3;3160202887066;BDSB;Sense5_Pride3
START;computeCosineSimilarity;Sense5_Pride3;3160202971107;BDSB;Sense5_Pride3
STOP;computeCosineSimilarity;Sense5_Pride3;3160202994177;BDSB;Sense5_Pride3
START;tokenizer1;Sense5_Pride4;3201086139445;BDSB;Sense5_Pride4
START;tokenizer2;Sense5_Pride4;3201086185805;BDSB;Sense5_Pride4
STOP;tokenizer1;Sense5_Pride4;3201233848980;BDSB;Sense5_Pride4
QUEUE;collectShingles1;Sense5_Pride4;3201234974557;BDSB;Sense5_Pride4
START;collectShingles1;Sense5_Pride4;3201235030986;BDSB;Sense5_Pride4
STOP;collectShingles1;Sense5_Pride4;3201308812608;BDSB;Sense5_Pride4
QUEUE;computeScalaProduct1;Sense5_Pride4;3201309325311;BDSB;Sense5_Pride4
START;computeScalaProduct1;Sense5_Pride4;3201309368594;BDSB;Sense5_Pride4
STOP;tokenizer2;Sense5_Pride4;3201323341688;BDSB;Sense5_Pride4
QUEUE;collectShingles2;Sense5_Pride4;3201324091129;BDSB;Sense5_Pride4
START;collectShingles2;Sense5_Pride4;3201324666516;BDSB;Sense5_Pride4
STOP;computeScalaProduct1;Sense5_Pride4;3201324091156;BDSB;Sense5_Pride4
STOP;collectShingles2;Sense5_Pride4;3201482358311;BDSB;Sense5_Pride4
QUEUE;computeScalaProduct2;Sense5_Pride4;3201483027876;BDSB;Sense5_Pride4
START;computeScalaProduct2;Sense5_Pride4;3201483089602;BDSB;Sense5_Pride4
QUEUE;computeScalaProduct3;Sense5_Pride4;3201493202044;BDSB;Sense5_Pride4
START;computeScalaProduct3;Sense5_Pride4;3201496177562;BDSB;Sense5_Pride4
STOP;computeScalaProduct2;Sense5_Pride4;3201494871148;BDSB;Sense5_Pride4
STOP;computeScalaProduct3;Sense5_Pride4;3201521408490;BDSB;Sense5_Pride4
QUEUE;computeCosineSimilarity;Sense5_Pride4;3201521815163;BDSB;Sense5_Pride4
START;computeCosineSimilarity;Sense5_Pride4;3201521921694;BDSB;Sense5_Pride4
STOP;computeCosineSimilarity;Sense5_Pride4;3201521975623;BDSB;Sense5_Pride4
START;tokenizer1;Sense5_Pride5;3201589519115;BDSB;Sense5_Pride5
START;tokenizer2;Sense5_Pride5;3201589537888;BDSB;Sense5_Pride5
STOP;tokenizer2;Sense5_Pride5;3201815734788;BDSB;Sense5_Pride5
QUEUE;collectShingles2;Sense5_Pride5;3201822704811;BDSB;Sense5_Pride5
START;collectShingles2;Sense5_Pride5;3201822775154;BDSB;Sense5_Pride5
STOP;tokenizer1;Sense5_Pride5;3201894611722;BDSB;Sense5_Pride5
QUEUE;collectShingles1;Sense5_Pride5;3201903766225;BDSB;Sense5_Pride5
START;collectShingles1;Sense5_Pride5;3201903855872;BDSB;Sense5_Pride5
STOP;collectShingles2;Sense5_Pride5;3202023373477;BDSB;Sense5_Pride5
QUEUE;computeScalaProduct3;Sense5_Pride5;3202023814035;BDSB;Sense5_Pride5
START;computeScalaProduct3;Sense5_Pride5;3202023850230;BDSB;Sense5_Pride5
STOP;computeScalaProduct3;Sense5_Pride5;3202068003445;BDSB;Sense5_Pride5
STOP;collectShingles1;Sense5_Pride5;3202077631157;BDSB;Sense5_Pride5
QUEUE;computeScalaProduct1;Sense5_Pride5;3202077995789;BDSB;Sense5_Pride5
START;computeScalaProduct1;Sense5_Pride5;3202078028989;BDSB;Sense5_Pride5
QUEUE;computeScalaProduct2;Sense5_Pride5;3202101649303;BDSB;Sense5_Pride5
START;computeScalaProduct2;Sense5_Pride5;3202101883555;BDSB;Sense5_Pride5
STOP;computeScalaProduct1;Sense5_Pride5;3202128744571;BDSB;Sense5_Pride5
STOP;computeScalaProduct2;Sense5_Pride5;3202131175119;BDSB;Sense5_Pride5
QUEUE;computeCosineSimilarity;Sense5_Pride5;3202131663311;BDSB;Sense5_Pride5
START;computeCosineSimilarity;Sense5_Pride5;3202131698858;BDSB;Sense5_Pride5
STOP;computeCosineSimilarity;Sense5_Pride5;3202131722756;BDSB;Sense5_Pride5
START;tokenizer1;Sense5_Pride6;3202177229271;BDSB;Sense5_Pride6
START;tokenizer2;Sense5_Pride6;3202182445843;BDSB;Sense5_Pride6
STOP;tokenizer2;Sense5_Pride6;3202345036191;BDSB;Sense5_Pride6
QUEUE;collectShingles2;Sense5_Pride6;3202351887317;BDSB;Sense5_Pride6
START;collectShingles2;Sense5_Pride6;3202351976700;BDSB;Sense5_Pride6
STOP;collectShingles2;Sense5_Pride6;3202485771736;BDSB;Sense5_Pride6
QUEUE;computeScalaProduct3;Sense5_Pride6;3202487135110;BDSB;Sense5_Pride6
START;computeScalaProduct3;Sense5_Pride6;3202487170044;BDSB;Sense5_Pride6
STOP;computeScalaProduct3;Sense5_Pride6;3202507634189;BDSB;Sense5_Pride6
STOP;tokenizer1;Sense5_Pride6;3202646972816;BDSB;Sense5_Pride6
QUEUE;collectShingles1;Sense5_Pride6;3202647741406;BDSB;Sense5_Pride6
START;collectShingles1;Sense5_Pride6;3202647776927;BDSB;Sense5_Pride6
STOP;collectShingles1;Sense5_Pride6;3202844541740;BDSB;Sense5_Pride6
QUEUE;computeScalaProduct2;Sense5_Pride6;3202844788645;BDSB;Sense5_Pride6
QUEUE;computeScalaProduct1;Sense5_Pride6;3202844809982;BDSB;Sense5_Pride6
START;computeScalaProduct1;Sense5_Pride6;3202844895647;BDSB;Sense5_Pride6
START;computeScalaProduct2;Sense5_Pride6;3202844813649;BDSB;Sense5_Pride6
STOP;computeScalaProduct1;Sense5_Pride6;3202872493119;BDSB;Sense5_Pride6
STOP;computeScalaProduct2;Sense5_Pride6;3202888923897;BDSB;Sense5_Pride6
QUEUE;computeCosineSimilarity;Sense5_Pride6;3202889788688;BDSB;Sense5_Pride6
START;computeCosineSimilarity;Sense5_Pride6;3202889847539;BDSB;Sense5_Pride6
STOP;computeCosineSimilarity;Sense5_Pride6;3202889866750;BDSB;Sense5_Pride6
START;tokenizer1;Sense6_Pride1;3292644964485;BDSB;Sense6_Pride1
START;tokenizer2;Sense6_Pride1;3292648945455;BDSB;Sense6_Pride1
STOP;tokenizer1;Sense6_Pride1;3292702460863;BDSB;Sense6_Pride1
QUEUE;collectShingles1;Sense6_Pride1;3292713520814;BDSB;Sense6_Pride1
START;collectShingles1;Sense6_Pride1;3292713597816;BDSB;Sense6_Pride1
STOP;collectShingles1;Sense6_Pride1;3292730130381;BDSB;Sense6_Pride1
QUEUE;computeScalaProduct1;Sense6_Pride1;3292739124323;BDSB;Sense6_Pride1
START;computeScalaProduct1;Sense6_Pride1;3292739191131;BDSB;Sense6_Pride1
STOP;computeScalaProduct1;Sense6_Pride1;3292741081797;BDSB;Sense6_Pride1
STOP;tokenizer2;Sense6_Pride1;3292883788706;BDSB;Sense6_Pride1
QUEUE;collectShingles2;Sense6_Pride1;3292884221202;BDSB;Sense6_Pride1
START;collectShingles2;Sense6_Pride1;3292884260521;BDSB;Sense6_Pride1
STOP;collectShingles2;Sense6_Pride1;3293012030813;BDSB;Sense6_Pride1
QUEUE;computeScalaProduct2;Sense6_Pride1;3293012528235;BDSB;Sense6_Pride1
START;computeScalaProduct2;Sense6_Pride1;3293012567615;BDSB;Sense6_Pride1
STOP;computeScalaProduct2;Sense6_Pride1;3293014365119;BDSB;Sense6_Pride1
QUEUE;computeScalaProduct3;Sense6_Pride1;3293015998265;BDSB;Sense6_Pride1
START;computeScalaProduct3;Sense6_Pride1;3293016048038;BDSB;Sense6_Pride1
STOP;computeScalaProduct3;Sense6_Pride1;3293047526283;BDSB;Sense6_Pride1
QUEUE;computeCosineSimilarity;Sense6_Pride1;3293048351951;BDSB;Sense6_Pride1
START;computeCosineSimilarity;Sense6_Pride1;3293048407106;BDSB;Sense6_Pride1
STOP;computeCosineSimilarity;Sense6_Pride1;3293048541190;BDSB;Sense6_Pride1
START;tokenizer2;Sense6_Pride2;3293134415631;BDSB;Sense6_Pride2
START;tokenizer1;Sense6_Pride2;3293134422447;BDSB;Sense6_Pride2
STOP;tokenizer1;Sense6_Pride2;3293140213209;BDSB;Sense6_Pride2
QUEUE;collectShingles1;Sense6_Pride2;3293150145069;BDSB;Sense6_Pride2
START;collectShingles1;Sense6_Pride2;3293150242160;BDSB;Sense6_Pride2
STOP;collectShingles1;Sense6_Pride2;3293160766333;BDSB;Sense6_Pride2
QUEUE;computeScalaProduct1;Sense6_Pride2;3293161347481;BDSB;Sense6_Pride2
START;computeScalaProduct1;Sense6_Pride2;3293161403471;BDSB;Sense6_Pride2
STOP;computeScalaProduct1;Sense6_Pride2;3293163532495;BDSB;Sense6_Pride2
STOP;tokenizer2;Sense6_Pride2;3293242263593;BDSB;Sense6_Pride2
QUEUE;collectShingles2;Sense6_Pride2;3293242661964;BDSB;Sense6_Pride2
START;collectShingles2;Sense6_Pride2;3293242763849;BDSB;Sense6_Pride2
STOP;collectShingles2;Sense6_Pride2;3293420312487;BDSB;Sense6_Pride2
QUEUE;computeScalaProduct2;Sense6_Pride2;3293421012852;BDSB;Sense6_Pride2
START;computeScalaProduct2;Sense6_Pride2;3293421067699;BDSB;Sense6_Pride2
STOP;computeScalaProduct2;Sense6_Pride2;3293423414391;BDSB;Sense6_Pride2
QUEUE;computeScalaProduct3;Sense6_Pride2;3293426903473;BDSB;Sense6_Pride2
START;computeScalaProduct3;Sense6_Pride2;3293426960735;BDSB;Sense6_Pride2
STOP;computeScalaProduct3;Sense6_Pride2;3293444694879;BDSB;Sense6_Pride2
QUEUE;computeCosineSimilarity;Sense6_Pride2;3293444919188;BDSB;Sense6_Pride2
START;computeCosineSimilarity;Sense6_Pride2;3293444963273;BDSB;Sense6_Pride2
STOP;computeCosineSimilarity;Sense6_Pride2;3293444985683;BDSB;Sense6_Pride2
START;tokenizer1;Sense6_Pride3;3326652767713;BDSB;Sense6_Pride3
START;tokenizer2;Sense6_Pride3;3326658847332;BDSB;Sense6_Pride3
STOP;tokenizer1;Sense6_Pride3;3326752548088;BDSB;Sense6_Pride3
QUEUE;collectShingles1;Sense6_Pride3;3326755485530;BDSB;Sense6_Pride3
START;collectShingles1;Sense6_Pride3;3326755570682;BDSB;Sense6_Pride3
STOP;collectShingles1;Sense6_Pride3;3326836613272;BDSB;Sense6_Pride3
QUEUE;computeScalaProduct1;Sense6_Pride3;3326839492891;BDSB;Sense6_Pride3
START;computeScalaProduct1;Sense6_Pride3;3326839578188;BDSB;Sense6_Pride3
STOP;computeScalaProduct1;Sense6_Pride3;3326857154949;BDSB;Sense6_Pride3
STOP;tokenizer2;Sense6_Pride3;3326924937489;BDSB;Sense6_Pride3
QUEUE;collectShingles2;Sense6_Pride3;3326925252873;BDSB;Sense6_Pride3
START;collectShingles2;Sense6_Pride3;3326925304170;BDSB;Sense6_Pride3
STOP;collectShingles2;Sense6_Pride3;3327076505853;BDSB;Sense6_Pride3
QUEUE;computeScalaProduct2;Sense6_Pride3;3327077298513;BDSB;Sense6_Pride3
START;computeScalaProduct2;Sense6_Pride3;3327077373149;BDSB;Sense6_Pride3
QUEUE;computeScalaProduct3;Sense6_Pride3;3327092004124;BDSB;Sense6_Pride3
START;computeScalaProduct3;Sense6_Pride3;3327092108500;BDSB;Sense6_Pride3
STOP;computeScalaProduct2;Sense6_Pride3;3327106259327;BDSB;Sense6_Pride3
STOP;computeScalaProduct3;Sense6_Pride3;3327143488941;BDSB;Sense6_Pride3
QUEUE;computeCosineSimilarity;Sense6_Pride3;3327143723867;BDSB;Sense6_Pride3
START;computeCosineSimilarity;Sense6_Pride3;3327143771043;BDSB;Sense6_Pride3
STOP;computeCosineSimilarity;Sense6_Pride3;3327143945150;BDSB;Sense6_Pride3
START;tokenizer1;Sense6_Pride4;3327259312281;BDSB;Sense6_Pride4
START;tokenizer2;Sense6_Pride4;3327259325855;BDSB;Sense6_Pride4
STOP;tokenizer1;Sense6_Pride4;3327287132743;BDSB;Sense6_Pride4
QUEUE;collectShingles1;Sense6_Pride4;3327290234554;BDSB;Sense6_Pride4
START;collectShingles1;Sense6_Pride4;3327290288467;BDSB;Sense6_Pride4
STOP;collectShingles1;Sense6_Pride4;3327317959927;BDSB;Sense6_Pride4
QUEUE;computeScalaProduct1;Sense6_Pride4;3327318258519;BDSB;Sense6_Pride4
START;computeScalaProduct1;Sense6_Pride4;3327318303301;BDSB;Sense6_Pride4
STOP;computeScalaProduct1;Sense6_Pride4;3327345116540;BDSB;Sense6_Pride4
STOP;tokenizer2;Sense6_Pride4;3327469473179;BDSB;Sense6_Pride4
QUEUE;collectShingles2;Sense6_Pride4;3327471715118;BDSB;Sense6_Pride4
START;collectShingles2;Sense6_Pride4;3327471765218;BDSB;Sense6_Pride4
STOP;collectShingles2;Sense6_Pride4;3327662780782;BDSB;Sense6_Pride4
QUEUE;computeScalaProduct2;Sense6_Pride4;3327663213174;BDSB;Sense6_Pride4
START;computeScalaProduct2;Sense6_Pride4;3327663263803;BDSB;Sense6_Pride4
QUEUE;computeScalaProduct3;Sense6_Pride4;3327670716691;BDSB;Sense6_Pride4
START;computeScalaProduct3;Sense6_Pride4;3327670792305;BDSB;Sense6_Pride4
STOP;computeScalaProduct2;Sense6_Pride4;3327679633760;BDSB;Sense6_Pride4
STOP;computeScalaProduct3;Sense6_Pride4;3327702433154;BDSB;Sense6_Pride4
QUEUE;computeCosineSimilarity;Sense6_Pride4;3327707308010;BDSB;Sense6_Pride4
START;computeCosineSimilarity;Sense6_Pride4;3327707340888;BDSB;Sense6_Pride4
STOP;computeCosineSimilarity;Sense6_Pride4;3327707362156;BDSB;Sense6_Pride4
START;tokenizer1;Sense6_Pride5;3367898672772;BDSB;Sense6_Pride5
START;tokenizer2;Sense6_Pride5;3367904265317;BDSB;Sense6_Pride5
STOP;tokenizer1;Sense6_Pride5;3368152612022;BDSB;Sense6_Pride5
QUEUE;collectShingles1;Sense6_Pride5;3368156289803;BDSB;Sense6_Pride5
START;collectShingles1;Sense6_Pride5;3368156390106;BDSB;Sense6_Pride5
STOP;collectShingles1;Sense6_Pride5;3368275512631;BDSB;Sense6_Pride5
QUEUE;computeScalaProduct1;Sense6_Pride5;3368278388915;BDSB;Sense6_Pride5
START;computeScalaProduct1;Sense6_Pride5;3368278436230;BDSB;Sense6_Pride5
STOP;tokenizer2;Sense6_Pride5;3368291170080;BDSB;Sense6_Pride5
QUEUE;collectShingles2;Sense6_Pride5;3368297369216;BDSB;Sense6_Pride5
START;collectShingles2;Sense6_Pride5;3368297434532;BDSB;Sense6_Pride5
STOP;computeScalaProduct1;Sense6_Pride5;3368299782357;BDSB;Sense6_Pride5
STOP;collectShingles2;Sense6_Pride5;3368501691112;BDSB;Sense6_Pride5
QUEUE;computeScalaProduct2;Sense6_Pride5;3368502197159;BDSB;Sense6_Pride5
START;computeScalaProduct2;Sense6_Pride5;3368502238975;BDSB;Sense6_Pride5
QUEUE;computeScalaProduct3;Sense6_Pride5;3368510510367;BDSB;Sense6_Pride5
START;computeScalaProduct3;Sense6_Pride5;3368510602958;BDSB;Sense6_Pride5
STOP;computeScalaProduct2;Sense6_Pride5;3368542122362;BDSB;Sense6_Pride5
STOP;computeScalaProduct3;Sense6_Pride5;3368546874729;BDSB;Sense6_Pride5
QUEUE;computeCosineSimilarity;Sense6_Pride5;3368547415624;BDSB;Sense6_Pride5
START;computeCosineSimilarity;Sense6_Pride5;3368547470307;BDSB;Sense6_Pride5
STOP;computeCosineSimilarity;Sense6_Pride5;3368547518251;BDSB;Sense6_Pride5
START;tokenizer1;Sense6_Pride6;3368640493446;BDSB;Sense6_Pride6
START;tokenizer2;Sense6_Pride6;3368672323736;BDSB;Sense6_Pride6
STOP;tokenizer1;Sense6_Pride6;3368889562595;BDSB;Sense6_Pride6
QUEUE;collectShingles1;Sense6_Pride6;3368902278115;BDSB;Sense6_Pride6
START;collectShingles1;Sense6_Pride6;3368902440603;BDSB;Sense6_Pride6
STOP;tokenizer2;Sense6_Pride6;3368964850485;BDSB;Sense6_Pride6
QUEUE;collectShingles2;Sense6_Pride6;3368967714556;BDSB;Sense6_Pride6
START;collectShingles2;Sense6_Pride6;3368967772544;BDSB;Sense6_Pride6
STOP;collectShingles1;Sense6_Pride6;3369145782804;BDSB;Sense6_Pride6
QUEUE;computeScalaProduct1;Sense6_Pride6;3369146047721;BDSB;Sense6_Pride6
START;computeScalaProduct1;Sense6_Pride6;3369146083860;BDSB;Sense6_Pride6
STOP;collectShingles2;Sense6_Pride6;3369166271221;BDSB;Sense6_Pride6
QUEUE;computeScalaProduct2;Sense6_Pride6;3369166670108;BDSB;Sense6_Pride6
START;computeScalaProduct2;Sense6_Pride6;3369166708897;BDSB;Sense6_Pride6
QUEUE;computeScalaProduct3;Sense6_Pride6;3369194856011;BDSB;Sense6_Pride6
START;computeScalaProduct3;Sense6_Pride6;3369194953839;BDSB;Sense6_Pride6
STOP;computeScalaProduct1;Sense6_Pride6;3369266557279;BDSB;Sense6_Pride6
STOP;computeScalaProduct3;Sense6_Pride6;3369314168639;BDSB;Sense6_Pride6
STOP;computeScalaProduct2;Sense6_Pride6;3369320892426;BDSB;Sense6_Pride6
QUEUE;computeCosineSimilarity;Sense6_Pride6;3369322085368;BDSB;Sense6_Pride6
START;computeCosineSimilarity;Sense6_Pride6;3369322143259;BDSB;Sense6_Pride6
STOP;computeCosineSimilarity;Sense6_Pride6;3369322167682;BDSB;Sense6_Pride6
