START,aTokenizer,Sense1,979477067130,FMT-M,Pride1_Sense1
START,Tokenize,Pride1,979477069670,FMT-M,Pride1_Sense1
END,Tokenize,Sense1,979484561920,FMT-M,Pride1_Sense1
END,Tokenize,Pride1,979484764139,FMT-M,Pride1_Sense1
START,Collect,Sense1,979540483730,FMT-M,Pride1_Sense1
START,Collect,Pride1,979549264206,FMT-M,Pride1_Sense1
END,Collect,Sense1,979562060603,FMT-M,Pride1_Sense1
END,Collect,Pride1,979562862630,FMT-M,Pride1_Sense1
QUEUE,ComputeScalar,Pride1,979566202581,FMT-M,Pride1_Sense1
QUEUE,ComputeScalar,Sense1,979567627648,FMT-M,Pride1_Sense1
START,ComputeScalar,Pride1,979569795642,FMT-M,Pride1_Sense1
START,ComputeScalar,Sense1,979572040836,FMT-M,Pride1_Sense1
QUEUE,ComputeScalar,Pride1_Sense1,979572521214,FMT-M,Pride1_Sense1
START,ComputeScalar,Pride1_Sense1,979574834048,FMT-M,Pride1_Sense1
END,ComputeScalar,Pride1,979575981675,FMT-M,Pride1_Sense1
QUEUE,ComputeCosine,Pride1_Sense1,979576739333,FMT-M,Pride1_Sense1
END,ComputeScalar,Pride1_Sense1,979577245962,FMT-M,Pride1_Sense1
END,ComputeScalar,Sense1,979577386501,FMT-M,Pride1_Sense1
QUEUE,ComputeCosine,Pride1_Sense1,979577420631,FMT-M,Pride1_Sense1
START,ComputeCosine,Pride1_Sense1,979577632641,FMT-M,Pride1_Sense1
END,ComputeCosine,Pride1_Sense1,979577725550,FMT-M,Pride1_Sense1
START,Tokenize,Pride2,979585016601,FMT-M,Pride2_Sense1
START,Tokenize,Sense1,979585015521,FMT-M,Pride2_Sense1
END,Tokenize,Sense1,979586021498,FMT-M,Pride2_Sense1
END,Tokenize,Pride2,979586641856,FMT-M,Pride2_Sense1
START,Collect,Sense1,979613083796,FMT-M,Pride2_Sense1
END,Collect,Sense1,979616530356,FMT-M,Pride2_Sense1
QUEUE,ComputeScalar,Sense1,979618517401,FMT-M,Pride2_Sense1
START,Collect,Pride2,979619723008,FMT-M,Pride2_Sense1
START,ComputeScalar,Sense1,979620527086,FMT-M,Pride2_Sense1
END,ComputeScalar,Sense1,979621925682,FMT-M,Pride2_Sense1
QUEUE,ComputeCosine,Pride2_Sense1,979622048702,FMT-M,Pride2_Sense1
QUEUE,ComputeScalar,Pride2_Sense1,979622846599,FMT-M,Pride2_Sense1
END,Collect,Pride2,979626981428,FMT-M,Pride2_Sense1
QUEUE,ComputeScalar,Pride2,979630381209,FMT-M,Pride2_Sense1
START,ComputeScalar,Pride2,979633819080,FMT-M,Pride2_Sense1
START,ComputeScalar,Pride2_Sense1,979637080111,FMT-M,Pride2_Sense1
END,ComputeScalar,Pride2,979638958616,FMT-M,Pride2_Sense1
QUEUE,ComputeCosine,Pride2_Sense1,979639174735,FMT-M,Pride2_Sense1
END,ComputeScalar,Pride2_Sense1,979642584167,FMT-M,Pride2_Sense1
START,ComputeCosine,Pride2_Sense1,979642787756,FMT-M,Pride2_Sense1
END,ComputeCosine,Pride2_Sense1,979642864626,FMT-M,Pride2_Sense1
START,Tokenize,Sense1,979645498909,FMT-M,Pride3_Sense1
START,Tokenize,Pride3,979645523289,FMT-M,Pride3_Sense1
END,Tokenize,Sense1,979646101898,FMT-M,Pride3_Sense1
END,Tokenize,Pride3,979647470294,FMT-M,Pride3_Sense1
START,Collect,Sense1,979658644604,FMT-M,Pride3_Sense1
END,Collect,Sense1,979661215607,FMT-M,Pride3_Sense1
QUEUE,ComputeScalar,Sense1,979663142912,FMT-M,Pride3_Sense1
START,ComputeScalar,Sense1,979665179236,FMT-M,Pride3_Sense1
END,ComputeScalar,Sense1,979666640062,FMT-M,Pride3_Sense1
QUEUE,ComputeCosine,Pride3_Sense1,979666849272,FMT-M,Pride3_Sense1
QUEUE,ComputeScalar,Pride3_Sense1,979666980731,FMT-M,Pride3_Sense1
START,Collect,Pride3,979695775274,FMT-M,Pride3_Sense1
END,Collect,Pride3,979701063870,FMT-M,Pride3_Sense1
QUEUE,ComputeScalar,Pride3,979707174024,FMT-M,Pride3_Sense1
START,ComputeScalar,Pride3,979711876691,FMT-M,Pride3_Sense1
START,ComputeScalar,Pride3_Sense1,979716198399,FMT-M,Pride3_Sense1
END,ComputeScalar,Pride3,979722958032,FMT-M,Pride3_Sense1
QUEUE,ComputeCosine,Pride3_Sense1,979723288261,FMT-M,Pride3_Sense1
END,ComputeScalar,Pride3_Sense1,979726088023,FMT-M,Pride3_Sense1
START,ComputeCosine,Pride3_Sense1,979726329583,FMT-M,Pride3_Sense1
END,ComputeCosine,Pride3_Sense1,979726427842,FMT-M,Pride3_Sense1
START,Tokenize,Pride4,979730367452,FMT-M,Pride4_Sense1
START,Tokenize,Sense1,979730382962,FMT-M,Pride4_Sense1
END,Tokenize,Sense1,979731321819,FMT-M,Pride4_Sense1
END,Tokenize,Pride4,979732771335,FMT-M,Pride4_Sense1
START,Collect,Sense1,979754082978,FMT-M,Pride4_Sense1
END,Collect,Sense1,979755796923,FMT-M,Pride4_Sense1
QUEUE,ComputeScalar,Sense1,979756513461,FMT-M,Pride4_Sense1
START,ComputeScalar,Sense1,979757080060,FMT-M,Pride4_Sense1
QUEUE,ComputeScalar,Pride4_Sense1,979757619128,FMT-M,Pride4_Sense1
END,ComputeScalar,Sense1,979758983545,FMT-M,Pride4_Sense1
QUEUE,ComputeCosine,Pride4_Sense1,979759235904,FMT-M,Pride4_Sense1
START,Collect,Pride4,979793107783,FMT-M,Pride4_Sense1
END,Collect,Pride4,979803311436,FMT-M,Pride4_Sense1
QUEUE,ComputeScalar,Pride4,979807562825,FMT-M,Pride4_Sense1
START,ComputeScalar,Pride4,979811574724,FMT-M,Pride4_Sense1
START,ComputeScalar,Pride4_Sense1,979815782293,FMT-M,Pride4_Sense1
END,ComputeScalar,Pride4,979822881304,FMT-M,Pride4_Sense1
QUEUE,ComputeCosine,Pride4_Sense1,979823089663,FMT-M,Pride4_Sense1
END,ComputeScalar,Pride4_Sense1,979823356863,FMT-M,Pride4_Sense1
START,ComputeCosine,Pride4_Sense1,979823456562,FMT-M,Pride4_Sense1
END,ComputeCosine,Pride4_Sense1,979823484672,FMT-M,Pride4_Sense1
START,Tokenize,Pride5,979831883460,FMT-M,Pride5_Sense1
START,Tokenize,Sense1,979831884050,FMT-M,Pride5_Sense1
END,Tokenize,Sense1,979832266259,FMT-M,Pride5_Sense1
END,Tokenize,Pride5,979837701654,FMT-M,Pride5_Sense1
START,Collect,Sense1,979844071877,FMT-M,Pride5_Sense1
END,Collect,Sense1,979844898295,FMT-M,Pride5_Sense1
QUEUE,ComputeScalar,Sense1,979845334374,FMT-M,Pride5_Sense1
START,ComputeScalar,Sense1,979845528323,FMT-M,Pride5_Sense1
QUEUE,ComputeScalar,Pride5_Sense1,979845775093,FMT-M,Pride5_Sense1
END,ComputeScalar,Sense1,979845817453,FMT-M,Pride5_Sense1
QUEUE,ComputeCosine,Pride5_Sense1,979845891422,FMT-M,Pride5_Sense1
START,Collect,Pride5,979892186029,FMT-M,Pride5_Sense1
END,Collect,Pride5,979917961449,FMT-M,Pride5_Sense1
QUEUE,ComputeScalar,Pride5,979925596269,FMT-M,Pride5_Sense1
START,ComputeScalar,Pride5,979934998764,FMT-M,Pride5_Sense1
END,ComputeScalar,Pride5,979944080629,FMT-M,Pride5_Sense1
START,ComputeScalar,Pride5_Sense1,979944253789,FMT-M,Pride5_Sense1
QUEUE,ComputeCosine,Pride5_Sense1,979944276829,FMT-M,Pride5_Sense1
END,ComputeScalar,Pride5_Sense1,979958531661,FMT-M,Pride5_Sense1
START,ComputeCosine,Pride5_Sense1,979958883130,FMT-M,Pride5_Sense1
END,ComputeCosine,Pride5_Sense1,979958999839,FMT-M,Pride5_Sense1
START,Tokenize,Sense1,979968014135,FMT-M,Pride6_Sense1
START,Tokenize,Pride6,979968041195,FMT-M,Pride6_Sense1
END,Tokenize,Sense1,979968498594,FMT-M,Pride6_Sense1
START,Collect,Sense1,979973974920,FMT-M,Pride6_Sense1
END,Collect,Sense1,979975598045,FMT-M,Pride6_Sense1
QUEUE,ComputeScalar,Sense1,979976252783,FMT-M,Pride6_Sense1
START,ComputeScalar,Sense1,979976665722,FMT-M,Pride6_Sense1
QUEUE,ComputeScalar,Pride6_Sense1,979977104521,FMT-M,Pride6_Sense1
END,ComputeScalar,Sense1,979977214431,FMT-M,Pride6_Sense1
QUEUE,ComputeCosine,Pride6_Sense1,979977364210,FMT-M,Pride6_Sense1
END,Tokenize,Pride6,979985220019,FMT-M,Pride6_Sense1
START,Collect,Pride6,980085532540,FMT-M,Pride6_Sense1
END,Collect,Pride6,980165683796,FMT-M,Pride6_Sense1
QUEUE,ComputeScalar,Pride6,980172256958,FMT-M,Pride6_Sense1
START,ComputeScalar,Pride6,980178158093,FMT-M,Pride6_Sense1
START,ComputeScalar,Pride6_Sense1,980185357033,FMT-M,Pride6_Sense1
END,ComputeScalar,Pride6,980187850627,FMT-M,Pride6_Sense1
QUEUE,ComputeCosine,Pride6_Sense1,980188001746,FMT-M,Pride6_Sense1
END,ComputeScalar,Pride6_Sense1,980196593223,FMT-M,Pride6_Sense1
START,ComputeCosine,Pride6_Sense1,980196786483,FMT-M,Pride6_Sense1
END,ComputeCosine,Pride6_Sense1,980196810453,FMT-M,Pride6_Sense1
START,Tokenize,Sense2,980201140131,FMT-M,Pride1_Sense2
START,Tokenize,Pride1,980201191921,FMT-M,Pride1_Sense2
END,Tokenize,Sense2,980201500520,FMT-M,Pride1_Sense2
END,Tokenize,Pride1,980201659790,FMT-M,Pride1_Sense2
START,Collect,Sense2,980211134574,FMT-M,Pride1_Sense2
START,Collect,Pride1,980212231661,FMT-M,Pride1_Sense2
END,Collect,Sense2,980213431548,FMT-M,Pride1_Sense2
END,Collect,Pride1,980213592637,FMT-M,Pride1_Sense2
QUEUE,ComputeScalar,Pride1,980214216126,FMT-M,Pride1_Sense2
QUEUE,ComputeScalar,Sense2,980214539785,FMT-M,Pride1_Sense2
START,ComputeScalar,Pride1,980214724414,FMT-M,Pride1_Sense2
QUEUE,ComputeScalar,Pride1_Sense2,980214845874,FMT-M,Pride1_Sense2
START,ComputeScalar,Sense2,980215266793,FMT-M,Pride1_Sense2
END,ComputeScalar,Pride1,980216001621,FMT-M,Pride1_Sense2
START,ComputeScalar,Pride1_Sense2,980216081211,FMT-M,Pride1_Sense2
QUEUE,ComputeCosine,Pride1_Sense2,980216215320,FMT-M,Pride1_Sense2
END,ComputeScalar,Pride1_Sense2,980218214985,FMT-M,Pride1_Sense2
END,ComputeScalar,Sense2,980218211845,FMT-M,Pride1_Sense2
QUEUE,ComputeCosine,Pride1_Sense2,980218330025,FMT-M,Pride1_Sense2
START,ComputeCosine,Pride1_Sense2,980218381775,FMT-M,Pride1_Sense2
END,ComputeCosine,Pride1_Sense2,980218419465,FMT-M,Pride1_Sense2
START,Tokenize,Sense2,980221289687,FMT-M,Pride2_Sense2
START,Tokenize,Pride2,980221389487,FMT-M,Pride2_Sense2
END,Tokenize,Sense2,980221785486,FMT-M,Pride2_Sense2
END,Tokenize,Pride2,980223023323,FMT-M,Pride2_Sense2
START,Collect,Sense2,980231750269,FMT-M,Pride2_Sense2
END,Collect,Sense2,980233692964,FMT-M,Pride2_Sense2
QUEUE,ComputeScalar,Sense2,980234516952,FMT-M,Pride2_Sense2
START,ComputeScalar,Sense2,980234873511,FMT-M,Pride2_Sense2
QUEUE,ComputeScalar,Pride2_Sense2,980235329489,FMT-M,Pride2_Sense2
END,ComputeScalar,Sense2,980235554179,FMT-M,Pride2_Sense2
QUEUE,ComputeCosine,Pride2_Sense2,980235666309,FMT-M,Pride2_Sense2
START,Collect,Pride2,980240901364,FMT-M,Pride2_Sense2
END,Collect,Pride2,980243800887,FMT-M,Pride2_Sense2
QUEUE,ComputeScalar,Pride2,980244921824,FMT-M,Pride2_Sense2
START,ComputeScalar,Pride2,980245718182,FMT-M,Pride2_Sense2
END,ComputeScalar,Pride2,980246628689,FMT-M,Pride2_Sense2
START,ComputeScalar,Pride2_Sense2,980246730089,FMT-M,Pride2_Sense2
QUEUE,ComputeCosine,Pride2_Sense2,980246789269,FMT-M,Pride2_Sense2
END,ComputeScalar,Pride2_Sense2,980247550417,FMT-M,Pride2_Sense2
START,ComputeCosine,Pride2_Sense2,980247722086,FMT-M,Pride2_Sense2
END,ComputeCosine,Pride2_Sense2,980247790916,FMT-M,Pride2_Sense2
START,Tokenize,Sense2,980251321156,FMT-M,Pride3_Sense2
START,Tokenize,Pride3,980251337066,FMT-M,Pride3_Sense2
END,Tokenize,Sense2,980251796685,FMT-M,Pride3_Sense2
END,Tokenize,Pride3,980252433043,FMT-M,Pride3_Sense2
START,Collect,Sense2,980258990596,FMT-M,Pride3_Sense2
END,Collect,Sense2,980262558017,FMT-M,Pride3_Sense2
QUEUE,ComputeScalar,Sense2,980263889463,FMT-M,Pride3_Sense2
START,ComputeScalar,Sense2,980264842391,FMT-M,Pride3_Sense2
END,ComputeScalar,Sense2,980265414629,FMT-M,Pride3_Sense2
QUEUE,ComputeCosine,Pride3_Sense2,980265583589,FMT-M,Pride3_Sense2
QUEUE,ComputeScalar,Pride3_Sense2,980265767868,FMT-M,Pride3_Sense2
START,Collect,Pride3,980267809673,FMT-M,Pride3_Sense2
END,Collect,Pride3,980270711635,FMT-M,Pride3_Sense2
QUEUE,ComputeScalar,Pride3,980271818612,FMT-M,Pride3_Sense2
START,ComputeScalar,Pride3,980272450300,FMT-M,Pride3_Sense2
START,ComputeScalar,Pride3_Sense2,980273062079,FMT-M,Pride3_Sense2
END,ComputeScalar,Pride3_Sense2,980274124386,FMT-M,Pride3_Sense2
END,ComputeScalar,Pride3,980274166736,FMT-M,Pride3_Sense2
QUEUE,ComputeCosine,Pride3_Sense2,980274350275,FMT-M,Pride3_Sense2
START,ComputeCosine,Pride3_Sense2,980274499585,FMT-M,Pride3_Sense2
END,ComputeCosine,Pride3_Sense2,980274546045,FMT-M,Pride3_Sense2
START,Tokenize,Sense2,980277339417,FMT-M,Pride4_Sense2
START,Tokenize,Pride4,980277380287,FMT-M,Pride4_Sense2
END,Tokenize,Sense2,980277967775,FMT-M,Pride4_Sense2
END,Tokenize,Pride4,980281647175,FMT-M,Pride4_Sense2
START,Collect,Sense2,980286587732,FMT-M,Pride4_Sense2
END,Collect,Sense2,980288130398,FMT-M,Pride4_Sense2
QUEUE,ComputeScalar,Sense2,980288655937,FMT-M,Pride4_Sense2
START,ComputeScalar,Sense2,980288881816,FMT-M,Pride4_Sense2
QUEUE,ComputeScalar,Pride4_Sense2,980289140895,FMT-M,Pride4_Sense2
END,ComputeScalar,Sense2,980289490234,FMT-M,Pride4_Sense2
QUEUE,ComputeCosine,Pride4_Sense2,980289548774,FMT-M,Pride4_Sense2
START,Collect,Pride4,980354717240,FMT-M,Pride4_Sense2
END,Collect,Pride4,980361074673,FMT-M,Pride4_Sense2
QUEUE,ComputeScalar,Pride4,980364408714,FMT-M,Pride4_Sense2
START,ComputeScalar,Pride4,980367881594,FMT-M,Pride4_Sense2
END,ComputeScalar,Pride4,980370615297,FMT-M,Pride4_Sense2
START,ComputeScalar,Pride4_Sense2,980370738787,FMT-M,Pride4_Sense2
QUEUE,ComputeCosine,Pride4_Sense2,980370824576,FMT-M,Pride4_Sense2
END,ComputeScalar,Pride4_Sense2,980374390087,FMT-M,Pride4_Sense2
START,ComputeCosine,Pride4_Sense2,980374554187,FMT-M,Pride4_Sense2
END,ComputeCosine,Pride4_Sense2,980374586617,FMT-M,Pride4_Sense2
START,Tokenize,Sense2,980377291930,FMT-M,Pride5_Sense2
START,Tokenize,Pride5,980377294460,FMT-M,Pride5_Sense2
END,Tokenize,Sense2,980378028938,FMT-M,Pride5_Sense2
END,Tokenize,Pride5,980382154217,FMT-M,Pride5_Sense2
START,Collect,Sense2,980385344528,FMT-M,Pride5_Sense2
END,Collect,Sense2,980386756404,FMT-M,Pride5_Sense2
QUEUE,ComputeScalar,Sense2,980387277353,FMT-M,Pride5_Sense2
START,ComputeScalar,Sense2,980387537492,FMT-M,Pride5_Sense2
QUEUE,ComputeScalar,Pride5_Sense2,980387811691,FMT-M,Pride5_Sense2
END,ComputeScalar,Sense2,980387822421,FMT-M,Pride5_Sense2
QUEUE,ComputeCosine,Pride5_Sense2,980387882501,FMT-M,Pride5_Sense2
START,Collect,Pride5,980432832231,FMT-M,Pride5_Sense2
END,Collect,Pride5,980451348562,FMT-M,Pride5_Sense2
QUEUE,ComputeScalar,Pride5,980458247303,FMT-M,Pride5_Sense2
START,ComputeScalar,Pride5,980464932155,FMT-M,Pride5_Sense2
END,ComputeScalar,Pride5,980471165988,FMT-M,Pride5_Sense2
START,ComputeScalar,Pride5_Sense2,980471291878,FMT-M,Pride5_Sense2
QUEUE,ComputeCosine,Pride5_Sense2,980471292508,FMT-M,Pride5_Sense2
END,ComputeScalar,Pride5_Sense2,980477128123,FMT-M,Pride5_Sense2
START,ComputeCosine,Pride5_Sense2,980477263692,FMT-M,Pride5_Sense2
END,ComputeCosine,Pride5_Sense2,980477286152,FMT-M,Pride5_Sense2
START,Tokenize,Sense2,980481993220,FMT-M,Pride6_Sense2
START,Tokenize,Pride6,980482008660,FMT-M,Pride6_Sense2
END,Tokenize,Sense2,980482709898,FMT-M,Pride6_Sense2
START,Collect,Sense2,980490008648,FMT-M,Pride6_Sense2
END,Tokenize,Pride6,980490505897,FMT-M,Pride6_Sense2
END,Collect,Sense2,980499091924,FMT-M,Pride6_Sense2
QUEUE,ComputeScalar,Sense2,980500286770,FMT-M,Pride6_Sense2
START,ComputeScalar,Sense2,980500821569,FMT-M,Pride6_Sense2
END,ComputeScalar,Sense2,980501331208,FMT-M,Pride6_Sense2
QUEUE,ComputeScalar,Pride6_Sense2,980501380047,FMT-M,Pride6_Sense2
QUEUE,ComputeCosine,Pride6_Sense2,980501429037,FMT-M,Pride6_Sense2
START,Collect,Pride6,980608696701,FMT-M,Pride6_Sense2
END,Collect,Pride6,980637684004,FMT-M,Pride6_Sense2
QUEUE,ComputeScalar,Pride6,980650766728,FMT-M,Pride6_Sense2
START,ComputeScalar,Pride6,980666621106,FMT-M,Pride6_Sense2
END,ComputeScalar,Pride6,980679533852,FMT-M,Pride6_Sense2
QUEUE,ComputeCosine,Pride6_Sense2,980679671431,FMT-M,Pride6_Sense2
START,ComputeScalar,Pride6_Sense2,980679692861,FMT-M,Pride6_Sense2
END,ComputeScalar,Pride6_Sense2,980693697453,FMT-M,Pride6_Sense2
START,ComputeCosine,Pride6_Sense2,980693929173,FMT-M,Pride6_Sense2
END,ComputeCosine,Pride6_Sense2,980693973423,FMT-M,Pride6_Sense2
START,Tokenize,Pride1,980695645369,FMT-M,Pride1_Sense3
START,Tokenize,Sense3,980695645609,FMT-M,Pride1_Sense3
END,Tokenize,Pride1,980695988498,FMT-M,Pride1_Sense3
END,Tokenize,Sense3,980696864006,FMT-M,Pride1_Sense3
START,Collect,Pride1,980701120164,FMT-M,Pride1_Sense3
END,Collect,Pride1,980702161231,FMT-M,Pride1_Sense3
QUEUE,ComputeScalar,Pride1,980702569490,FMT-M,Pride1_Sense3
START,ComputeScalar,Pride1,980702757230,FMT-M,Pride1_Sense3
QUEUE,ComputeScalar,Pride1_Sense3,980703001309,FMT-M,Pride1_Sense3
END,ComputeScalar,Pride1,980703038849,FMT-M,Pride1_Sense3
QUEUE,ComputeCosine,Pride1_Sense3,980703114409,FMT-M,Pride1_Sense3
START,Collect,Sense3,980714039759,FMT-M,Pride1_Sense3
END,Collect,Sense3,980717205001,FMT-M,Pride1_Sense3
QUEUE,ComputeScalar,Sense3,980718524417,FMT-M,Pride1_Sense3
START,ComputeScalar,Sense3,980719494405,FMT-M,Pride1_Sense3
END,ComputeScalar,Sense3,980720294482,FMT-M,Pride1_Sense3
QUEUE,ComputeCosine,Pride1_Sense3,980720397942,FMT-M,Pride1_Sense3
START,ComputeScalar,Pride1_Sense3,980720399082,FMT-M,Pride1_Sense3
END,ComputeScalar,Pride1_Sense3,980722061208,FMT-M,Pride1_Sense3
START,ComputeCosine,Pride1_Sense3,980722219347,FMT-M,Pride1_Sense3
END,ComputeCosine,Pride1_Sense3,980722249747,FMT-M,Pride1_Sense3
START,Tokenize,Sense3,980723371374,FMT-M,Pride2_Sense3
START,Tokenize,Pride2,980723413044,FMT-M,Pride2_Sense3
END,Tokenize,Pride2,980723818253,FMT-M,Pride2_Sense3
END,Tokenize,Sense3,980724376791,FMT-M,Pride2_Sense3
START,Collect,Pride2,980732276271,FMT-M,Pride2_Sense3
END,Collect,Pride2,980734314595,FMT-M,Pride2_Sense3
QUEUE,ComputeScalar,Pride2,980735124353,FMT-M,Pride2_Sense3
START,ComputeScalar,Pride2,980735509642,FMT-M,Pride2_Sense3
QUEUE,ComputeScalar,Pride2_Sense3,980735894251,FMT-M,Pride2_Sense3
END,ComputeScalar,Pride2,980735900691,FMT-M,Pride2_Sense3
QUEUE,ComputeCosine,Pride2_Sense3,980735998821,FMT-M,Pride2_Sense3
START,Collect,Sense3,980739668121,FMT-M,Pride2_Sense3
END,Collect,Sense3,980743506131,FMT-M,Pride2_Sense3
QUEUE,ComputeScalar,Sense3,980744850947,FMT-M,Pride2_Sense3
START,ComputeScalar,Sense3,980745729405,FMT-M,Pride2_Sense3
END,ComputeScalar,Sense3,980746539422,FMT-M,Pride2_Sense3
START,ComputeScalar,Pride2_Sense3,980746649172,FMT-M,Pride2_Sense3
QUEUE,ComputeCosine,Pride2_Sense3,980746653712,FMT-M,Pride2_Sense3
END,ComputeScalar,Pride2_Sense3,980748662497,FMT-M,Pride2_Sense3
START,ComputeCosine,Pride2_Sense3,980748830586,FMT-M,Pride2_Sense3
END,ComputeCosine,Pride2_Sense3,980748857496,FMT-M,Pride2_Sense3
START,Tokenize,Pride3,980749882573,FMT-M,Pride3_Sense3
START,Tokenize,Sense3,980749895993,FMT-M,Pride3_Sense3
END,Tokenize,Pride3,980750722821,FMT-M,Pride3_Sense3
END,Tokenize,Sense3,980750928241,FMT-M,Pride3_Sense3
START,Collect,Pride3,980780231282,FMT-M,Pride3_Sense3
END,Collect,Pride3,980783890522,FMT-M,Pride3_Sense3
QUEUE,ComputeScalar,Pride3,980784873870,FMT-M,Pride3_Sense3
START,ComputeScalar,Pride3,980785520478,FMT-M,Pride3_Sense3
END,ComputeScalar,Pride3,980786362806,FMT-M,Pride3_Sense3
QUEUE,ComputeCosine,Pride3_Sense3,980786512235,FMT-M,Pride3_Sense3
QUEUE,ComputeScalar,Pride3_Sense3,980786541735,FMT-M,Pride3_Sense3
START,Collect,Sense3,980787996781,FMT-M,Pride3_Sense3
END,Collect,Sense3,980794872203,FMT-M,Pride3_Sense3
QUEUE,ComputeScalar,Sense3,980796806798,FMT-M,Pride3_Sense3
START,ComputeScalar,Sense3,980798344374,FMT-M,Pride3_Sense3
END,ComputeScalar,Sense3,980799247142,FMT-M,Pride3_Sense3
QUEUE,ComputeCosine,Pride3_Sense3,980799333901,FMT-M,Pride3_Sense3
START,ComputeScalar,Pride3_Sense3,980799618641,FMT-M,Pride3_Sense3
END,ComputeScalar,Pride3_Sense3,980800697578,FMT-M,Pride3_Sense3
START,ComputeCosine,Pride3_Sense3,980800813817,FMT-M,Pride3_Sense3
END,ComputeCosine,Pride3_Sense3,980800861067,FMT-M,Pride3_Sense3
START,Tokenize,Sense3,980802522373,FMT-M,Pride4_Sense3
START,Tokenize,Pride4,980802554963,FMT-M,Pride4_Sense3
END,Tokenize,Sense3,980803354271,FMT-M,Pride4_Sense3
END,Tokenize,Pride4,980806067533,FMT-M,Pride4_Sense3
START,Collect,Sense3,980822258740,FMT-M,Pride4_Sense3
END,Collect,Sense3,980832151884,FMT-M,Pride4_Sense3
QUEUE,ComputeScalar,Sense3,980834686777,FMT-M,Pride4_Sense3
START,ComputeScalar,Sense3,980836599612,FMT-M,Pride4_Sense3
END,ComputeScalar,Sense3,980837754049,FMT-M,Pride4_Sense3
QUEUE,ComputeScalar,Pride4_Sense3,980837894398,FMT-M,Pride4_Sense3
QUEUE,ComputeCosine,Pride4_Sense3,980837894748,FMT-M,Pride4_Sense3
START,Collect,Pride4,980859665360,FMT-M,Pride4_Sense3
END,Collect,Pride4,980870220292,FMT-M,Pride4_Sense3
QUEUE,ComputeScalar,Pride4,980873782182,FMT-M,Pride4_Sense3
START,ComputeScalar,Pride4,980877303553,FMT-M,Pride4_Sense3
END,ComputeScalar,Pride4,980880894883,FMT-M,Pride4_Sense3
QUEUE,ComputeCosine,Pride4_Sense3,980881050803,FMT-M,Pride4_Sense3
START,ComputeScalar,Pride4_Sense3,980881137702,FMT-M,Pride4_Sense3
END,ComputeScalar,Pride4_Sense3,980885527871,FMT-M,Pride4_Sense3
START,ComputeCosine,Pride4_Sense3,980885640920,FMT-M,Pride4_Sense3
END,ComputeCosine,Pride4_Sense3,980885660820,FMT-M,Pride4_Sense3
START,Tokenize,Sense3,980888946482,FMT-M,Pride5_Sense3
START,Tokenize,Pride5,980888980292,FMT-M,Pride5_Sense3
END,Tokenize,Sense3,980889671360,FMT-M,Pride5_Sense3
END,Tokenize,Pride5,980893933839,FMT-M,Pride5_Sense3
START,Collect,Sense3,980906647464,FMT-M,Pride5_Sense3
END,Collect,Sense3,980909632956,FMT-M,Pride5_Sense3
QUEUE,ComputeScalar,Sense3,980910619214,FMT-M,Pride5_Sense3
START,ComputeScalar,Sense3,980911452751,FMT-M,Pride5_Sense3
END,ComputeScalar,Sense3,980912594738,FMT-M,Pride5_Sense3
QUEUE,ComputeScalar,Pride5_Sense3,980912713868,FMT-M,Pride5_Sense3
QUEUE,ComputeCosine,Pride5_Sense3,980912759908,FMT-M,Pride5_Sense3
START,Collect,Pride5,980941902040,FMT-M,Pride5_Sense3
END,Collect,Pride5,980976769787,FMT-M,Pride5_Sense3
QUEUE,ComputeScalar,Pride5,980983164430,FMT-M,Pride5_Sense3
START,ComputeScalar,Pride5,980989100414,FMT-M,Pride5_Sense3
START,ComputeScalar,Pride5_Sense3,980994321100,FMT-M,Pride5_Sense3
END,ComputeScalar,Pride5,980996507254,FMT-M,Pride5_Sense3
QUEUE,ComputeCosine,Pride5_Sense3,980996733584,FMT-M,Pride5_Sense3
END,ComputeScalar,Pride5_Sense3,981002711858,FMT-M,Pride5_Sense3
START,ComputeCosine,Pride5_Sense3,981002903517,FMT-M,Pride5_Sense3
END,ComputeCosine,Pride5_Sense3,981002920737,FMT-M,Pride5_Sense3
START,Tokenize,Sense3,981012796670,FMT-M,Pride6_Sense3
START,Tokenize,Pride6,981012840660,FMT-M,Pride6_Sense3
END,Tokenize,Sense3,981013493249,FMT-M,Pride6_Sense3
START,Collect,Sense3,981024173540,FMT-M,Pride6_Sense3
END,Tokenize,Pride6,981025882966,FMT-M,Pride6_Sense3
END,Collect,Sense3,981029737715,FMT-M,Pride6_Sense3
QUEUE,ComputeScalar,Sense3,981032571208,FMT-M,Pride6_Sense3
START,ComputeScalar,Sense3,981034214793,FMT-M,Pride6_Sense3
QUEUE,ComputeScalar,Pride6_Sense3,981035450560,FMT-M,Pride6_Sense3
END,ComputeScalar,Sense3,981035623210,FMT-M,Pride6_Sense3
QUEUE,ComputeCosine,Pride6_Sense3,981035716739,FMT-M,Pride6_Sense3
START,Collect,Pride6,981147177612,FMT-M,Pride6_Sense3
END,Collect,Pride6,981186383807,FMT-M,Pride6_Sense3
QUEUE,ComputeScalar,Pride6,981194548165,FMT-M,Pride6_Sense3
START,ComputeScalar,Pride6,981203374691,FMT-M,Pride6_Sense3
START,ComputeScalar,Pride6_Sense3,981211925209,FMT-M,Pride6_Sense3
END,ComputeScalar,Pride6,981214949891,FMT-M,Pride6_Sense3
QUEUE,ComputeCosine,Pride6_Sense3,981215136110,FMT-M,Pride6_Sense3
END,ComputeScalar,Pride6_Sense3,981226275110,FMT-M,Pride6_Sense3
START,ComputeCosine,Pride6_Sense3,981226440220,FMT-M,Pride6_Sense3
END,ComputeCosine,Pride6_Sense3,981226455840,FMT-M,Pride6_Sense3
START,Tokenize,Sense4,981230219939,FMT-M,Pride1_Sense4
START,Tokenize,Pride1,981230234509,FMT-M,Pride1_Sense4
END,Tokenize,Pride1,981230910478,FMT-M,Pride1_Sense4
END,Tokenize,Sense4,981231616616,FMT-M,Pride1_Sense4
START,Collect,Pride1,981238509387,FMT-M,Pride1_Sense4
END,Collect,Pride1,981239880393,FMT-M,Pride1_Sense4
QUEUE,ComputeScalar,Pride1,981240461552,FMT-M,Pride1_Sense4
START,ComputeScalar,Pride1,981240855071,FMT-M,Pride1_Sense4
QUEUE,ComputeScalar,Pride1_Sense4,981241383950,FMT-M,Pride1_Sense4
END,ComputeScalar,Pride1,981241402600,FMT-M,Pride1_Sense4
QUEUE,ComputeCosine,Pride1_Sense4,981241473429,FMT-M,Pride1_Sense4
START,Collect,Sense4,981254107736,FMT-M,Pride1_Sense4
END,Collect,Sense4,981259652391,FMT-M,Pride1_Sense4
QUEUE,ComputeScalar,Sense4,981261666355,FMT-M,Pride1_Sense4
START,ComputeScalar,Sense4,981264003989,FMT-M,Pride1_Sense4
START,ComputeScalar,Pride1_Sense4,981266892181,FMT-M,Pride1_Sense4
END,ComputeScalar,Sense4,981268119938,FMT-M,Pride1_Sense4
QUEUE,ComputeCosine,Pride1_Sense4,981268272248,FMT-M,Pride1_Sense4
END,ComputeScalar,Pride1_Sense4,981268991836,FMT-M,Pride1_Sense4
START,ComputeCosine,Pride1_Sense4,981269053095,FMT-M,Pride1_Sense4
END,ComputeCosine,Pride1_Sense4,981269063325,FMT-M,Pride1_Sense4
START,Tokenize,Sense4,981270613001,FMT-M,Pride2_Sense4
START,Tokenize,Pride2,981270645611,FMT-M,Pride2_Sense4
END,Tokenize,Pride2,981271485449,FMT-M,Pride2_Sense4
END,Tokenize,Sense4,981271888818,FMT-M,Pride2_Sense4
START,Collect,Pride2,981286696149,FMT-M,Pride2_Sense4
END,Collect,Pride2,981289607821,FMT-M,Pride2_Sense4
QUEUE,ComputeScalar,Pride2,981290563558,FMT-M,Pride2_Sense4
START,ComputeScalar,Pride2,981291192566,FMT-M,Pride2_Sense4
QUEUE,ComputeScalar,Pride2_Sense4,981291883665,FMT-M,Pride2_Sense4
END,ComputeScalar,Pride2,981292280534,FMT-M,Pride2_Sense4
QUEUE,ComputeCosine,Pride2_Sense4,981292405863,FMT-M,Pride2_Sense4
START,Collect,Sense4,981295993524,FMT-M,Pride2_Sense4
END,Collect,Sense4,981301913988,FMT-M,Pride2_Sense4
QUEUE,ComputeScalar,Sense4,981304241562,FMT-M,Pride2_Sense4
START,ComputeScalar,Sense4,981306236087,FMT-M,Pride2_Sense4
START,ComputeScalar,Pride2_Sense4,981308658160,FMT-M,Pride2_Sense4
END,ComputeScalar,Sense4,981308680090,FMT-M,Pride2_Sense4
QUEUE,ComputeCosine,Pride2_Sense4,981308832240,FMT-M,Pride2_Sense4
END,ComputeScalar,Pride2_Sense4,981312826429,FMT-M,Pride2_Sense4
START,ComputeCosine,Pride2_Sense4,981312926949,FMT-M,Pride2_Sense4
END,ComputeCosine,Pride2_Sense4,981312939399,FMT-M,Pride2_Sense4
START,Tokenize,Sense4,981314928393,FMT-M,Pride3_Sense4
START,Tokenize,Pride3,981314954293,FMT-M,Pride3_Sense4
END,Tokenize,Pride3,981315876941,FMT-M,Pride3_Sense4
END,Tokenize,Sense4,981316617769,FMT-M,Pride3_Sense4
START,Collect,Pride3,981339881487,FMT-M,Pride3_Sense4
END,Collect,Pride3,981345751941,FMT-M,Pride3_Sense4
START,Collect,Sense4,981346898318,FMT-M,Pride3_Sense4
QUEUE,ComputeScalar,Pride3,981347431896,FMT-M,Pride3_Sense4
START,ComputeScalar,Pride3,981348829743,FMT-M,Pride3_Sense4
END,ComputeScalar,Pride3,981349611220,FMT-M,Pride3_Sense4
QUEUE,ComputeCosine,Pride3_Sense4,981349669240,FMT-M,Pride3_Sense4
QUEUE,ComputeScalar,Pride3_Sense4,981350003009,FMT-M,Pride3_Sense4
END,Collect,Sense4,981353988029,FMT-M,Pride3_Sense4
QUEUE,ComputeScalar,Sense4,981357172150,FMT-M,Pride3_Sense4
START,ComputeScalar,Sense4,981359301864,FMT-M,Pride3_Sense4
START,ComputeScalar,Pride3_Sense4,981361221629,FMT-M,Pride3_Sense4
END,ComputeScalar,Sense4,981361825398,FMT-M,Pride3_Sense4
QUEUE,ComputeCosine,Pride3_Sense4,981361903757,FMT-M,Pride3_Sense4
END,ComputeScalar,Pride3_Sense4,981365667808,FMT-M,Pride3_Sense4
START,ComputeCosine,Pride3_Sense4,981365808237,FMT-M,Pride3_Sense4
END,ComputeCosine,Pride3_Sense4,981365829177,FMT-M,Pride3_Sense4
START,Tokenize,Sense4,981369039879,FMT-M,Pride4_Sense4
START,Tokenize,Pride4,981369073669,FMT-M,Pride4_Sense4
END,Tokenize,Pride4,981370411265,FMT-M,Pride4_Sense4
END,Tokenize,Sense4,981370880474,FMT-M,Pride4_Sense4
START,Collect,Sense4,981424366561,FMT-M,Pride4_Sense4
START,Collect,Pride4,981424993699,FMT-M,Pride4_Sense4
END,Collect,Sense4,981429845796,FMT-M,Pride4_Sense4
QUEUE,ComputeScalar,Sense4,981432197400,FMT-M,Pride4_Sense4
START,ComputeScalar,Sense4,981434541894,FMT-M,Pride4_Sense4
QUEUE,ComputeScalar,Pride4_Sense4,981436386349,FMT-M,Pride4_Sense4
END,Collect,Pride4,981436753668,FMT-M,Pride4_Sense4
END,ComputeScalar,Sense4,981437042007,FMT-M,Pride4_Sense4
QUEUE,ComputeCosine,Pride4_Sense4,981437149137,FMT-M,Pride4_Sense4
QUEUE,ComputeScalar,Pride4,981440483548,FMT-M,Pride4_Sense4
START,ComputeScalar,Pride4,981444123748,FMT-M,Pride4_Sense4
END,ComputeScalar,Pride4,981447688809,FMT-M,Pride4_Sense4
QUEUE,ComputeCosine,Pride4_Sense4,981447802649,FMT-M,Pride4_Sense4
START,ComputeScalar,Pride4_Sense4,981448032148,FMT-M,Pride4_Sense4
END,ComputeScalar,Pride4_Sense4,981452526996,FMT-M,Pride4_Sense4
START,ComputeCosine,Pride4_Sense4,981452655826,FMT-M,Pride4_Sense4
END,ComputeCosine,Pride4_Sense4,981452669555,FMT-M,Pride4_Sense4
START,Tokenize,Sense4,981457689362,FMT-M,Pride5_Sense4
START,Tokenize,Pride5,981457698642,FMT-M,Pride5_Sense4
END,Tokenize,Sense4,981460062246,FMT-M,Pride5_Sense4
END,Tokenize,Pride5,981464573163,FMT-M,Pride5_Sense4
START,Collect,Sense4,981486914164,FMT-M,Pride5_Sense4
END,Collect,Sense4,981492805078,FMT-M,Pride5_Sense4
QUEUE,ComputeScalar,Sense4,981495196322,FMT-M,Pride5_Sense4
START,ComputeScalar,Sense4,981497181026,FMT-M,Pride5_Sense4
QUEUE,ComputeScalar,Pride5_Sense4,981501109726,FMT-M,Pride5_Sense4
END,ComputeScalar,Sense4,981502961141,FMT-M,Pride5_Sense4
QUEUE,ComputeCosine,Pride5_Sense4,981503168191,FMT-M,Pride5_Sense4
START,Collect,Pride5,981531723065,FMT-M,Pride5_Sense4
END,Collect,Pride5,981559388801,FMT-M,Pride5_Sense4
QUEUE,ComputeScalar,Pride5,981564627597,FMT-M,Pride5_Sense4
START,ComputeScalar,Pride5,981569163954,FMT-M,Pride5_Sense4
START,ComputeScalar,Pride5_Sense4,981573252943,FMT-M,Pride5_Sense4
END,ComputeScalar,Pride5,981575829677,FMT-M,Pride5_Sense4
QUEUE,ComputeCosine,Pride5_Sense4,981575987137,FMT-M,Pride5_Sense4
END,ComputeScalar,Pride5_Sense4,981579276938,FMT-M,Pride5_Sense4
START,ComputeCosine,Pride5_Sense4,981579396517,FMT-M,Pride5_Sense4
END,ComputeCosine,Pride5_Sense4,981579425487,FMT-M,Pride5_Sense4
START,Tokenize,Sense4,981588815692,FMT-M,Pride6_Sense4
START,Tokenize,Pride6,981588856292,FMT-M,Pride6_Sense4
END,Tokenize,Sense4,981592612842,FMT-M,Pride6_Sense4
END,Tokenize,Pride6,981594681286,FMT-M,Pride6_Sense4
START,Collect,Sense4,981668521369,FMT-M,Pride6_Sense4
END,Collect,Sense4,981678768112,FMT-M,Pride6_Sense4
QUEUE,ComputeScalar,Sense4,981682605132,FMT-M,Pride6_Sense4
START,ComputeScalar,Sense4,981686686411,FMT-M,Pride6_Sense4
END,ComputeScalar,Sense4,981689951282,FMT-M,Pride6_Sense4
QUEUE,ComputeCosine,Pride6_Sense4,981690059012,FMT-M,Pride6_Sense4
QUEUE,ComputeScalar,Pride6_Sense4,981690074872,FMT-M,Pride6_Sense4
START,Collect,Pride6,981748557256,FMT-M,Pride6_Sense4
END,Collect,Pride6,981784652719,FMT-M,Pride6_Sense4
QUEUE,ComputeScalar,Pride6,981800330208,FMT-M,Pride6_Sense4
START,ComputeScalar,Pride6,981816453725,FMT-M,Pride6_Sense4
END,ComputeScalar,Pride6,981831259585,FMT-M,Pride6_Sense4
START,ComputeScalar,Pride6_Sense4,981831388645,FMT-M,Pride6_Sense4
QUEUE,ComputeCosine,Pride6_Sense4,981831395635,FMT-M,Pride6_Sense4
END,ComputeScalar,Pride6_Sense4,981853042337,FMT-M,Pride6_Sense4
START,ComputeCosine,Pride6_Sense4,981853245606,FMT-M,Pride6_Sense4
END,ComputeCosine,Pride6_Sense4,981853295416,FMT-M,Pride6_Sense4
START,Tokenize,Sense5,981859830469,FMT-M,Pride1_Sense5
START,Tokenize,Pride1,981859861609,FMT-M,Pride1_Sense5
END,Tokenize,Pride1,981860356357,FMT-M,Pride1_Sense5
END,Tokenize,Sense5,981862389342,FMT-M,Pride1_Sense5
START,Collect,Pride1,981869627143,FMT-M,Pride1_Sense5
END,Collect,Pride1,981871283988,FMT-M,Pride1_Sense5
QUEUE,ComputeScalar,Pride1,981871829957,FMT-M,Pride1_Sense5
START,ComputeScalar,Pride1,981872117646,FMT-M,Pride1_Sense5
QUEUE,ComputeScalar,Pride1_Sense5,981872418415,FMT-M,Pride1_Sense5
END,ComputeScalar,Pride1,981872695175,FMT-M,Pride1_Sense5
QUEUE,ComputeCosine,Pride1_Sense5,981872780314,FMT-M,Pride1_Sense5
START,Collect,Sense5,981907315522,FMT-M,Pride1_Sense5
END,Collect,Sense5,981932459855,FMT-M,Pride1_Sense5
QUEUE,ComputeScalar,Sense5,981962372475,FMT-M,Pride1_Sense5
START,ComputeScalar,Sense5,981967117932,FMT-M,Pride1_Sense5
END,ComputeScalar,Sense5,981969726866,FMT-M,Pride1_Sense5
QUEUE,ComputeCosine,Pride1_Sense5,981969830096,FMT-M,Pride1_Sense5
START,ComputeScalar,Pride1_Sense5,981970370164,FMT-M,Pride1_Sense5
END,ComputeScalar,Pride1_Sense5,981973209567,FMT-M,Pride1_Sense5
START,ComputeCosine,Pride1_Sense5,981973293776,FMT-M,Pride1_Sense5
END,ComputeCosine,Pride1_Sense5,981973306556,FMT-M,Pride1_Sense5
START,Tokenize,Pride2,981974722483,FMT-M,Pride2_Sense5
START,Tokenize,Sense5,981974749242,FMT-M,Pride2_Sense5
END,Tokenize,Pride2,981975245401,FMT-M,Pride2_Sense5
END,Tokenize,Sense5,981981236475,FMT-M,Pride2_Sense5
START,Collect,Pride2,981984063537,FMT-M,Pride2_Sense5
END,Collect,Pride2,981987060569,FMT-M,Pride2_Sense5
QUEUE,ComputeScalar,Pride2,981988009397,FMT-M,Pride2_Sense5
START,ComputeScalar,Pride2,981988612545,FMT-M,Pride2_Sense5
QUEUE,ComputeScalar,Pride2_Sense5,981989265083,FMT-M,Pride2_Sense5
END,ComputeScalar,Pride2,981989405263,FMT-M,Pride2_Sense5
QUEUE,ComputeCosine,Pride2_Sense5,981989448763,FMT-M,Pride2_Sense5
START,Collect,Sense5,982031324941,FMT-M,Pride2_Sense5
END,Collect,Sense5,982051002309,FMT-M,Pride2_Sense5
QUEUE,ComputeScalar,Sense5,982057390932,FMT-M,Pride2_Sense5
START,ComputeScalar,Sense5,982065565760,FMT-M,Pride2_Sense5
END,ComputeScalar,Sense5,982072102322,FMT-M,Pride2_Sense5
START,ComputeScalar,Pride2_Sense5,982072263022,FMT-M,Pride2_Sense5
QUEUE,ComputeCosine,Pride2_Sense5,982072289782,FMT-M,Pride2_Sense5
END,ComputeScalar,Pride2_Sense5,982079413023,FMT-M,Pride2_Sense5
START,ComputeCosine,Pride2_Sense5,982079561503,FMT-M,Pride2_Sense5
END,ComputeCosine,Pride2_Sense5,982079623923,FMT-M,Pride2_Sense5
START,Tokenize,Sense5,982081413428,FMT-M,Pride3_Sense5
START,Tokenize,Pride3,982081422618,FMT-M,Pride3_Sense5
END,Tokenize,Pride3,982082398855,FMT-M,Pride3_Sense5
END,Tokenize,Sense5,982083941391,FMT-M,Pride3_Sense5
START,Collect,Pride3,982101167735,FMT-M,Pride3_Sense5
END,Collect,Pride3,982105194964,FMT-M,Pride3_Sense5
QUEUE,ComputeScalar,Pride3,982106338591,FMT-M,Pride3_Sense5
START,ComputeScalar,Pride3,982107129849,FMT-M,Pride3_Sense5
QUEUE,ComputeScalar,Pride3_Sense5,982108079257,FMT-M,Pride3_Sense5
END,ComputeScalar,Pride3,982109225674,FMT-M,Pride3_Sense5
QUEUE,ComputeCosine,Pride3_Sense5,982109320873,FMT-M,Pride3_Sense5
START,Collect,Sense5,982130269137,FMT-M,Pride3_Sense5
END,Collect,Sense5,982143376572,FMT-M,Pride3_Sense5
QUEUE,ComputeScalar,Sense5,982149384146,FMT-M,Pride3_Sense5
START,ComputeScalar,Sense5,982155478210,FMT-M,Pride3_Sense5
START,ComputeScalar,Pride3_Sense5,982161449744,FMT-M,Pride3_Sense5
END,ComputeScalar,Sense5,982164977045,FMT-M,Pride3_Sense5
QUEUE,ComputeCosine,Pride3_Sense5,982165193434,FMT-M,Pride3_Sense5
END,ComputeScalar,Pride3_Sense5,982168136116,FMT-M,Pride3_Sense5
START,ComputeCosine,Pride3_Sense5,982168265356,FMT-M,Pride3_Sense5
END,ComputeCosine,Pride3_Sense5,982168295816,FMT-M,Pride3_Sense5
START,Tokenize,Sense5,982171117538,FMT-M,Pride4_Sense5
START,Tokenize,Pride4,982171156598,FMT-M,Pride4_Sense5
END,Tokenize,Sense5,982173728031,FMT-M,Pride4_Sense5
END,Tokenize,Pride4,982174414809,FMT-M,Pride4_Sense5
START,Collect,Pride4,982264852348,FMT-M,Pride4_Sense5
START,Collect,Sense5,982265205437,FMT-M,Pride4_Sense5
END,Collect,Sense5,982276538397,FMT-M,Pride4_Sense5
END,Collect,Pride4,982276693406,FMT-M,Pride4_Sense5
QUEUE,ComputeScalar,Pride4,982279821588,FMT-M,Pride4_Sense5
QUEUE,ComputeScalar,Sense5,982281383364,FMT-M,Pride4_Sense5
START,ComputeScalar,Pride4,982282892480,FMT-M,Pride4_Sense5
END,ComputeScalar,Pride4,982284917505,FMT-M,Pride4_Sense5
QUEUE,ComputeCosine,Pride4_Sense5,982285010965,FMT-M,Pride4_Sense5
QUEUE,ComputeScalar,Pride4_Sense5,982285395574,FMT-M,Pride4_Sense5
START,ComputeScalar,Sense5,982285764223,FMT-M,Pride4_Sense5
START,ComputeScalar,Pride4_Sense5,982290151311,FMT-M,Pride4_Sense5
END,ComputeScalar,Sense5,982290888339,FMT-M,Pride4_Sense5
QUEUE,ComputeCosine,Pride4_Sense5,982290983519,FMT-M,Pride4_Sense5
END,ComputeScalar,Pride4_Sense5,982295279387,FMT-M,Pride4_Sense5
START,ComputeCosine,Pride4_Sense5,982295366017,FMT-M,Pride4_Sense5
END,ComputeCosine,Pride4_Sense5,982295376127,FMT-M,Pride4_Sense5
START,Tokenize,Pride5,982300160324,FMT-M,Pride5_Sense5
START,Tokenize,Sense5,982300170944,FMT-M,Pride5_Sense5
END,Tokenize,Pride5,982304266273,FMT-M,Pride5_Sense5
END,Tokenize,Sense5,982304413782,FMT-M,Pride5_Sense5
START,Collect,Pride5,982375971192,FMT-M,Pride5_Sense5
START,Collect,Sense5,982383062393,FMT-M,Pride5_Sense5
END,Collect,Sense5,982395311910,FMT-M,Pride5_Sense5
END,Collect,Pride5,982399814228,FMT-M,Pride5_Sense5
QUEUE,ComputeScalar,Sense5,982401294844,FMT-M,Pride5_Sense5
START,ComputeScalar,Sense5,982406455601,FMT-M,Pride5_Sense5
QUEUE,ComputeScalar,Pride5,982406528651,FMT-M,Pride5_Sense5
QUEUE,ComputeScalar,Pride5_Sense5,982411956726,FMT-M,Pride5_Sense5
START,ComputeScalar,Pride5,982412836584,FMT-M,Pride5_Sense5
END,ComputeScalar,Sense5,982414873848,FMT-M,Pride5_Sense5
QUEUE,ComputeCosine,Pride5_Sense5,982415019338,FMT-M,Pride5_Sense5
END,ComputeScalar,Pride5,982418437059,FMT-M,Pride5_Sense5
QUEUE,ComputeCosine,Pride5_Sense5,982418540198,FMT-M,Pride5_Sense5
START,ComputeScalar,Pride5_Sense5,982418588068,FMT-M,Pride5_Sense5
END,ComputeScalar,Pride5_Sense5,982426084348,FMT-M,Pride5_Sense5
START,ComputeCosine,Pride5_Sense5,982426185548,FMT-M,Pride5_Sense5
END,ComputeCosine,Pride5_Sense5,982426219068,FMT-M,Pride5_Sense5
START,Tokenize,Sense5,982434066877,FMT-M,Pride6_Sense5
START,Tokenize,Pride6,982434078217,FMT-M,Pride6_Sense5
END,Tokenize,Sense5,982437595298,FMT-M,Pride6_Sense5
END,Tokenize,Pride6,982439333253,FMT-M,Pride6_Sense5
START,Collect,Sense5,982524135117,FMT-M,Pride6_Sense5
END,Collect,Sense5,982547179256,FMT-M,Pride6_Sense5
QUEUE,ComputeScalar,Sense5,982554100247,FMT-M,Pride6_Sense5
START,ComputeScalar,Sense5,982561995766,FMT-M,Pride6_Sense5
START,Collect,Pride6,982562150826,FMT-M,Pride6_Sense5
END,ComputeScalar,Sense5,982568730168,FMT-M,Pride6_Sense5
QUEUE,ComputeScalar,Pride6_Sense5,982568853458,FMT-M,Pride6_Sense5
QUEUE,ComputeCosine,Pride6_Sense5,982568853568,FMT-M,Pride6_Sense5
END,Collect,Pride6,982591959116,FMT-M,Pride6_Sense5
QUEUE,ComputeScalar,Pride6,982602657848,FMT-M,Pride6_Sense5
START,ComputeScalar,Pride6,982613518239,FMT-M,Pride6_Sense5
START,ComputeScalar,Pride6_Sense5,982625141438,FMT-M,Pride6_Sense5
END,ComputeScalar,Pride6,982627269272,FMT-M,Pride6_Sense5
QUEUE,ComputeCosine,Pride6_Sense5,982627379902,FMT-M,Pride6_Sense5
END,ComputeScalar,Pride6_Sense5,982640480527,FMT-M,Pride6_Sense5
START,ComputeCosine,Pride6_Sense5,982640611257,FMT-M,Pride6_Sense5
END,ComputeCosine,Pride6_Sense5,982640623527,FMT-M,Pride6_Sense5
START,Tokenize,Sense6,982648930955,FMT-M,Pride1_Sense6
START,Tokenize,Pride1,982648941975,FMT-M,Pride1_Sense6
END,Tokenize,Pride1,982649476993,FMT-M,Pride1_Sense6
END,Tokenize,Sense6,982654198561,FMT-M,Pride1_Sense6
START,Collect,Pride1,982658198140,FMT-M,Pride1_Sense6
END,Collect,Pride1,982659842916,FMT-M,Pride1_Sense6
QUEUE,ComputeScalar,Pride1,982660460644,FMT-M,Pride1_Sense6
START,ComputeScalar,Pride1,982660800973,FMT-M,Pride1_Sense6
QUEUE,ComputeScalar,Pride1_Sense6,982661152382,FMT-M,Pride1_Sense6
END,ComputeScalar,Pride1,982661215872,FMT-M,Pride1_Sense6
QUEUE,ComputeCosine,Pride1_Sense6,982661290572,FMT-M,Pride1_Sense6
START,Collect,Sense6,982739023755,FMT-M,Pride1_Sense6
END,Collect,Sense6,982768754056,FMT-M,Pride1_Sense6
QUEUE,ComputeScalar,Sense6,982781375812,FMT-M,Pride1_Sense6
START,ComputeScalar,Sense6,982792547392,FMT-M,Pride1_Sense6
START,ComputeScalar,Pride1_Sense6,982804934849,FMT-M,Pride1_Sense6
END,ComputeScalar,Sense6,982813096797,FMT-M,Pride1_Sense6
QUEUE,ComputeCosine,Pride1_Sense6,982813293187,FMT-M,Pride1_Sense6
END,ComputeScalar,Pride1_Sense6,982819355151,FMT-M,Pride1_Sense6
START,ComputeCosine,Pride1_Sense6,982819482870,FMT-M,Pride1_Sense6
END,ComputeCosine,Pride1_Sense6,982819500360,FMT-M,Pride1_Sense6
START,Tokenize,Sense6,982820817467,FMT-M,Pride2_Sense6
START,Tokenize,Pride2,982820843777,FMT-M,Pride2_Sense6
END,Tokenize,Pride2,982821803694,FMT-M,Pride2_Sense6
END,Tokenize,Sense6,982826602681,FMT-M,Pride2_Sense6
START,Collect,Pride2,982869204848,FMT-M,Pride2_Sense6
END,Collect,Pride2,982872366940,FMT-M,Pride2_Sense6
QUEUE,ComputeScalar,Pride2,982873370097,FMT-M,Pride2_Sense6
START,ComputeScalar,Pride2,982874037435,FMT-M,Pride2_Sense6
QUEUE,ComputeScalar,Pride2_Sense6,982874698924,FMT-M,Pride2_Sense6
END,ComputeScalar,Pride2,982874756873,FMT-M,Pride2_Sense6
QUEUE,ComputeCosine,Pride2_Sense6,982874823393,FMT-M,Pride2_Sense6
START,Collect,Sense6,982944174818,FMT-M,Pride2_Sense6
END,Collect,Sense6,982974840386,FMT-M,Pride2_Sense6
QUEUE,ComputeScalar,Sense6,982988099311,FMT-M,Pride2_Sense6
START,ComputeScalar,Sense6,983001110976,FMT-M,Pride2_Sense6
START,ComputeScalar,Pride2_Sense6,983014390301,FMT-M,Pride2_Sense6
END,ComputeScalar,Sense6,983021589132,FMT-M,Pride2_Sense6
QUEUE,ComputeCosine,Pride2_Sense6,983021802491,FMT-M,Pride2_Sense6
END,ComputeScalar,Pride2_Sense6,983026704168,FMT-M,Pride2_Sense6
START,ComputeCosine,Pride2_Sense6,983026827348,FMT-M,Pride2_Sense6
END,ComputeCosine,Pride2_Sense6,983026884038,FMT-M,Pride2_Sense6
START,Tokenize,Sense6,983028926733,FMT-M,Pride3_Sense6
START,Tokenize,Pride3,983028949072,FMT-M,Pride3_Sense6
END,Tokenize,Pride3,983030888057,FMT-M,Pride3_Sense6
END,Tokenize,Sense6,983034085639,FMT-M,Pride3_Sense6
START,Collect,Pride3,983075396899,FMT-M,Pride3_Sense6
END,Collect,Pride3,983082413450,FMT-M,Pride3_Sense6
QUEUE,ComputeScalar,Pride3,983084402805,FMT-M,Pride3_Sense6
START,ComputeScalar,Pride3,983085749741,FMT-M,Pride3_Sense6
QUEUE,ComputeScalar,Pride3_Sense6,983087144697,FMT-M,Pride3_Sense6
END,ComputeScalar,Pride3,983087205687,FMT-M,Pride3_Sense6
QUEUE,ComputeCosine,Pride3_Sense6,983087283277,FMT-M,Pride3_Sense6
START,Collect,Sense6,983186237624,FMT-M,Pride3_Sense6
END,Collect,Sense6,983218537647,FMT-M,Pride3_Sense6
QUEUE,ComputeScalar,Sense6,983228669330,FMT-M,Pride3_Sense6
START,ComputeScalar,Sense6,983239707371,FMT-M,Pride3_Sense6
START,ComputeScalar,Pride3_Sense6,983251946359,FMT-M,Pride3_Sense6
END,ComputeScalar,Sense6,983257501214,FMT-M,Pride3_Sense6
QUEUE,ComputeCosine,Pride3_Sense6,983257728333,FMT-M,Pride3_Sense6
END,ComputeScalar,Pride3_Sense6,983264564675,FMT-M,Pride3_Sense6
START,ComputeCosine,Pride3_Sense6,983264688674,FMT-M,Pride3_Sense6
END,ComputeCosine,Pride3_Sense6,983264700024,FMT-M,Pride3_Sense6
START,Tokenize,Pride4,983268332384,FMT-M,Pride4_Sense6
START,Tokenize,Sense6,983268359124,FMT-M,Pride4_Sense6
END,Tokenize,Pride4,983269810681,FMT-M,Pride4_Sense6
END,Tokenize,Sense6,983283581994,FMT-M,Pride4_Sense6
START,Collect,Pride4,983312095228,FMT-M,Pride4_Sense6
END,Collect,Pride4,983320178187,FMT-M,Pride4_Sense6
QUEUE,ComputeScalar,Pride4,983323868167,FMT-M,Pride4_Sense6
START,ComputeScalar,Pride4,983327081078,FMT-M,Pride4_Sense6
QUEUE,ComputeScalar,Pride4_Sense6,983329548662,FMT-M,Pride4_Sense6
END,ComputeScalar,Pride4,983333337221,FMT-M,Pride4_Sense6
QUEUE,ComputeCosine,Pride4_Sense6,983333491221,FMT-M,Pride4_Sense6
START,Collect,Sense6,983458449499,FMT-M,Pride4_Sense6
END,Collect,Sense6,983493871264,FMT-M,Pride4_Sense6
QUEUE,ComputeScalar,Sense6,983505582113,FMT-M,Pride4_Sense6
START,ComputeScalar,Sense6,983517045993,FMT-M,Pride4_Sense6
START,ComputeScalar,Pride4_Sense6,983529421400,FMT-M,Pride4_Sense6
END,ComputeScalar,Sense6,983530124578,FMT-M,Pride4_Sense6
QUEUE,ComputeCosine,Pride4_Sense6,983530220568,FMT-M,Pride4_Sense6
END,ComputeScalar,Pride4_Sense6,983541454498,FMT-M,Pride4_Sense6
START,ComputeCosine,Pride4_Sense6,983541541738,FMT-M,Pride4_Sense6
END,ComputeCosine,Pride4_Sense6,983541557928,FMT-M,Pride4_Sense6
START,Tokenize,Sense6,983547855201,FMT-M,Pride5_Sense6
START,Tokenize,Pride5,983547866391,FMT-M,Pride5_Sense6
END,Tokenize,Pride5,983550743023,FMT-M,Pride5_Sense6
END,Tokenize,Sense6,983555168542,FMT-M,Pride5_Sense6
START,Collect,Pride5,983643795286,FMT-M,Pride5_Sense6
END,Collect,Pride5,983678466474,FMT-M,Pride5_Sense6
QUEUE,ComputeScalar,Pride5,983687929009,FMT-M,Pride5_Sense6
START,ComputeScalar,Pride5,983696872045,FMT-M,Pride5_Sense6
END,ComputeScalar,Pride5,983704928443,FMT-M,Pride5_Sense6
QUEUE,ComputeScalar,Pride5_Sense6,983705018473,FMT-M,Pride5_Sense6
QUEUE,ComputeCosine,Pride5_Sense6,983705043603,FMT-M,Pride5_Sense6
START,Collect,Sense6,983737757496,FMT-M,Pride5_Sense6
END,Collect,Sense6,983773199972,FMT-M,Pride5_Sense6
QUEUE,ComputeScalar,Sense6,983786542727,FMT-M,Pride5_Sense6
START,ComputeScalar,Sense6,983800444149,FMT-M,Pride5_Sense6
END,ComputeScalar,Sense6,983822087682,FMT-M,Pride5_Sense6
QUEUE,ComputeCosine,Pride5_Sense6,983822159022,FMT-M,Pride5_Sense6
START,ComputeScalar,Pride5_Sense6,983822170632,FMT-M,Pride5_Sense6
END,ComputeScalar,Pride5_Sense6,983837296571,FMT-M,Pride5_Sense6
START,ComputeCosine,Pride5_Sense6,983837404671,FMT-M,Pride5_Sense6
END,ComputeCosine,Pride5_Sense6,983837417751,FMT-M,Pride5_Sense6
START,Tokenize,Pride6,983845669209,FMT-M,Pride6_Sense6
START,Tokenize,Sense6,983845667529,FMT-M,Pride6_Sense6
END,Tokenize,Sense6,983852039612,FMT-M,Pride6_Sense6
END,Tokenize,Pride6,983856176611,FMT-M,Pride6_Sense6
START,Collect,Pride6,984046864934,FMT-M,Pride6_Sense6
START,Collect,Sense6,984047166393,FMT-M,Pride6_Sense6
END,Collect,Sense6,984075841537,FMT-M,Pride6_Sense6
QUEUE,ComputeScalar,Sense6,984087459466,FMT-M,Pride6_Sense6
START,ComputeScalar,Sense6,984098699236,FMT-M,Pride6_Sense6
END,Collect,Pride6,984102399036,FMT-M,Pride6_Sense6
QUEUE,ComputeScalar,Pride6_Sense6,984109791187,FMT-M,Pride6_Sense6
END,ComputeScalar,Sense6,984110422855,FMT-M,Pride6_Sense6
QUEUE,ComputeCosine,Pride6_Sense6,984110501555,FMT-M,Pride6_Sense6
QUEUE,ComputeScalar,Pride6,984120338329,FMT-M,Pride6_Sense6
START,ComputeScalar,Pride6,984131173860,FMT-M,Pride6_Sense6
END,ComputeScalar,Pride6,984141797892,FMT-M,Pride6_Sense6
START,ComputeScalar,Pride6_Sense6,984141798642,FMT-M,Pride6_Sense6
QUEUE,ComputeCosine,Pride6_Sense6,984141899161,FMT-M,Pride6_Sense6
END,ComputeScalar,Pride6_Sense6,984155452456,FMT-M,Pride6_Sense6
START,ComputeCosine,Pride6_Sense6,984155551095,FMT-M,Pride6_Sense6
END,ComputeCosine,Pride6_Sense6,984155561865,FMT-M,Pride6_Sense6