type,name,input_id,time,team,meas_id
QUEUE,Tokenize1,Pride1,,BlaskoG,Pride1_Sense1
QUEUE,Tokenize2,Sense1,,BlaskoG,Pride1_Sense1
START,Tokenize1,Pride1,490791506727,BlaskoG,Pride1_Sense1
START,Tokenize2,Sense1,490800489925,BlaskoG,Pride1_Sense1
QUEUE,Collect1,Pride1,,BlaskoG,Pride1_Sense1
QUEUE,Collect2,Sense1,,BlaskoG,Pride1_Sense1
START,Collect1,Pride1,491229792062,BlaskoG,Pride1_Sense1
START,Collect2,Sense1,491229792329,BlaskoG,Pride1_Sense1
STOP,Collect1,Pride1,491431799871,BlaskoG,Pride1_Sense1
STOP,Collect2,Pride1,491431909071,BlaskoG,Pride1_Sense1
STOP,Tokenize2,Sense1,491432099393,BlaskoG,Pride1_Sense1
STOP,Tokenize1,Pride1,491432927780,BlaskoG,Pride1_Sense1
QUEUE,ComputeScalar1,Pride1,,BlaskoG,Pride1_Sense1
QUEUE,ComputeScalar2,Sense1,,BlaskoG,Pride1_Sense1
START,ComputeScalar3,Pride1_Sense1,491736999206,BlaskoG,Pride1_Sense1
START,ComputeScalar2,Sense1,491737296756,BlaskoG,Pride1_Sense1
QUEUE,ComputeScalar3,Pride1_Sense1,,BlaskoG,Pride1_Sense1
START,ComputeScalar1,Pride1,491741196170,BlaskoG,Pride1_Sense1
STOP,ComputeScalar3,Pride1_Sense1,491745903269,BlaskoG,Pride1_Sense1
STOP,ComputeScalar1,Pride1,491746262967,BlaskoG,Pride1_Sense1
STOP,ComputeScalar2,Sense1,491747630222,BlaskoG,Pride1_Sense1
QUEUE,ComputeCosine,Pride1_Sense1,,BlaskoG,Pride1_Sense1
START,ComputeCosine,Pride1_Sense1,492041622644,BlaskoG,Pride1_Sense1
STOP,ComputeCosine,Pride1_Sense1,492351398373,BlaskoG,Pride1_Sense1
QUEUE,Tokenize1,Pride1,,BlaskoG,Pride1_Sense2
QUEUE,Tokenize2,Sense2,,BlaskoG,Pride1_Sense2
START,Tokenize1,Pride1,24376506926048,BlaskoG,Pride1_Sense2
START,Tokenize2,Sense2,24376524384437,BlaskoG,Pride1_Sense2
QUEUE,Collect1,Pride1,,BlaskoG,Pride1_Sense2
QUEUE,Collect2,Sense2,,BlaskoG,Pride1_Sense2
START,Collect2,Sense2,24376664430876,BlaskoG,Pride1_Sense2
START,Collect1,Pride1,24376664859546,BlaskoG,Pride1_Sense2
STOP,Collect1,Pride1,24376742492202,BlaskoG,Pride1_Sense2
STOP,Tokenize1,Pride1,24376742818905,BlaskoG,Pride1_Sense2
STOP,Collect2,Sense2,24376750435464,BlaskoG,Pride1_Sense2
STOP,Tokenize2,Sense2,24376750737297,BlaskoG,Pride1_Sense2
QUEUE,ComputeScalar1,Pride1,,BlaskoG,Pride1_Sense2
QUEUE,ComputeScalar2,Sense2,,BlaskoG,Pride1_Sense2
START,ComputeScalar1,Pride1,24376825426660,BlaskoG,Pride1_Sense2
STOP,ComputeScalar1,Pride1,24376827314832,BlaskoG,Pride1_Sense2
QUEUE,ComputeScalar3,Pride1_Sense2,,BlaskoG,Pride1_Sense2
START,ComputeScalar2,Sense2,24376831130504,BlaskoG,Pride1_Sense2
STOP,ComputeScalar2,Sense2,24376831423003,BlaskoG,Pride1_Sense2
START,ComputeScalar3,Pride1_Sense2,24376862985481,BlaskoG,Pride1_Sense2
STOP,ComputeScalar3,Pride1_Sense2,24376873957581,BlaskoG,Pride1_Sense2
QUEUE,ComputeCosine,Pride1_Sense2,,BlaskoG,Pride1_Sense2
START,ComputeCosine,Pride1_Sense2,24377164554084,BlaskoG,Pride1_Sense2
STOP,ComputeCosine,Pride1_Sense2,24377478819455,BlaskoG,Pride1_Sense2
QUEUE,Tokenize1,Pride1,,BlaskoG,Pride1_Sense3
QUEUE,Tokenize2,Sense3,,BlaskoG,Pride1_Sense3
START,Tokenize1,Pride1,24572163886301,BlaskoG,Pride1_Sense3
START,Tokenize2,Sense3,24572169591043,BlaskoG,Pride1_Sense3
QUEUE,Collect1,Pride1,,BlaskoG,Pride1_Sense3
START,Collect1,Pride1,24572308218069,BlaskoG,Pride1_Sense3
QUEUE,Collect2,Sense3,,BlaskoG,Pride1_Sense3
START,Collect2,Sense3,24572371150729,BlaskoG,Pride1_Sense3
STOP,Collect1,Pride1,24572432332280,BlaskoG,Pride1_Sense3
STOP,Tokenize1,Pride1,24572437203363,BlaskoG,Pride1_Sense3
QUEUE,ComputeScalar1,Pride1,,BlaskoG,Pride1_Sense3
STOP,Collect2,Sense3,24572472226312,BlaskoG,Pride1_Sense3
STOP,Tokenize2,Sense3,24572472422110,BlaskoG,Pride1_Sense3
QUEUE,ComputeScalar2,Sense3,,BlaskoG,Pride1_Sense3
START,ComputeScalar1,Pride1,24572474004293,BlaskoG,Pride1_Sense3
STOP,ComputeScalar1,Pride1,24572478400220,BlaskoG,Pride1_Sense3
QUEUE,ComputeScalar3,Pride1_Sense3,,BlaskoG,Pride1_Sense3
START,ComputeScalar2,Sense3,24572484697039,BlaskoG,Pride1_Sense3
STOP,ComputeScalar2,Sense3,24572485036676,BlaskoG,Pride1_Sense3
START,ComputeScalar3,Pride1_Sense3,24572513013116,BlaskoG,Pride1_Sense3
STOP,ComputeScalar3,Pride1_Sense3,24572517376826,BlaskoG,Pride1_Sense3
QUEUE,ComputeCosine,Pride1_Sense3,,BlaskoG,Pride1_Sense3
START,ComputeCosine,Pride1_Sense3,24572809012899,BlaskoG,Pride1_Sense3
STOP,ComputeCosine,Pride1_Sense3,24573117890743,BlaskoG,Pride1_Sense3
QUEUE,Tokenize1,Pride1,,BlaskoG,Pride1_Sense4
QUEUE,Tokenize2,Sense4,,BlaskoG,Pride1_Sense4
START,Tokenize1,Pride1,2371723457908,BlaskoG,Pride1_Sense4
START,Tokenize2,Sense4,2371728149666,BlaskoG,Pride1_Sense4
QUEUE,Collect1,Pride1,,BlaskoG,Pride1_Sense4
START,Collect1,Pride1,2371885164755,BlaskoG,Pride1_Sense4
STOP,Collect1,Pride1,2371989734575,BlaskoG,Pride1_Sense4
STOP,Tokenize1,Pride1,2371990471426,BlaskoG,Pride1_Sense4
QUEUE,Collect2,Sense4,,BlaskoG,Pride1_Sense4
START,Collect2,Sense4,2372007443816,BlaskoG,Pride1_Sense4
QUEUE,ComputeScalar1,Pride1,,BlaskoG,Pride1_Sense4
START,ComputeScalar1,Pride1,2372041882693,BlaskoG,Pride1_Sense4
STOP,ComputeScalar1,Pride1,2372052853153,BlaskoG,Pride1_Sense4
STOP,Collect2,Sense4,2372201289351,BlaskoG,Pride1_Sense4
STOP,Tokenize2,Sense4,2372201487002,BlaskoG,Pride1_Sense4
QUEUE,ComputeScalar2,Sense4,,BlaskoG,Pride1_Sense4
QUEUE,ComputeScalar3,Pride1_Sense4,,BlaskoG,Pride1_Sense4
START,ComputeScalar2,Sense4,2372211147990,BlaskoG,Pride1_Sense4
START,ComputeScalar3,Pride1_Sense4,2372213283316,BlaskoG,Pride1_Sense4
STOP,ComputeScalar3,Pride1_Sense4,2372213534123,BlaskoG,Pride1_Sense4
STOP,ComputeScalar2,Sense4,2372224129578,BlaskoG,Pride1_Sense4
QUEUE,ComputeCosine,Pride1_Sense4,,BlaskoG,Pride1_Sense4
START,ComputeCosine,Pride1_Sense4,2372249102838,BlaskoG,Pride1_Sense4
STOP,ComputeCosine,Pride1_Sense4,2372557227052,BlaskoG,Pride1_Sense4
QUEUE,Tokenize1,Pride1,,BlaskoG,Pride1_Sense5
QUEUE,Tokenize2,Sense5,,BlaskoG,Pride1_Sense5
START,Tokenize1,Pride1,2648444909962,BlaskoG,Pride1_Sense5
START,Tokenize2,Sense5,2648448631672,BlaskoG,Pride1_Sense5
QUEUE,Collect1,Pride1,,BlaskoG,Pride1_Sense5
START,Collect1,Pride1,2648599257032,BlaskoG,Pride1_Sense5
STOP,Collect1,Pride1,2648667341478,BlaskoG,Pride1_Sense5
STOP,Tokenize1,Pride1,2648671334732,BlaskoG,Pride1_Sense5
QUEUE,Collect2,Sense5,,BlaskoG,Pride1_Sense5
START,Collect2,Sense5,2648720849730,BlaskoG,Pride1_Sense5
QUEUE,ComputeScalar1,Pride1,,BlaskoG,Pride1_Sense5
START,ComputeScalar1,Pride1,2648754489412,BlaskoG,Pride1_Sense5
STOP,ComputeScalar1,Pride1,2648759583899,BlaskoG,Pride1_Sense5
STOP,Collect2,Sense5,2648905024683,BlaskoG,Pride1_Sense5
STOP,Tokenize2,Sense5,2648905306695,BlaskoG,Pride1_Sense5
QUEUE,ComputeScalar2,Sense5,,BlaskoG,Pride1_Sense5
QUEUE,ComputeScalar3,Pride1_Sense5,,BlaskoG,Pride1_Sense5
START,ComputeScalar2,Sense5,2648908387038,BlaskoG,Pride1_Sense5
STOP,ComputeScalar2,Pride1_Sense5,2648908876883,BlaskoG,Pride1_Sense5
START,ComputeScalar3,Pride1_Sense5,2648929963240,BlaskoG,Pride1_Sense5
STOP,ComputeScalar3,Pride1_Sense5,2648932090439,BlaskoG,Pride1_Sense5
QUEUE,ComputeCosine,Pride1_Sense5,,BlaskoG,Pride1_Sense5
START,ComputeCosine,Pride1_Sense5,2648959496235,BlaskoG,Pride1_Sense5
STOP,ComputeCosine,Pride1_Sense5,2649277324295,BlaskoG,Pride1_Sense5
QUEUE,Tokenize1,Pride1,,BlaskoG,Pride1_Sense6
QUEUE,Tokenize2,Sense6,,BlaskoG,Pride1_Sense6
START,Tokenize2,Sense6,2834930701894,BlaskoG,Pride1_Sense6
START,Tokenize1,Pride1,2834934065760,BlaskoG,Pride1_Sense6
QUEUE,Collect1,Pride1,,BlaskoG,Pride1_Sense6
START,Collect1,Pride1,2835059480398,BlaskoG,Pride1_Sense6
STOP,Collect1,Pride1,2835113236773,BlaskoG,Pride1_Sense6
STOP,Tokenize1,Pride1,2835113670883,BlaskoG,Pride1_Sense6
QUEUE,ComputeScalar1,Pride1,,BlaskoG,Pride1_Sense6
START,ComputeScalar1,Pride1,2835243363536,BlaskoG,Pride1_Sense6
STOP,ComputeScalar1,Pride1,2835252687184,BlaskoG,Pride1_Sense6
QUEUE,Collect2,Sense6,,BlaskoG,Pride1_Sense6
START,Collect2,Sense6,2835459773471,BlaskoG,Pride1_Sense6
STOP,Collect2,Sense6,2835794019464,BlaskoG,Pride1_Sense6
STOP,Tokenize2,Sense6,2835794352974,BlaskoG,Pride1_Sense6
QUEUE,ComputeScalar2,Sense6,,BlaskoG,Pride1_Sense6
QUEUE,ComputeScalar3,Pride1_Sense6,,BlaskoG,Pride1_Sense6
START,ComputeScalar2,Sense6,2835805378126,BlaskoG,Pride1_Sense6
STOP,ComputeScalar2,Sense6,2835805667893,BlaskoG,Pride1_Sense6
START,ComputeScalar3,Pride1_Sense6,2835809843306,BlaskoG,Pride1_Sense6
STOP,ComputeScalar3,Pride1_Sense6,2835810056675,BlaskoG,Pride1_Sense6
QUEUE,ComputeCosine,Pride1_Sense6,,BlaskoG,Pride1_Sense6
START,ComputeCosine,Pride1_Sense6,2835883898643,BlaskoG,Pride1_Sense6
STOP,ComputeCosine,Pride1_Sense6,2836195588331,BlaskoG,Pride1_Sense6
QUEUE,Tokenize1,Pride2,,BlaskoG,Pride2_Sense1
QUEUE,Tokenize2,Sense1,,BlaskoG,Pride2_Sense1
START,Tokenize2,Sense1,3317198564638,BlaskoG,Pride2_Sense1
START,Tokenize1,Pride2,3317198569903,BlaskoG,Pride2_Sense1
QUEUE,Collect1,Pride2,,BlaskoG,Pride2_Sense1
QUEUE,Collect2,Sense1,,BlaskoG,Pride2_Sense1
START,Collect2,Sense1,3317773889475,BlaskoG,Pride2_Sense1
START,Collect1,Pride2,3317773895822,BlaskoG,Pride2_Sense1
STOP,Collect2,Sense1,3317931258140,BlaskoG,Pride2_Sense1
STOP,Tokenize2,Sense1,3317931656974,BlaskoG,Pride2_Sense1
STOP,Collect1,Pride2,3317932214628,BlaskoG,Pride2_Sense1
STOP,Tokenize1,Pride2,3317932429851,BlaskoG,Pride2_Sense1
QUEUE,ComputeScalar1,Pride2,,BlaskoG,Pride2_Sense1
QUEUE,ComputeScalar2,Sense1,,BlaskoG,Pride2_Sense1
QUEUE,ComputeScalar3,Pride2_Sense1,,BlaskoG,Pride2_Sense1
START,ComputeScalar1,Pride2,3318100103589,BlaskoG,Pride2_Sense1
START,ComputeScalar2,Sense1,3318100845949,BlaskoG,Pride2_Sense1
START,ComputeScalar3,Pride2_Sense1,3318101048682,BlaskoG,Pride2_Sense1
STOP,ComputeScalar1,Pride2,3318132895283,BlaskoG,Pride2_Sense1
STOP,ComputeScalar3,Pride2_Sense1,3318134620939,BlaskoG,Pride2_Sense1
STOP,ComputeScalar2,Sense1,3318134888523,BlaskoG,Pride2_Sense1
QUEUE,ComputeCosine,Pride2_Sense1,,BlaskoG,Pride2_Sense1
START,ComputeCosine,Pride2_Sense1,3318404200002,BlaskoG,Pride2_Sense1
STOP,ComputeCosine,Pride2_Sense1,3318705912764,BlaskoG,Pride2_Sense1
QUEUE,Tokenize1,Pride2,,BlaskoG,Pride2_Sense2
QUEUE,Tokenize2,Sense2,,BlaskoG,Pride2_Sense2
START,Tokenize1,Pride2,3642850606445,BlaskoG,Pride2_Sense2
START,Tokenize2,Sense2,3642856425773,BlaskoG,Pride2_Sense2
QUEUE,Collect2,Sense2,,BlaskoG,Pride2_Sense2
START,Collect2,Sense2,3642988181309,BlaskoG,Pride2_Sense2
QUEUE,Collect1,Pride2,,BlaskoG,Pride2_Sense2
START,Collect1,Pride2,3642996494766,BlaskoG,Pride2_Sense2
STOP,Collect2,Sense2,3643063073976,BlaskoG,Pride2_Sense2
STOP,Tokenize2,Sense2,3643064449481,BlaskoG,Pride2_Sense2
STOP,Collect1,Pride2,3643068449469,BlaskoG,Pride2_Sense2
STOP,Tokenize1,Pride2,3643068913011,BlaskoG,Pride2_Sense2
QUEUE,ComputeScalar1,Pride2,,BlaskoG,Pride2_Sense2
QUEUE,ComputeScalar2,Sense2,,BlaskoG,Pride2_Sense2
START,ComputeScalar1,Pride2,3643163746994,BlaskoG,Pride2_Sense2
QUEUE,ComputeScalar3,Pride2_Sense2,,BlaskoG,Pride2_Sense2
START,ComputeScalar2,Sense2,3643175223972,BlaskoG,Pride2_Sense2
START,ComputeScalar3,Pride2_Sense2,3643176248020,BlaskoG,Pride2_Sense2
STOP,ComputeScalar2,Sense2,3643180131075,BlaskoG,Pride2_Sense2
STOP,ComputeScalar1,Pride2,3643180302130,BlaskoG,Pride2_Sense2
STOP,ComputeScalar3,Pride2_Sense2,3643181739973,BlaskoG,Pride2_Sense2
QUEUE,ComputeCosine,Pride2_Sense2,,BlaskoG,Pride2_Sense2
START,ComputeCosine,Pride2_Sense2,3643477804480,BlaskoG,Pride2_Sense2
STOP,ComputeCosine,Pride2_Sense2,3643782996402,BlaskoG,Pride2_Sense2
QUEUE,Tokenize1,Pride2,,BlaskoG,Pride2_Sense3
QUEUE,Tokenize2,Sense3,,BlaskoG,Pride2_Sense3
START,Tokenize1,Pride2,5320670126779,BlaskoG,Pride2_Sense3
START,Tokenize2,Sense3,5320680422307,BlaskoG,Pride2_Sense3
QUEUE,Collect1,Pride2,,BlaskoG,Pride2_Sense3
START,Collect1,Pride2,5320820078168,BlaskoG,Pride2_Sense3
QUEUE,Collect2,Sense3,,BlaskoG,Pride2_Sense3
START,Collect2,Sense3,5320897178221,BlaskoG,Pride2_Sense3
STOP,Collect1,Pride2,5320951247508,BlaskoG,Pride2_Sense3
STOP,Tokenize1,Pride2,5320951556659,BlaskoG,Pride2_Sense3
STOP,Collect2,Sense3,5320956503478,BlaskoG,Pride2_Sense3
STOP,Tokenize2,Sense3,5320956822102,BlaskoG,Pride2_Sense3
QUEUE,ComputeScalar1,Pride2,,BlaskoG,Pride2_Sense3
QUEUE,ComputeScalar2,Sense3,,BlaskoG,Pride2_Sense3
START,ComputeScalar1,Pride2,5320984605802,BlaskoG,Pride2_Sense3
STOP,ComputeScalar1,Pride2,5320985997139,BlaskoG,Pride2_Sense3
QUEUE,ComputeScalar3,Pride2_Sense3,,BlaskoG,Pride2_Sense3
START,ComputeScalar2,Sense3,5320993335189,BlaskoG,Pride2_Sense3
STOP,ComputeScalar2,Sense3,5320994112897,BlaskoG,Pride2_Sense3
START,ComputeScalar3,Pride2_Sense3,5321004213021,BlaskoG,Pride2_Sense3
STOP,ComputeScalar3,Pride2_Sense3,5321014687299,BlaskoG,Pride2_Sense3
QUEUE,ComputeCosine,Pride2_Sense3,,BlaskoG,Pride2_Sense3
START,ComputeCosine,Pride2_Sense3,5321305762640,BlaskoG,Pride2_Sense3
STOP,ComputeCosine,Pride2_Sense3,5321623223895,BlaskoG,Pride2_Sense3
QUEUE,Tokenize1,Pride2,,BlaskoG,Pride2_Sense4
QUEUE,Tokenize2,Sense4,,BlaskoG,Pride2_Sense4
START,Tokenize1,Pride2,5577863436453,BlaskoG,Pride2_Sense4
START,Tokenize2,Sense4,5577867842234,BlaskoG,Pride2_Sense4
QUEUE,Collect1,Pride2,,BlaskoG,Pride2_Sense4
START,Collect1,Pride2,5578078789082,BlaskoG,Pride2_Sense4
STOP,Collect1,Pride2,5578118549959,BlaskoG,Pride2_Sense4
STOP,Tokenize1,Pride2,5578118841260,BlaskoG,Pride2_Sense4
QUEUE,Collect2,Sense4,,BlaskoG,Pride2_Sense4
START,Collect2,Sense4,5578121282558,BlaskoG,Pride2_Sense4
QUEUE,ComputeScalar1,Pride2,,BlaskoG,Pride2_Sense4
START,ComputeScalar1,Pride2,5578195402184,BlaskoG,Pride2_Sense4
STOP,ComputeScalar1,Pride2,5578196956259,BlaskoG,Pride2_Sense4
STOP,Collect2,Sense4,5578240589865,BlaskoG,Pride2_Sense4
STOP,Tokenize2,Sense4,5578240969774,BlaskoG,Pride2_Sense4
QUEUE,ComputeScalar2,Sense4,,BlaskoG,Pride2_Sense4
QUEUE,ComputeScalar3,Pride2_Sense4,,BlaskoG,Pride2_Sense4
START,ComputeScalar2,Sense4,5578244036128,BlaskoG,Pride2_Sense4
STOP,ComputeScalar2,Sense4,5578245427318,BlaskoG,Pride2_Sense4
START,ComputeScalar3,Pride2_Sense4,5578254502232,BlaskoG,Pride2_Sense4
STOP,ComputeScalar3,Pride2_Sense4,5578257898792,BlaskoG,Pride2_Sense4
QUEUE,ComputeCosine,Pride2_Sense4,,BlaskoG,Pride2_Sense4
START,ComputeCosine,Pride2_Sense4,5578555740318,BlaskoG,Pride2_Sense4
STOP,ComputeCosine,Pride2_Sense4,5578861837912,BlaskoG,Pride2_Sense4
QUEUE,Tokenize1,Pride2,,BlaskoG,Pride2_Sense5
QUEUE,Tokenize2,Sense5,,BlaskoG,Pride2_Sense5
START,Tokenize1,Pride2,5895152541195,BlaskoG,Pride2_Sense5
START,Tokenize2,Sense5,5895156397271,BlaskoG,Pride2_Sense5
QUEUE,Collect1,Pride2,,BlaskoG,Pride2_Sense5
START,Collect1,Pride2,5895322371878,BlaskoG,Pride2_Sense5
QUEUE,Collect2,Sense5,,BlaskoG,Pride2_Sense5
START,Collect2,Sense5,5895434987457,BlaskoG,Pride2_Sense5
STOP,Collect1,Pride2,5895437996288,BlaskoG,Pride2_Sense5
STOP,Tokenize1,Pride2,5895439092178,BlaskoG,Pride2_Sense5
QUEUE,ComputeScalar1,Pride2,,BlaskoG,Pride2_Sense5
START,ComputeScalar1,Pride2,5895470269457,BlaskoG,Pride2_Sense5
STOP,ComputeScalar1,Pride2,5895479366622,BlaskoG,Pride2_Sense5
STOP,Collect2,Sense5,5895708704015,BlaskoG,Pride2_Sense5
STOP,Tokenize2,Sense5,5895709117955,BlaskoG,Pride2_Sense5
QUEUE,ComputeScalar2,Sense5,,BlaskoG,Pride2_Sense5
QUEUE,ComputeScalar3,Pride2_Sense5,,BlaskoG,Pride2_Sense5
START,ComputeScalar2,Sense5,5895723138839,BlaskoG,Pride2_Sense5
STOP,ComputeScalar2,Sense5,5895724138754,BlaskoG,Pride2_Sense5
START,ComputeScalar3,Pride2_Sense5,5895732795819,BlaskoG,Pride2_Sense5
STOP,ComputeScalar3,Pride2_Sense5,5895739046678,BlaskoG,Pride2_Sense5
QUEUE,ComputeCosine,Pride2_Sense5,,BlaskoG,Pride2_Sense5
START,ComputeCosine,Pride2_Sense5,5895843452092,BlaskoG,Pride2_Sense5
STOP,ComputeCosine,Pride2_Sense5,5896152184950,BlaskoG,Pride2_Sense5
QUEUE,Tokenize1,Pride2,,BlaskoG,Pride2_Sense6
QUEUE,Tokenize2,Sense6,,BlaskoG,Pride2_Sense6
START,Tokenize1,Pride2,6106225927314,BlaskoG,Pride2_Sense6
START,Tokenize2,Sense6,6106238039702,BlaskoG,Pride2_Sense6
QUEUE,Collect1,Pride2,,BlaskoG,Pride2_Sense6
START,Collect1,Pride2,6106604060206,BlaskoG,Pride2_Sense6
STOP,Collect1,Pride2,6106683056600,BlaskoG,Pride2_Sense6
STOP,Tokenize1,Pride2,6106690978965,BlaskoG,Pride2_Sense6
QUEUE,ComputeScalar1,Pride2,,BlaskoG,Pride2_Sense6
START,ComputeScalar1,Pride2,6106848582953,BlaskoG,Pride2_Sense6
STOP,ComputeScalar1,Pride2,6106851724169,BlaskoG,Pride2_Sense6
QUEUE,Collect2,Sense6,,BlaskoG,Pride2_Sense6
START,Collect2,Sense6,6106973777247,BlaskoG,Pride2_Sense6
STOP,Collect2,Sense6,6107835964362,BlaskoG,Pride2_Sense6
STOP,Tokenize2,Sense6,6107836288522,BlaskoG,Pride2_Sense6
QUEUE,ComputeScalar2,Sense6,,BlaskoG,Pride2_Sense6
QUEUE,ComputeScalar3,Pride2_Sense6,,BlaskoG,Pride2_Sense6
START,ComputeScalar2,Sense6,6107839235311,BlaskoG,Pride2_Sense6
STOP,ComputeScalar2,Sense6,6107839554107,BlaskoG,Pride2_Sense6
START,ComputeScalar3,Pride2_Sense6,6107855096845,BlaskoG,Pride2_Sense6
STOP,ComputeScalar3,Pride2_Sense6,6107855333511,BlaskoG,Pride2_Sense6
QUEUE,ComputeCosine,Pride2_Sense6,,BlaskoG,Pride2_Sense6
START,ComputeCosine,Pride2_Sense6,6107958133579,BlaskoG,Pride2_Sense6
STOP,ComputeCosine,Pride2_Sense6,6108268939711,BlaskoG,Pride2_Sense6
QUEUE,Tokenize1,Pride3,,BlaskoG,Pride3_Sense1
QUEUE,Tokenize2,Sense1,,BlaskoG,Pride3_Sense1
START,Tokenize1,Pride3,6315127086755,BlaskoG,Pride3_Sense1
START,Tokenize2,Sense1,6315134954488,BlaskoG,Pride3_Sense1
QUEUE,Collect2,Sense1,,BlaskoG,Pride3_Sense1
START,Collect2,Sense1,6315258902677,BlaskoG,Pride3_Sense1
QUEUE,Collect1,Pride3,,BlaskoG,Pride3_Sense1
START,Collect1,Pride3,6315287271930,BlaskoG,Pride3_Sense1
STOP,Collect2,Sense1,6315375868611,BlaskoG,Pride3_Sense1
STOP,Tokenize2,Sense1,6315377310204,BlaskoG,Pride3_Sense1
STOP,Collect1,Pride3,6315412159338,BlaskoG,Pride3_Sense1
STOP,Tokenize1,Pride3,6315414958764,BlaskoG,Pride3_Sense1
QUEUE,ComputeScalar1,Pride3,,BlaskoG,Pride3_Sense1
QUEUE,ComputeScalar2,Sense1,,BlaskoG,Pride3_Sense1
QUEUE,ComputeScalar3,Pride3_Sense1,,BlaskoG,Pride3_Sense1
START,ComputeScalar2,Sense1,6315453325606,BlaskoG,Pride3_Sense1
START,ComputeScalar1,Pride3,6315453723844,BlaskoG,Pride3_Sense1
STOP,ComputeScalar2,Sense1,6315456776020,BlaskoG,Pride3_Sense1
STOP,ComputeScalar1,Sense1,6315457768467,BlaskoG,Pride3_Sense1
START,ComputeScalar3,Pride3_Sense1,6315458321272,BlaskoG,Pride3_Sense1
STOP,ComputeScalar3,Pride3_Sense1,6315461170239,BlaskoG,Pride3_Sense1
QUEUE,ComputeCosine,Pride3_Sense1,,BlaskoG,Pride3_Sense1
START,ComputeCosine,Pride3_Sense1,6315765446127,BlaskoG,Pride3_Sense1
STOP,ComputeCosine,Pride3_Sense1,6316071662191,BlaskoG,Pride3_Sense1
QUEUE,Tokenize1,Pride3,,BlaskoG,Pride3_Sense2
QUEUE,Tokenize2,Sense2,,BlaskoG,Pride3_Sense2
START,Tokenize1,Pride3,7286084364254,BlaskoG,Pride3_Sense2
START,Tokenize2,Sense2,7286088484281,BlaskoG,Pride3_Sense2
QUEUE,Collect1,Pride3,,BlaskoG,Pride3_Sense2
START,Collect1,Pride3,7286241478810,BlaskoG,Pride3_Sense2
QUEUE,Collect2,Sense2,,BlaskoG,Pride3_Sense2
START,Collect2,Sense2,7286257799721,BlaskoG,Pride3_Sense2
STOP,Collect2,Sense2,7286290848430,BlaskoG,Pride3_Sense2
STOP,Tokenize2,Sense2,7286291241107,BlaskoG,Pride3_Sense2
STOP,Collect1,Pride3,7286346039150,BlaskoG,Pride3_Sense2
STOP,Tokenize1,Pride3,7286346686168,BlaskoG,Pride3_Sense2
QUEUE,ComputeScalar1,Pride3,,BlaskoG,Pride3_Sense2
QUEUE,ComputeScalar2,Sense2,,BlaskoG,Pride3_Sense2
START,ComputeScalar1,Pride3,7286390165040,BlaskoG,Pride3_Sense2
STOP,ComputeScalar1,Pride3,7286391434456,BlaskoG,Pride3_Sense2
QUEUE,ComputeScalar3,Pride3_Sense2,,BlaskoG,Pride3_Sense2
START,ComputeScalar2,Sense2,7286424149094,BlaskoG,Pride3_Sense2
STOP,ComputeScalar2,Sense2,7286424529338,BlaskoG,Pride3_Sense2
START,ComputeScalar3,Pride3_Sense2,7286444760063,BlaskoG,Pride3_Sense2
STOP,ComputeScalar3,Pride3_Sense2,7286445351093,BlaskoG,Pride3_Sense2
QUEUE,ComputeCosine,Pride3_Sense2,,BlaskoG,Pride3_Sense2
START,ComputeCosine,Pride3_Sense2,7286466510661,BlaskoG,Pride3_Sense2
STOP,ComputeCosine,Pride3_Sense2,7286769800831,BlaskoG,Pride3_Sense2
QUEUE,Tokenize1,Pride3,,BlaskoG,Pride3_Sense3
QUEUE,Tokenize2,Sense3,,BlaskoG,Pride3_Sense3
START,Tokenize1,Pride3,7542677724027,BlaskoG,Pride3_Sense3
START,Tokenize2,Sense3,7542683486454,BlaskoG,Pride3_Sense3
QUEUE,Collect2,Sense3,,BlaskoG,Pride3_Sense3
QUEUE,Collect1,Pride3,,BlaskoG,Pride3_Sense3
START,Collect2,Sense3,7542952916336,BlaskoG,Pride3_Sense3
START,Collect1,Pride3,7542955173966,BlaskoG,Pride3_Sense3
STOP,Collect1,Pride3,7543057966592,BlaskoG,Pride3_Sense3
STOP,Tokenize1,Pride3,7543063316113,BlaskoG,Pride3_Sense3
STOP,Collect2,Sense3,7543076518041,BlaskoG,Pride3_Sense3
STOP,Tokenize2,Sense3,7543076680516,BlaskoG,Pride3_Sense3
QUEUE,ComputeScalar1,Pride3,,BlaskoG,Pride3_Sense3
QUEUE,ComputeScalar2,Sense3,,BlaskoG,Pride3_Sense3
START,ComputeScalar1,Pride3,7543288600910,BlaskoG,Pride3_Sense3
STOP,ComputeScalar1,Pride3,7543290470475,BlaskoG,Pride3_Sense3
QUEUE,ComputeScalar3,Pride3_Sense3,,BlaskoG,Pride3_Sense3
START,ComputeScalar2,Sense3,7543293418787,BlaskoG,Pride3_Sense3
STOP,ComputeScalar2,Sense3,7543293962159,BlaskoG,Pride3_Sense3
START,ComputeScalar3,Pride3_Sense3,7543301957355,BlaskoG,Pride3_Sense3
STOP,ComputeScalar3,Pride3_Sense3,7543306044815,BlaskoG,Pride3_Sense3
QUEUE,ComputeCosine,Pride3_Sense3,,BlaskoG,Pride3_Sense3
START,ComputeCosine,Pride3_Sense3,7543603958474,BlaskoG,Pride3_Sense3
STOP,ComputeCosine,Pride3_Sense3,7543926807702,BlaskoG,Pride3_Sense3
QUEUE,Tokenize1,Pride3,,BlaskoG,Pride3_Sense4
QUEUE,Tokenize2,Sense4,,BlaskoG,Pride3_Sense4
START,Tokenize1,Pride3,7864104958367,BlaskoG,Pride3_Sense4
START,Tokenize2,Sense4,7864115003766,BlaskoG,Pride3_Sense4
QUEUE,Collect1,Pride3,,BlaskoG,Pride3_Sense4
START,Collect1,Pride3,7864278633654,BlaskoG,Pride3_Sense4
QUEUE,Collect2,Sense4,,BlaskoG,Pride3_Sense4
START,Collect2,Sense4,7864333804630,BlaskoG,Pride3_Sense4
STOP,Collect1,Pride3,7864399130734,BlaskoG,Pride3_Sense4
STOP,Tokenize1,Pride3,7864399351422,BlaskoG,Pride3_Sense4
QUEUE,ComputeScalar1,Pride3,,BlaskoG,Pride3_Sense4
STOP,Collect2,Sense4,7864427059098,BlaskoG,Pride3_Sense4
STOP,Tokenize2,Sense4,7864427350620,BlaskoG,Pride3_Sense4
QUEUE,ComputeScalar2,Sense4,,BlaskoG,Pride3_Sense4
START,ComputeScalar1,Pride3,7864427358708,BlaskoG,Pride3_Sense4
STOP,ComputeScalar1,Pride3,7864437157833,BlaskoG,Pride3_Sense4
QUEUE,ComputeScalar3,Pride3_Sense4,,BlaskoG,Pride3_Sense4
START,ComputeScalar2,Sense4,7864439816981,BlaskoG,Pride3_Sense4
STOP,ComputeScalar2,Sense4,7864440261469,BlaskoG,Pride3_Sense4
START,ComputeScalar3,Pride3_Sense4,7864462447744,BlaskoG,Pride3_Sense4
STOP,ComputeScalar3,Pride3_Sense4,7864462863415,BlaskoG,Pride3_Sense4
QUEUE,ComputeCosine,Pride3_Sense4,,BlaskoG,Pride3_Sense4
START,ComputeCosine,Pride3_Sense4,7864763888253,BlaskoG,Pride3_Sense4
STOP,ComputeCosine,Pride3_Sense4,7865070213934,BlaskoG,Pride3_Sense4
QUEUE,Tokenize1,Pride3,,BlaskoG,Pride3_Sense5
QUEUE,Tokenize2,Sense5,,BlaskoG,Pride3_Sense5
START,Tokenize1,Pride3,8051021374377,BlaskoG,Pride3_Sense5
START,Tokenize2,Sense5,8051034318452,BlaskoG,Pride3_Sense5
QUEUE,Collect1,Pride3,,BlaskoG,Pride3_Sense5
START,Collect1,Pride3,8051208217618,BlaskoG,Pride3_Sense5
QUEUE,Collect2,Sense5,,BlaskoG,Pride3_Sense5
START,Collect2,Sense5,8051246706831,BlaskoG,Pride3_Sense5
STOP,Collect1,Pride3,8051350301384,BlaskoG,Pride3_Sense5
STOP,Tokenize1,Pride3,8051350927439,BlaskoG,Pride3_Sense5
STOP,Collect2,Sense5,8051557896702,BlaskoG,Pride3_Sense5
STOP,Tokenize2,Sense5,8051558213182,BlaskoG,Pride3_Sense5
QUEUE,ComputeScalar1,Pride3,,BlaskoG,Pride3_Sense5
QUEUE,ComputeScalar2,Sense5,,BlaskoG,Pride3_Sense5
START,ComputeScalar1,Pride3,8051634722984,BlaskoG,Pride3_Sense5
QUEUE,ComputeScalar3,Pride3_Sense5,,BlaskoG,Pride3_Sense5
STOP,ComputeScalar1,Pride3,8051638318912,BlaskoG,Pride3_Sense5
START,ComputeScalar2,Sense5,8051652373123,BlaskoG,Pride3_Sense5
STOP,ComputeScalar2,Sense5,8051662033970,BlaskoG,Pride3_Sense5
START,ComputeScalar3,Pride3_Sense5,8051665419068,BlaskoG,Pride3_Sense5
STOP,ComputeScalar3,Pride3_Sense5,8051665747191,BlaskoG,Pride3_Sense5
QUEUE,ComputeCosine,Pride3_Sense5,,BlaskoG,Pride3_Sense5
START,ComputeCosine,Pride3_Sense5,8051702058000,BlaskoG,Pride3_Sense5
STOP,ComputeCosine,Pride3_Sense5,8052007387652,BlaskoG,Pride3_Sense5
QUEUE,Tokenize1,Pride3,,BlaskoG,Pride3_Sense6
QUEUE,Tokenize2,Sense6,,BlaskoG,Pride3_Sense6
START,Tokenize1,Pride3,8395819593849,BlaskoG,Pride3_Sense6
START,Tokenize2,Sense6,8395824033164,BlaskoG,Pride3_Sense6
QUEUE,Collect1,Pride3,,BlaskoG,Pride3_Sense6
START,Collect1,Pride3,8396036525352,BlaskoG,Pride3_Sense6
STOP,Collect1,Pride3,8396183578760,BlaskoG,Pride3_Sense6
STOP,Tokenize1,Pride3,8396183838526,BlaskoG,Pride3_Sense6
QUEUE,Collect2,Sense6,,BlaskoG,Pride3_Sense6
START,Collect2,Sense6,8396272980906,BlaskoG,Pride3_Sense6
QUEUE,ComputeScalar1,Pride3,,BlaskoG,Pride3_Sense6
START,ComputeScalar1,Pride3,8396455165544,BlaskoG,Pride3_Sense6
STOP,ComputeScalar1,Pride3,8396466866412,BlaskoG,Pride3_Sense6
STOP,Collect2,Sense6,8396887292835,BlaskoG,Pride3_Sense6
STOP,Tokenize2,Sense6,8396887611511,BlaskoG,Pride3_Sense6
QUEUE,ComputeScalar2,Sense6,,BlaskoG,Pride3_Sense6
QUEUE,ComputeScalar3,Pride3_Sense6,,BlaskoG,Pride3_Sense6
START,ComputeScalar2,Sense6,8396903049776,BlaskoG,Pride3_Sense6
STOP,ComputeScalar2,Sense6,8396903494797,BlaskoG,Pride3_Sense6
START,ComputeScalar3,Pride3_Sense6,8396909185189,BlaskoG,Pride3_Sense6
STOP,ComputeScalar3,Pride3_Sense6,8396910154638,BlaskoG,Pride3_Sense6
QUEUE,ComputeCosine,Pride3_Sense6,,BlaskoG,Pride3_Sense6
START,ComputeCosine,Pride3_Sense6,8396992611257,BlaskoG,Pride3_Sense6
STOP,ComputeCosine,Pride3_Sense6,8397299841646,BlaskoG,Pride3_Sense6
QUEUE,Tokenize1,Pride4,,BlaskoG,Pride4_Sense1
QUEUE,Tokenize2,Sense1,,BlaskoG,Pride4_Sense1
START,Tokenize1,Pride4,9082327474451,BlaskoG,Pride4_Sense1
START,Tokenize2,Sense1,9082335049852,BlaskoG,Pride4_Sense1
QUEUE,Collect2,Sense1,,BlaskoG,Pride4_Sense1
START,Collect2,Sense1,9082456003976,BlaskoG,Pride4_Sense1
QUEUE,Collect1,Pride4,,BlaskoG,Pride4_Sense1
START,Collect1,Pride4,9082467060293,BlaskoG,Pride4_Sense1
STOP,Collect2,Sense1,9082494442372,BlaskoG,Pride4_Sense1
STOP,Tokenize2,Sense1,9082500693985,BlaskoG,Pride4_Sense1
STOP,Collect1,Pride4,9082590335681,BlaskoG,Pride4_Sense1
STOP,Tokenize1,Pride4,9082590619599,BlaskoG,Pride4_Sense1
QUEUE,ComputeScalar1,Pride4,,BlaskoG,Pride4_Sense1
QUEUE,ComputeScalar2,Sense1,,BlaskoG,Pride4_Sense1
START,ComputeScalar1,Pride4,9082643130682,BlaskoG,Pride4_Sense1
QUEUE,ComputeScalar3,Pride4_Sense1,,BlaskoG,Pride4_Sense1
START,ComputeScalar2,Sense1,9082644148473,BlaskoG,Pride4_Sense1
STOP,ComputeScalar2,Sense1,9082648614841,BlaskoG,Pride4_Sense1
STOP,ComputeScalar1,Pride4,9082650927082,BlaskoG,Pride4_Sense1
START,ComputeScalar3,Pride4_Sense1,9082658017331,BlaskoG,Pride4_Sense1
STOP,ComputeScalar3,Pride4_Sense1,9082658501844,BlaskoG,Pride4_Sense1
QUEUE,ComputeCosine,Pride4_Sense1,,BlaskoG,Pride4_Sense1
START,ComputeCosine,Pride4_Sense1,9082959803789,BlaskoG,Pride4_Sense1
STOP,ComputeCosine,Pride4_Sense1,9083276754803,BlaskoG,Pride4_Sense1
QUEUE,Tokenize1,Pride4,,BlaskoG,Pride4_Sense2
QUEUE,Tokenize2,Sense2,,BlaskoG,Pride4_Sense2
START,Tokenize1,Pride4,9594940188568,BlaskoG,Pride4_Sense2
START,Tokenize2,Sense2,9594945735972,BlaskoG,Pride4_Sense2
QUEUE,Collect2,Sense2,,BlaskoG,Pride4_Sense2
START,Collect2,Sense2,9595120996147,BlaskoG,Pride4_Sense2
QUEUE,Collect1,Pride4,,BlaskoG,Pride4_Sense2
START,Collect1,Pride4,9595151499047,BlaskoG,Pride4_Sense2
STOP,Collect2,Sense2,9595191267868,BlaskoG,Pride4_Sense2
STOP,Tokenize2,Sense2,9595191405253,BlaskoG,Pride4_Sense2
STOP,Collect1,Pride4,9595260465906,BlaskoG,Pride4_Sense2
STOP,Tokenize1,Pride4,9595260713593,BlaskoG,Pride4_Sense2
QUEUE,ComputeScalar1,Pride4,,BlaskoG,Pride4_Sense2
QUEUE,ComputeScalar2,Sense2,,BlaskoG,Pride4_Sense2
START,ComputeScalar1,Pride4,9595262168294,BlaskoG,Pride4_Sense2
STOP,ComputeScalar1,Pride4,9595263963009,BlaskoG,Pride4_Sense2
QUEUE,ComputeScalar3,Pride4_Sense2,,BlaskoG,Pride4_Sense2
START,ComputeScalar2,Sense2,9595272541521,BlaskoG,Pride4_Sense2
STOP,ComputeScalar2,Sense2,9595273058989,BlaskoG,Pride4_Sense2
START,ComputeScalar3,Pride4_Sense2,9595285400222,BlaskoG,Pride4_Sense2
STOP,ComputeScalar3,Pride4_Sense2,9595285915163,BlaskoG,Pride4_Sense2
QUEUE,ComputeCosine,Pride4_Sense2,,BlaskoG,Pride4_Sense2
START,ComputeCosine,Pride4_Sense2,9595586758785,BlaskoG,Pride4_Sense2
STOP,ComputeCosine,Pride4_Sense2,9595894460466,BlaskoG,Pride4_Sense2
QUEUE,Tokenize1,Pride4,,BlaskoG,Pride4_Sense3
QUEUE,Tokenize2,Sense3,,BlaskoG,Pride4_Sense3
START,Tokenize1,Pride4,9787831376284,BlaskoG,Pride4_Sense3
START,Tokenize2,Sense3,9787837507312,BlaskoG,Pride4_Sense3
QUEUE,Collect1,Pride4,,BlaskoG,Pride4_Sense3
START,Collect1,Pride4,9787984831044,BlaskoG,Pride4_Sense3
QUEUE,Collect2,Sense3,,BlaskoG,Pride4_Sense3
START,Collect2,Sense3,9787989039525,BlaskoG,Pride4_Sense3
STOP,Collect2,Sense3,9788317167904,BlaskoG,Pride4_Sense3
STOP,Tokenize2,Sense3,9788317527316,BlaskoG,Pride4_Sense3
STOP,Collect1,Pride4,9788325563328,BlaskoG,Pride4_Sense3
STOP,Tokenize1,Pride4,9788326415118,BlaskoG,Pride4_Sense3
QUEUE,ComputeScalar1,Pride4,,BlaskoG,Pride4_Sense3
QUEUE,ComputeScalar2,Sense3,,BlaskoG,Pride4_Sense3
START,ComputeScalar1,Pride4,9788597665601,BlaskoG,Pride4_Sense3
STOP,ComputeScalar1,Pride4,9788599692949,BlaskoG,Pride4_Sense3
QUEUE,ComputeScalar3,Pride4_Sense3,,BlaskoG,Pride4_Sense3
START,ComputeScalar2,Sense3,9788618483367,BlaskoG,Pride4_Sense3
STOP,ComputeScalar2,Sense3,9788619277147,BlaskoG,Pride4_Sense3
START,ComputeScalar3,Pride4_Sense3,9788634342411,BlaskoG,Pride4_Sense3
STOP,ComputeScalar3,Pride4_Sense3,9788635308896,BlaskoG,Pride4_Sense3
QUEUE,ComputeCosine,Pride4_Sense3,,BlaskoG,Pride4_Sense3
START,ComputeCosine,Pride4_Sense3,9788936766500,BlaskoG,Pride4_Sense3
STOP,ComputeCosine,Pride4_Sense3,9789255536698,BlaskoG,Pride4_Sense3
QUEUE,Tokenize1,Pride4,,BlaskoG,Pride4_Sense4
QUEUE,Tokenize2,Sense4,,BlaskoG,Pride4_Sense4
START,Tokenize1,Pride4,9991679605234,BlaskoG,Pride4_Sense4
START,Tokenize2,Sense4,9991683523168,BlaskoG,Pride4_Sense4
QUEUE,Collect1,Pride4,,BlaskoG,Pride4_Sense4
START,Collect1,Pride4,9991924759698,BlaskoG,Pride4_Sense4
QUEUE,Collect2,Sense4,,BlaskoG,Pride4_Sense4
START,Collect2,Sense4,9991956377502,BlaskoG,Pride4_Sense4
STOP,Collect2,Pride4,9992223328056,BlaskoG,Pride4_Sense4
STOP,Tokenize2,Sense4,9992224053381,BlaskoG,Pride4_Sense4
STOP,Collect1,Pride4,9992272100472,BlaskoG,Pride4_Sense4
STOP,Tokenize1,Pride4,9992272443323,BlaskoG,Pride4_Sense4
QUEUE,ComputeScalar1,Pride4,,BlaskoG,Pride4_Sense4
QUEUE,ComputeScalar2,Sense4,,BlaskoG,Pride4_Sense4
START,ComputeScalar1,Pride4,9992297690394,BlaskoG,Pride4_Sense4
STOP,ComputeScalar1,Pride4,9992314005671,BlaskoG,Pride4_Sense4
QUEUE,ComputeScalar3,Pride4_Sense4,,BlaskoG,Pride4_Sense4
START,ComputeScalar2,Sense4,9992338415079,BlaskoG,Pride4_Sense4
STOP,ComputeScalar2,Sense4,9992339767679,BlaskoG,Pride4_Sense4
START,ComputeScalar3,Pride4_Sense4,9992580045441,BlaskoG,Pride4_Sense4
STOP,ComputeScalar3,Pride4_Sense4,9992581081862,BlaskoG,Pride4_Sense4
QUEUE,ComputeCosine,Pride4_Sense4,,BlaskoG,Pride4_Sense4
START,ComputeCosine,Pride4_Sense4,9992657344644,BlaskoG,Pride4_Sense4
STOP,ComputeCosine,Pride4_Sense4,9992965577608,BlaskoG,Pride4_Sense4
QUEUE,Tokenize1,Pride4,,BlaskoG,Pride4_Sense5
QUEUE,Tokenize2,Sense5,,BlaskoG,Pride4_Sense5
START,Tokenize1,Pride4,10179949137513,BlaskoG,Pride4_Sense5
START,Tokenize2,Sense5,10179951125417,BlaskoG,Pride4_Sense5
QUEUE,Collect1,Pride4,,BlaskoG,Pride4_Sense5
START,Collect1,Pride4,10180223215313,BlaskoG,Pride4_Sense5
QUEUE,Collect2,Sense5,,BlaskoG,Pride4_Sense5
START,Collect2,Sense5,10180261699137,BlaskoG,Pride4_Sense5
STOP,Collect1,Pride4,10180380967486,BlaskoG,Pride4_Sense5
STOP,Tokenize1,Pride4,10180381410993,BlaskoG,Pride4_Sense5
STOP,Collect2,Sense5,10180489364475,BlaskoG,Pride4_Sense5
STOP,Tokenize2,Sense5,10180489670966,BlaskoG,Pride4_Sense5
QUEUE,ComputeScalar1,Pride4,,BlaskoG,Pride4_Sense5
QUEUE,ComputeScalar2,Sense5,,BlaskoG,Pride4_Sense5
START,ComputeScalar1,Pride4,10180560783627,BlaskoG,Pride4_Sense5
STOP,ComputeScalar1,Pride4,10180562289582,BlaskoG,Pride4_Sense5
QUEUE,ComputeScalar3,Pride4_Sense5,,BlaskoG,Pride4_Sense5
START,ComputeScalar2,Sense5,10180578570741,BlaskoG,Pride4_Sense5
STOP,ComputeScalar2,Sense5,10180584743702,BlaskoG,Pride4_Sense5
START,ComputeScalar3,Pride4_Sense5,10180590668924,BlaskoG,Pride4_Sense5
STOP,ComputeScalar3,Pride4_Sense5,10180592407662,BlaskoG,Pride4_Sense5
QUEUE,ComputeCosine,Pride4_Sense5,,BlaskoG,Pride4_Sense5
START,ComputeCosine,Pride4_Sense5,10180892812347,BlaskoG,Pride4_Sense5
STOP,ComputeCosine,Pride4_Sense5,10181202749645,BlaskoG,Pride4_Sense5
QUEUE,Tokenize1,Pride4,,BlaskoG,Pride4_Sense6
QUEUE,Tokenize2,Sense6,,BlaskoG,Pride4_Sense6
START,Tokenize1,Pride4,10301844194263,BlaskoG,Pride4_Sense6
START,Tokenize2,Sense6,10301848277443,BlaskoG,Pride4_Sense6
QUEUE,Collect1,Pride4,,BlaskoG,Pride4_Sense6
START,Collect1,Pride4,10302008101927,BlaskoG,Pride4_Sense6
QUEUE,Collect2,Sense6,,BlaskoG,Pride4_Sense6
START,Collect2,Sense6,10302138530913,BlaskoG,Pride4_Sense6
STOP,Collect1,Pride4,10302226020193,BlaskoG,Pride4_Sense6
STOP,Tokenize1,Pride4,10302226288979,BlaskoG,Pride4_Sense6
STOP,Collect2,Sense6,10302464544450,BlaskoG,Pride4_Sense6
STOP,Tokenize2,Sense6,10302464868135,BlaskoG,Pride4_Sense6
QUEUE,ComputeScalar1,Pride4,,BlaskoG,Pride4_Sense6
QUEUE,ComputeScalar2,Sense6,,BlaskoG,Pride4_Sense6
START,ComputeScalar1,Pride4,10302472749076,BlaskoG,Pride4_Sense6
QUEUE,ComputeScalar3,Pride4_Sense6,,BlaskoG,Pride4_Sense6
START,ComputeScalar2,Sense6,10302474270624,BlaskoG,Pride4_Sense6
STOP,ComputeScalar1,Pride4,10302474398643,BlaskoG,Pride4_Sense6
STOP,ComputeScalar2,Sense6,10302475681445,BlaskoG,Pride4_Sense6
START,ComputeScalar3,Pride4_Sense6,10302478244981,BlaskoG,Pride4_Sense6
STOP,ComputeScalar3,Pride4_Sense6,10302488256892,BlaskoG,Pride4_Sense6
QUEUE,ComputeCosine,Pride4_Sense6,,BlaskoG,Pride4_Sense6
START,ComputeCosine,Pride4_Sense6,10302780016803,BlaskoG,Pride4_Sense6
STOP,ComputeCosine,Pride4_Sense6,10303085877579,BlaskoG,Pride4_Sense6
QUEUE,Tokenize1,Pride5,,BlaskoG,Pride5_Sense1
QUEUE,Tokenize2,Sense1,,BlaskoG,Pride5_Sense1
START,Tokenize1,Pride5,10572386902597,BlaskoG,Pride5_Sense1
START,Tokenize2,Sense1,10572401086832,BlaskoG,Pride5_Sense1
QUEUE,Collect2,Sense1,,BlaskoG,Pride5_Sense1
START,Collect2,Sense1,10572524984426,BlaskoG,Pride5_Sense1
STOP,Collect2,Sense1,10572565335140,BlaskoG,Pride5_Sense1
STOP,Tokenize2,Sense1,10572574204488,BlaskoG,Pride5_Sense1
QUEUE,Collect1,Pride5,,BlaskoG,Pride5_Sense1
START,Collect1,Pride5,10572615305677,BlaskoG,Pride5_Sense1
STOP,Collect1,Pride5,10572804682360,BlaskoG,Pride5_Sense1
STOP,Tokenize1,Pride5,10572804867091,BlaskoG,Pride5_Sense1
QUEUE,ComputeScalar1,Pride5,,BlaskoG,Pride5_Sense1
QUEUE,ComputeScalar2,Sense1,,BlaskoG,Pride5_Sense1
QUEUE,ComputeScalar3,Pride5_Sense1,,BlaskoG,Pride5_Sense1
START,ComputeScalar2,Sense1,10572806344454,BlaskoG,Pride5_Sense1
START,ComputeScalar1,Pride5,10572806348249,BlaskoG,Pride5_Sense1
STOP,ComputeScalar1,Pride5,10572821311936,BlaskoG,Pride5_Sense1
STOP,ComputeScalar2,Sense1,10572822029949,BlaskoG,Pride5_Sense1
START,ComputeScalar3,Pride5_Sense1,10572832470918,BlaskoG,Pride5_Sense1
STOP,ComputeScalar3,Pride5_Sense1,10572833616043,BlaskoG,Pride5_Sense1
QUEUE,ComputeCosine,Pride5_Sense1,,BlaskoG,Pride5_Sense1
START,ComputeCosine,Pride5_Sense1,10573137648804,BlaskoG,Pride5_Sense1
STOP,ComputeCosine,Pride5_Sense1,10573444978621,BlaskoG,Pride5_Sense1
QUEUE,Tokenize1,Pride5,,BlaskoG,Pride5_Sense2
QUEUE,Tokenize2,Sense2,,BlaskoG,Pride5_Sense2
START,Tokenize1,Pride5,15992869062189,BlaskoG,Pride5_Sense2
START,Tokenize2,Sense2,15992869073994,BlaskoG,Pride5_Sense2
QUEUE,Collect2,Sense2,,BlaskoG,Pride5_Sense2
START,Collect2,Sense2,15994464373910,BlaskoG,Pride5_Sense2
STOP,Collect2,Sense2,15995800572992,BlaskoG,Pride5_Sense2
STOP,Tokenize2,Sense2,15995800841272,BlaskoG,Pride5_Sense2
QUEUE,Collect1,Pride5,,BlaskoG,Pride5_Sense2
START,Collect1,Pride5,15996228166885,BlaskoG,Pride5_Sense2
STOP,Collect1,Pride5,15997591256642,BlaskoG,Pride5_Sense2
STOP,Tokenize1,Pride5,15997591600192,BlaskoG,Pride5_Sense2
QUEUE,ComputeScalar1,Pride5,,BlaskoG,Pride5_Sense2
QUEUE,ComputeScalar2,Sense2,,BlaskoG,Pride5_Sense2
START,ComputeScalar1,Pride5,15997649344881,BlaskoG,Pride5_Sense2
QUEUE,ComputeScalar3,Pride5_Sense2,,BlaskoG,Pride5_Sense2
START,ComputeScalar2,Sense2,15997667063668,BlaskoG,Pride5_Sense2
START,ComputeScalar3,Pride5_Sense2,15997690911018,BlaskoG,Pride5_Sense2
STOP,ComputeScalar3,Pride5_Sense2,15997856706328,BlaskoG,Pride5_Sense2
STOP,ComputeScalar1,Pride5,15997857086949,BlaskoG,Pride5_Sense2
STOP,ComputeScalar2,Sense2,15997857203411,BlaskoG,Pride5_Sense2
QUEUE,ComputeCosine,Pride5_Sense2,,BlaskoG,Pride5_Sense2
START,ComputeCosine,Pride5_Sense2,15998936169816,BlaskoG,Pride5_Sense2
STOP,ComputeCosine,Pride5_Sense2,15999577719597,BlaskoG,Pride5_Sense2
QUEUE,Tokenize1,Pride5,,BlaskoG,Pride5_Sense3
QUEUE,Tokenize2,Sense3,,BlaskoG,Pride5_Sense3
START,Tokenize1,Pride5,16180983128172,BlaskoG,Pride5_Sense3
START,Tokenize2,Sense3,16180983901846,BlaskoG,Pride5_Sense3
QUEUE,Collect2,Sense3,,BlaskoG,Pride5_Sense3
START,Collect2,Sense3,16181798144909,BlaskoG,Pride5_Sense3
QUEUE,Collect1,Pride5,,BlaskoG,Pride5_Sense3
START,Collect1,Pride5,16181913226758,BlaskoG,Pride5_Sense3
STOP,Collect2,Sense3,16182042199561,BlaskoG,Pride5_Sense3
STOP,Tokenize2,Sense3,16182042570744,BlaskoG,Pride5_Sense3
STOP,Collect1,Pride5,16182606425622,BlaskoG,Pride5_Sense3
STOP,Tokenize1,Pride5,16182606780932,BlaskoG,Pride5_Sense3
QUEUE,ComputeScalar1,Pride5,,BlaskoG,Pride5_Sense3
QUEUE,ComputeScalar2,Sense3,,BlaskoG,Pride5_Sense3
QUEUE,ComputeScalar3,Pride5_Sense3,,BlaskoG,Pride5_Sense3
START,ComputeScalar2,Pride5,16182617214086,BlaskoG,Pride5_Sense3
START,ComputeScalar1,Pride5,16182617296872,BlaskoG,Pride5_Sense3
START,ComputeScalar3,Pride5_Sense3,16182625552260,BlaskoG,Pride5_Sense3
STOP,ComputeScalar2,Sense3,16182629642152,BlaskoG,Pride5_Sense3
STOP,ComputeScalar1,Pride5,16182629317318,BlaskoG,Pride5_Sense3
STOP,ComputeScalar3,Pride5_Sense3,16182634751208,BlaskoG,Pride5_Sense3
QUEUE,ComputeCosine,Pride5_Sense3,,BlaskoG,Pride5_Sense3
START,ComputeCosine,Pride5_Sense3,16183226612933,BlaskoG,Pride5_Sense3
STOP,ComputeCosine,Pride5_Sense3,16183537209046,BlaskoG,Pride5_Sense3
QUEUE,Tokenize1,Pride5,,BlaskoG,Pride5_Sense4
QUEUE,Tokenize2,Sense4,,BlaskoG,Pride5_Sense4
START,Tokenize1,Pride5,16359061530813,BlaskoG,Pride5_Sense4
START,Tokenize2,Sense4,16359071014678,BlaskoG,Pride5_Sense4
QUEUE,Collect2,Sense4,,BlaskoG,Pride5_Sense4
START,Collect2,Sense4,16359394335470,BlaskoG,Pride5_Sense4
QUEUE,Collect1,Pride5,,BlaskoG,Pride5_Sense4
START,Collect1,Pride5,16359856555794,BlaskoG,Pride5_Sense4
STOP,Collect2,Sense4,16360248286324,BlaskoG,Pride5_Sense4
STOP,Tokenize2,Sense4,16360250999684,BlaskoG,Pride5_Sense4
STOP,Collect1,Pride5,16360837840346,BlaskoG,Pride5_Sense4
STOP,Tokenize1,Pride5,16360838169148,BlaskoG,Pride5_Sense4
QUEUE,ComputeScalar1,Pride5,,BlaskoG,Pride5_Sense4
QUEUE,ComputeScalar2,Sense4,,BlaskoG,Pride5_Sense4
START,ComputeScalar1,Pride5,16360839153595,BlaskoG,Pride5_Sense4
QUEUE,ComputeScalar3,Pride5_Sense4,,BlaskoG,Pride5_Sense4
STOP,ComputeScalar1,Pride5,16360842412585,BlaskoG,Pride5_Sense4
START,ComputeScalar2,Sense4,16360844221701,BlaskoG,Pride5_Sense4
STOP,ComputeScalar2,Sense4,16360845091780,BlaskoG,Pride5_Sense4
START,ComputeScalar3,Pride5_Sense4,16361162315456,BlaskoG,Pride5_Sense4
STOP,ComputeScalar3,Pride5_Sense4,16361162903672,BlaskoG,Pride5_Sense4
QUEUE,ComputeCosine,Pride5_Sense4,,BlaskoG,Pride5_Sense4
START,ComputeCosine,Pride5_Sense4,16361622699450,BlaskoG,Pride5_Sense4
STOP,ComputeCosine,Pride5_Sense4,16361926119551,BlaskoG,Pride5_Sense4
QUEUE,Tokenize1,Pride5,,BlaskoG,Pride5_Sense5
QUEUE,Tokenize2,Sense5,,BlaskoG,Pride5_Sense5
START,Tokenize1,Pride5,17067289751821,BlaskoG,Pride5_Sense5
START,Tokenize2,Sense5,17067290772487,BlaskoG,Pride5_Sense5
QUEUE,Collect2,Sense5,,BlaskoG,Pride5_Sense5
START,Collect2,Sense5,17068083021853,BlaskoG,Pride5_Sense5
QUEUE,Collect1,Pride5,,BlaskoG,Pride5_Sense5
START,Collect1,Pride5,17068109811199,BlaskoG,Pride5_Sense5
STOP,Collect2,Sense5,17069429372899,BlaskoG,Pride5_Sense5
STOP,Tokenize2,Sense5,17069430481055,BlaskoG,Pride5_Sense5
STOP,Collect1,Pride5,17069434531808,BlaskoG,Pride5_Sense5
STOP,Tokenize1,Pride5,17069434810076,BlaskoG,Pride5_Sense5
QUEUE,ComputeScalar1,Pride5,,BlaskoG,Pride5_Sense5
QUEUE,ComputeScalar2,Sense5,,BlaskoG,Pride5_Sense5
START,ComputeScalar1,Pride5,17069729507301,BlaskoG,Pride5_Sense5
QUEUE,ComputeScalar3,Pride5_Sense5,,BlaskoG,Pride5_Sense5
START,ComputeScalar2,Sense5,17069733521710,BlaskoG,Pride5_Sense5
START,ComputeScalar3,Pride5_Sense5,17069740548681,BlaskoG,Pride5_Sense5
STOP,ComputeScalar1,Pride5,17069745228638,BlaskoG,Pride5_Sense5
STOP,ComputeScalar2,Sense5,17069747263326,BlaskoG,Pride5_Sense5
STOP,ComputeScalar3,Pride5_Sense5,17069747525178,BlaskoG,Pride5_Sense5
QUEUE,ComputeCosine,Pride5_Sense5,,BlaskoG,Pride5_Sense5
START,ComputeCosine,Pride5_Sense5,17070796156963,BlaskoG,Pride5_Sense5
STOP,ComputeCosine,Pride5_Sense5,17071097222410,BlaskoG,Pride5_Sense5
QUEUE,Tokenize1,Pride5,,BlaskoG,Pride5_Sense6
QUEUE,Tokenize2,Sense6,,BlaskoG,Pride5_Sense6
START,Tokenize1,Pride5,17230264696742,BlaskoG,Pride5_Sense6
START,Tokenize2,Sense6,17230276979276,BlaskoG,Pride5_Sense6
QUEUE,Collect1,Pride5,,BlaskoG,Pride5_Sense6
START,Collect1,Pride5,17231776474330,BlaskoG,Pride5_Sense6
STOP,Collect1,Pride5,17232183352215,BlaskoG,Pride5_Sense6
STOP,Tokenize1,Pride5,17232184265529,BlaskoG,Pride5_Sense6
QUEUE,ComputeScalar1,Pride5,,BlaskoG,Pride5_Sense6
START,ComputeScalar1,Pride5,17232399744909,BlaskoG,Pride5_Sense6
STOP,ComputeScalar1,Pride5,17232437416665,BlaskoG,Pride5_Sense6
QUEUE,Collect2,Sense6,,BlaskoG,Pride5_Sense6
START,Collect2,Sense6,17232521959114,BlaskoG,Pride5_Sense6
STOP,Collect2,Sense6,17233178206580,BlaskoG,Pride5_Sense6
STOP,Tokenize2,Sense6,17233178693825,BlaskoG,Pride5_Sense6
QUEUE,ComputeScalar2,Sense6,,BlaskoG,Pride5_Sense6
QUEUE,ComputeScalar3,Pride5_Sense6,,BlaskoG,Pride5_Sense6
START,ComputeScalar2,Sense6,17233224766374,BlaskoG,Pride5_Sense6
STOP,ComputeScalar2,Sense6,17233238452157,BlaskoG,Pride5_Sense6
START,ComputeScalar3,Pride5_Sense6,17233248488364,BlaskoG,Pride5_Sense6
STOP,ComputeScalar3,Pride5_Sense6,17233249086501,BlaskoG,Pride5_Sense6
QUEUE,ComputeCosine,Pride5_Sense6,,BlaskoG,Pride5_Sense6
START,ComputeCosine,Pride5_Sense6,17235394959789,BlaskoG,Pride5_Sense6
STOP,ComputeCosine,Pride5_Sense6,17235713854356,BlaskoG,Pride5_Sense6
QUEUE,Tokenize1,Pride6,,BlaskoG,Pride6_Sense1
QUEUE,Tokenize2,Sense1,,BlaskoG,Pride6_Sense1
START,Tokenize1,Pride6,17598297675617,BlaskoG,Pride6_Sense1
START,Tokenize2,Sense1,17598303620067,BlaskoG,Pride6_Sense1
QUEUE,Collect2,Sense1,,BlaskoG,Pride6_Sense1
START,Collect2,Sense1,17598673022670,BlaskoG,Pride6_Sense1
STOP,Collect2,Sense1,17598731898401,BlaskoG,Pride6_Sense1
STOP,Tokenize2,Sense1,17598751821004,BlaskoG,Pride6_Sense1
QUEUE,Collect1,Pride6,,BlaskoG,Pride6_Sense1
START,Collect1,Pride6,17600599232771,BlaskoG,Pride6_Sense1
STOP,Collect1,Pride6,17601028518355,BlaskoG,Pride6_Sense1
STOP,Tokenize1,Pride6,17601028990395,BlaskoG,Pride6_Sense1
QUEUE,ComputeScalar1,Pride6,,BlaskoG,Pride6_Sense1
QUEUE,ComputeScalar2,Sense1,,BlaskoG,Pride6_Sense1
START,ComputeScalar1,Pride6,17601037284170,BlaskoG,Pride6_Sense1
STOP,ComputeScalar1,Pride6,17601039056636,BlaskoG,Pride6_Sense1
QUEUE,ComputeScalar3,Pride6_Sense1,,BlaskoG,Pride6_Sense1
START,ComputeScalar2,Sense1,17601053526153,BlaskoG,Pride6_Sense1
STOP,ComputeScalar2,Sense1,17601054732361,BlaskoG,Pride6_Sense1
START,ComputeScalar3,Pride6_Sense1,17601056926250,BlaskoG,Pride6_Sense1
STOP,ComputeScalar3,Pride6_Sense1,17601057252742,BlaskoG,Pride6_Sense1
QUEUE,ComputeCosine,Pride6_Sense1,,BlaskoG,Pride6_Sense1
START,ComputeCosine,Pride6_Sense1,17601432289811,BlaskoG,Pride6_Sense1
STOP,ComputeCosine,Pride6_Sense1,17601735031492,BlaskoG,Pride6_Sense1
QUEUE,Tokenize1,Pride6,,BlaskoG,Pride6_Sense2
QUEUE,Tokenize2,Sense2,,BlaskoG,Pride6_Sense2
START,Tokenize1,Pride6,18215872123499,BlaskoG,Pride6_Sense2
START,Tokenize2,Sense2,18215880126501,BlaskoG,Pride6_Sense2
QUEUE,Collect2,Sense2,,BlaskoG,Pride6_Sense2
START,Collect2,Sense2,18216087450950,BlaskoG,Pride6_Sense2
STOP,Collect2,Sense2,18216252223618,BlaskoG,Pride6_Sense2
STOP,Tokenize2,Sense2,18216252339231,BlaskoG,Pride6_Sense2
QUEUE,Collect1,Pride6,,BlaskoG,Pride6_Sense2
START,Collect1,Pride6,18216523871730,BlaskoG,Pride6_Sense2
STOP,Collect1,Pride6,18216877731807,BlaskoG,Pride6_Sense2
STOP,Tokenize1,Pride6,18216878020285,BlaskoG,Pride6_Sense2
QUEUE,ComputeScalar1,Pride6,,BlaskoG,Pride6_Sense2
QUEUE,ComputeScalar2,Sense2,,BlaskoG,Pride6_Sense2
START,ComputeScalar1,Pride6,18216879140446,BlaskoG,Pride6_Sense2
QUEUE,ComputeScalar3,Pride6_Sense2,,BlaskoG,Pride6_Sense2
START,ComputeScalar3,Pride6_Sense2,18216883955697,BlaskoG,Pride6_Sense2
START,ComputeScalar2,Sense2,18216884569823,BlaskoG,Pride6_Sense2
STOP,ComputeScalar3,Pride6_Sense2,18216888428884,BlaskoG,Pride6_Sense2
STOP,ComputeScalar2,Sense2,18216889034674,BlaskoG,Pride6_Sense2
STOP,ComputeScalar1,Pride6,18216889115005,BlaskoG,Pride6_Sense2
QUEUE,ComputeCosine,Pride6_Sense2,,BlaskoG,Pride6_Sense2
START,ComputeCosine,Pride6_Sense2,18217304617657,BlaskoG,Pride6_Sense2
STOP,ComputeCosine,Pride6_Sense2,18217611854058,BlaskoG,Pride6_Sense2
QUEUE,Tokenize1,Pride6,,BlaskoG,Pride6_Sense3
QUEUE,Tokenize2,Sense3,,BlaskoG,Pride6_Sense3
START,Tokenize2,Sense3,18383003630526,BlaskoG,Pride6_Sense3
START,Tokenize1,Pride6,18383004917989,BlaskoG,Pride6_Sense3
QUEUE,Collect2,Sense3,,BlaskoG,Pride6_Sense3
START,Collect2,Sense3,18383208118428,BlaskoG,Pride6_Sense3
STOP,Collect2,Sense3,18383467862553,BlaskoG,Pride6_Sense3
STOP,Tokenize2,Sense3,18383468751722,BlaskoG,Pride6_Sense3
QUEUE,Collect1,Pride6,,BlaskoG,Pride6_Sense3
START,Collect1,Pride6,18384087990076,BlaskoG,Pride6_Sense3
STOP,Collect1,Pride6,18384658578519,BlaskoG,Pride6_Sense3
STOP,Tokenize1,Pride6,18384659167730,BlaskoG,Pride6_Sense3
QUEUE,ComputeScalar1,Pride6,,BlaskoG,Pride6_Sense3
QUEUE,ComputeScalar2,Sense3,,BlaskoG,Pride6_Sense3
START,ComputeScalar1,Pride6,18384660633365,BlaskoG,Pride6_Sense3
QUEUE,ComputeScalar3,Pride6_Sense3,,BlaskoG,Pride6_Sense3
START,ComputeScalar2,Sense3,18384662773591,BlaskoG,Pride6_Sense3
START,ComputeScalar3,Pride6_Sense3,18384663147764,BlaskoG,Pride6_Sense3
STOP,ComputeScalar1,Pride6,18384664318030,BlaskoG,Pride6_Sense3
STOP,ComputeScalar2,Sense3,18384668909892,BlaskoG,Pride6_Sense3
STOP,ComputeScalar3,Pride6_Sense3,18384736593434,BlaskoG,Pride6_Sense3
QUEUE,ComputeCosine,Pride6_Sense3,,BlaskoG,Pride6_Sense3
START,ComputeCosine,Pride6_Sense3,18384966364531,BlaskoG,Pride6_Sense3
STOP,ComputeCosine,Pride6_Sense3,18385304022235,BlaskoG,Pride6_Sense3
QUEUE,Tokenize1,Pride6,,BlaskoG,Pride6_Sense4
QUEUE,Tokenize2,Sense4,,BlaskoG,Pride6_Sense4
START,Tokenize2,Sense4,19098961458427,BlaskoG,Pride6_Sense4
START,Tokenize1,Pride6,19098961458436,BlaskoG,Pride6_Sense4
QUEUE,Collect2,Sense4,,BlaskoG,Pride6_Sense4
START,Collect2,Sense4,19099708756621,BlaskoG,Pride6_Sense4
QUEUE,Collect1,Pride6,,BlaskoG,Pride6_Sense4
START,Collect1,Pride6,19099739744628,BlaskoG,Pride6_Sense4
STOP,Collect2,Sense4,19099988533844,BlaskoG,Pride6_Sense4
STOP,Tokenize2,Sense4,19099988815944,BlaskoG,Pride6_Sense4
STOP,Collect1,Pride6,19100219401151,BlaskoG,Pride6_Sense4
STOP,Tokenize1,Pride6,19100220299139,BlaskoG,Pride6_Sense4
QUEUE,ComputeScalar1,Pride6,,BlaskoG,Pride6_Sense4
QUEUE,ComputeScalar2,Sense4,,BlaskoG,Pride6_Sense4
START,ComputeScalar1,Pride6,19100226366858,BlaskoG,Pride6_Sense4
QUEUE,ComputeScalar3,Pride6_Sense4,,BlaskoG,Pride6_Sense4
START,ComputeScalar2,Sense4,19100230169784,BlaskoG,Pride6_Sense4
STOP,ComputeScalar2,Sense4,19100231961638,BlaskoG,Pride6_Sense4
START,ComputeScalar3,Sense4,19100237363188,BlaskoG,Pride6_Sense4
STOP,ComputeScalar3,Pride6_Sense4,19100238120177,BlaskoG,Pride6_Sense4
STOP,ComputeScalar1,Pride6,19100247389626,BlaskoG,Pride6_Sense4
QUEUE,ComputeCosine,Pride6_Sense4,,BlaskoG,Pride6_Sense4
START,ComputeCosine,Pride6_Sense4,19100532080713,BlaskoG,Pride6_Sense4
STOP,ComputeCosine,Pride6_Sense4,19100836607995,BlaskoG,Pride6_Sense4
QUEUE,Tokenize1,Pride6,,BlaskoG,Pride6_Sense5
QUEUE,Tokenize2,Sense5,,BlaskoG,Pride6_Sense5
START,Tokenize1,Pride6,19957075585820,BlaskoG,Pride6_Sense5
START,Tokenize2,Sense5,19957080915466,BlaskoG,Pride6_Sense5
QUEUE,Collect2,Sense5,,BlaskoG,Pride6_Sense5
START,Collect2,Sense5,19957512976536,BlaskoG,Pride6_Sense5
QUEUE,Collect1,Pride6,,BlaskoG,Pride6_Sense5
START,Collect1,Pride6,19957520582553,BlaskoG,Pride6_Sense5
STOP,Collect2,Sense5,19958149745275,BlaskoG,Pride6_Sense5
STOP,Tokenize2,Sense5,19958150184157,BlaskoG,Pride6_Sense5
STOP,Collect1,Pride6,19958384992667,BlaskoG,Pride6_Sense5
STOP,Tokenize1,Pride6,19958385296549,BlaskoG,Pride6_Sense5
QUEUE,ComputeScalar1,Pride6,,BlaskoG,Pride6_Sense5
QUEUE,ComputeScalar2,Sense5,,BlaskoG,Pride6_Sense5
START,ComputeScalar1,Pride6,19958387450457,BlaskoG,Pride6_Sense5
QUEUE,ComputeScalar3,Pride6_Sense5,,BlaskoG,Pride6_Sense5
START,ComputeScalar2,Sense5,19958395262476,BlaskoG,Pride6_Sense5
STOP,ComputeScalar2,Sense5,19958396417279,BlaskoG,Pride6_Sense5
STOP,ComputeScalar1,Pride6,19958400633380,BlaskoG,Pride6_Sense5
START,ComputeScalar3,Pride6_Sense5,19958410035122,BlaskoG,Pride6_Sense5
STOP,ComputeScalar3,Pride6_Sense5,19958425131156,BlaskoG,Pride6_Sense5
QUEUE,ComputeCosine,Pride6_Sense5,,BlaskoG,Pride6_Sense5
START,ComputeCosine,Pride6_Sense5,19958718011995,BlaskoG,Pride6_Sense5
STOP,ComputeCosine,Pride6_Sense5,19959036996600,BlaskoG,Pride6_Sense5
QUEUE,Tokenize1,Pride6,,BlaskoG,Pride6_Sense6
QUEUE,Tokenize2,Sense6,,BlaskoG,Pride6_Sense6
START,Tokenize1,Pride6,20103736221151,BlaskoG,Pride6_Sense6
START,Tokenize2,Sense6,20103749277256,BlaskoG,Pride6_Sense6
QUEUE,Collect2,Sense6,,BlaskoG,Pride6_Sense6
START,Collect2,Sense6,20104301870193,BlaskoG,Pride6_Sense6
QUEUE,Collect1,Pride6,,BlaskoG,Pride6_Sense6
START,Collect1,Pride6,20104374897812,BlaskoG,Pride6_Sense6
STOP,Collect1,Pride6,20105134930336,BlaskoG,Pride6_Sense6
STOP,Collect2,Sense6,20105135709326,BlaskoG,Pride6_Sense6
STOP,Tokenize2,Sense6,20105138967078,BlaskoG,Pride6_Sense6
STOP,Tokenize1,Pride6,20105141773811,BlaskoG,Pride6_Sense6
QUEUE,ComputeScalar1,Pride6,,BlaskoG,Pride6_Sense6
QUEUE,ComputeScalar2,Sense6,,BlaskoG,Pride6_Sense6
START,ComputeScalar1,Pride6,20105257865991,BlaskoG,Pride6_Sense6
STOP,ComputeScalar1,Pride6,20105264792209,BlaskoG,Pride6_Sense6
QUEUE,ComputeScalar3,Pride6_Sense6,,BlaskoG,Pride6_Sense6
START,ComputeScalar2,Sense6,20105267763854,BlaskoG,Pride6_Sense6
STOP,ComputeScalar2,Sense6,20105268340525,BlaskoG,Pride6_Sense6
START,ComputeScalar3,Pride6_Sense6,20105272559987,BlaskoG,Pride6_Sense6
STOP,ComputeScalar3,Pride6_Sense6,20105273122442,BlaskoG,Pride6_Sense6
QUEUE,ComputeCosine,Pride6_Sense6,,BlaskoG,Pride6_Sense6
START,ComputeCosine,Pride6_Sense6,20105574854892,BlaskoG,Pride6_Sense6
STOP,ComputeCosine,Pride6_Sense6,20105882688278,BlaskoG,Pride6_Sense6
