type, name, input_id, time, team, meas_id
QUEUE,Tokenize1,Pride1,1604174398158,igen,Pride1_Sense1
QUEUE,Tokenize2,Sense1,1604174398158,igen,Pride1_Sense1
START,Tokenize2,Sense1,1604174398159,igen,Pride1_Sense1
START,Tokenize1,Pride1,1604174398159,igen,Pride1_Sense1
STOP,Tokenize2,Sense1,1604174398202,igen,Pride1_Sense1
QUEUE,Collect2,Sense1,1604174398202,igen,Pride1_Sense1
START,Collect2,Sense1,1604174398209,igen,Pride1_Sense1
STOP,Tokenize1,Pride1,1604174398223,igen,Pride1_Sense1
START,Collect1,Pride1,1604174398224,igen,Pride1_Sense1
QUEUE,Collect1,Pride1,1604174398231,igen,Pride1_Sense1
STOP,Collect1,Pride1,1604174398263,igen,Pride1_Sense1
START,ComputeScalar1,Pride1,1604174398265,igen,Pride1_Sense1
STOP,Collect2,Sense1,1604174398265,igen,Pride1_Sense1
QUEUE,ComputeScalar3,Pride1_Sense1,1604174398266,igen,Pride1_Sense1
QUEUE,ComputeScalar2,Sense1,1604174398266,igen,Pride1_Sense1
START,ComputeScalar3,Pride1_Sense1,1604174398267,igen,Pride1_Sense1
STOP,ComputeScalar1,Pride1,1604174398268,igen,Pride1_Sense1
STOP,ComputeScalar3,Pride1_Sense1,1604174398268,igen,Pride1_Sense1
START,ComputeScalar2,Sense1,1604174398269,igen,Pride1_Sense1
QUEUE,ComputeScalar1,Pride1,1604174398270,igen,Pride1_Sense1
STOP,ComputeScalar2,Sense1,1604174398272,igen,Pride1_Sense1
QUEUE,ComputeCosine,Pride1_Sense1,1604174398272,igen,Pride1_Sense1
START,ComputeCosine,Pride1_Sense1,1604174398272,igen,Pride1_Sense1
STOP,ComputeCosine,Pride1_Sense1,1604174398272,igen,Pride1_Sense1
QUEUE,Tokenize1,Pride1,1604174399869,igen,Pride1_Sense2
QUEUE,Tokenize2,Sense2,1604174399870,igen,Pride1_Sense2
START,Tokenize1,Pride1,1604174399870,igen,Pride1_Sense2
START,Tokenize2,Sense2,1604174399883,igen,Pride1_Sense2
STOP,Tokenize1,Pride1,1604174399913,igen,Pride1_Sense2
START,Collect1,Pride1,1604174399914,igen,Pride1_Sense2
QUEUE,Collect1,Pride1,1604174399916,igen,Pride1_Sense2
STOP,Collect1,Pride1,1604174399948,igen,Pride1_Sense2
START,ComputeScalar1,Pride1,1604174399963,igen,Pride1_Sense2
STOP,ComputeScalar1,Pride1,1604174399966,igen,Pride1_Sense2
QUEUE,ComputeScalar1,Pride1,1604174399969,igen,Pride1_Sense2
STOP,Tokenize2,Sense2,1604174399970,igen,Pride1_Sense2
START,Collect2,Sense2,1604174399971,igen,Pride1_Sense2
QUEUE,Collect2,Sense2,1604174399992,igen,Pride1_Sense2
STOP,Collect2,Sense2,1604174399998,igen,Pride1_Sense2
QUEUE,ComputeScalar3,Pride1_Sense2,1604174400003,igen,Pride1_Sense2
QUEUE,ComputeScalar2,Sense2,1604174400003,igen,Pride1_Sense2
START,ComputeScalar3,Pride1_Sense2,1604174400003,igen,Pride1_Sense2
START,ComputeScalar2,Sense2,1604174400003,igen,Pride1_Sense2
STOP,ComputeScalar3,Pride1_Sense2,1604174400003,igen,Pride1_Sense2
STOP,ComputeScalar2,Sense2,1604174400008,igen,Pride1_Sense2
QUEUE,ComputeCosine,Pride1_Sense2,1604174400008,igen,Pride1_Sense2
START,ComputeCosine,Pride1_Sense2,1604174400008,igen,Pride1_Sense2
STOP,ComputeCosine,Pride1_Sense2,1604174400008,igen,Pride1_Sense2
QUEUE,Tokenize1,Pride1,1604174401678,igen,Pride1_Sense3
QUEUE,Tokenize2,Sense3,1604174401678,igen,Pride1_Sense3
START,Tokenize1,Pride1,1604174401678,igen,Pride1_Sense3
START,Tokenize2,Sense3,1604174401678,igen,Pride1_Sense3
STOP,Tokenize1,Pride1,1604174401739,igen,Pride1_Sense3
START,Collect1,Pride1,1604174401740,igen,Pride1_Sense3
QUEUE,Collect1,Pride1,1604174401762,igen,Pride1_Sense3
STOP,Collect1,Pride1,1604174401816,igen,Pride1_Sense3
QUEUE,ComputeScalar1,Pride1,1604174401817,igen,Pride1_Sense3
START,ComputeScalar1,Pride1,1604174401818,igen,Pride1_Sense3
STOP,Tokenize2,Sense3,1604174401819,igen,Pride1_Sense3
START,Collect2,Sense3,1604174401819,igen,Pride1_Sense3
STOP,ComputeScalar1,Pride1,1604174401820,igen,Pride1_Sense3
QUEUE,Collect2,Sense3,1604174401823,igen,Pride1_Sense3
STOP,Collect2,Sense3,1604174401868,igen,Pride1_Sense3
START,ComputeScalar3,Pride1_Sense3,1604174401868,igen,Pride1_Sense3
STOP,ComputeScalar3,Pride1_Sense3,1604174401873,igen,Pride1_Sense3
QUEUE,ComputeScalar3,Pride1_Sense3,1604174401874,igen,Pride1_Sense3
START,ComputeScalar2,Sense3,1604174401875,igen,Pride1_Sense3
STOP,ComputeScalar2,Sense3,1604174401882,igen,Pride1_Sense3
QUEUE,ComputeCosine,Pride1_Sense3,1604174401883,igen,Pride1_Sense3
START,ComputeCosine,Pride1_Sense3,1604174401883,igen,Pride1_Sense3
STOP,ComputeCosine,Pride1_Sense3,1604174401883,igen,Pride1_Sense3
QUEUE,ComputeScalar2,Sense3,1604174401887,igen,Pride1_Sense3
QUEUE,Tokenize1,Pride1,1604174403495,igen,Pride1_Sense4
QUEUE,Tokenize2,Sense4,1604174403496,igen,Pride1_Sense4
START,Tokenize1,Pride1,1604174403497,igen,Pride1_Sense4
START,Tokenize2,Sense4,1604174403497,igen,Pride1_Sense4
STOP,Tokenize1,Pride1,1604174403558,igen,Pride1_Sense4
START,Collect1,Pride1,1604174403558,igen,Pride1_Sense4
QUEUE,Collect1,Pride1,1604174403563,igen,Pride1_Sense4
STOP,Collect1,Pride1,1604174403600,igen,Pride1_Sense4
START,ComputeScalar1,Pride1,1604174403602,igen,Pride1_Sense4
STOP,ComputeScalar1,Pride1,1604174403605,igen,Pride1_Sense4
QUEUE,ComputeScalar1,Pride1,1604174403608,igen,Pride1_Sense4
STOP,Tokenize2,Sense4,1604174403636,igen,Pride1_Sense4
QUEUE,Collect2,Sense4,1604174403636,igen,Pride1_Sense4
START,Collect2,Sense4,1604174403636,igen,Pride1_Sense4
STOP,Collect2,Sense4,1604174403712,igen,Pride1_Sense4
START,ComputeScalar3,Pride1_Sense4,1604174403713,igen,Pride1_Sense4
QUEUE,ComputeScalar3,Pride1_Sense4,1604174403715,igen,Pride1_Sense4
START,ComputeScalar2,Sense4,1604174403715,igen,Pride1_Sense4
STOP,ComputeScalar3,Pride1_Sense4,1604174403721,igen,Pride1_Sense4
QUEUE,ComputeScalar2,Sense4,1604174403721,igen,Pride1_Sense4
STOP,ComputeScalar2,Sense4,1604174403729,igen,Pride1_Sense4
QUEUE,ComputeCosine,Pride1_Sense4,1604174403729,igen,Pride1_Sense4
START,ComputeCosine,Pride1_Sense4,1604174403729,igen,Pride1_Sense4
STOP,ComputeCosine,Pride1_Sense4,1604174403729,igen,Pride1_Sense4
QUEUE,Tokenize1,Pride1,1604174405324,igen,Pride1_Sense5
QUEUE,Tokenize2,Sense5,1604174405334,igen,Pride1_Sense5
START,Tokenize1,Pride1,1604174405334,igen,Pride1_Sense5
START,Tokenize2,Sense5,1604174405334,igen,Pride1_Sense5
STOP,Tokenize1,Pride1,1604174405363,igen,Pride1_Sense5
QUEUE,Collect1,Pride1,1604174405369,igen,Pride1_Sense5
START,Collect1,Pride1,1604174405373,igen,Pride1_Sense5
STOP,Collect1,Pride1,1604174405403,igen,Pride1_Sense5
QUEUE,ComputeScalar1,Pride1,1604174405419,igen,Pride1_Sense5
START,ComputeScalar1,Pride1,1604174405420,igen,Pride1_Sense5
STOP,ComputeScalar1,Pride1,1604174405422,igen,Pride1_Sense5
STOP,Tokenize2,Sense5,1604174405489,igen,Pride1_Sense5
QUEUE,Collect2,Sense5,1604174405489,igen,Pride1_Sense5
START,Collect2,Sense5,1604174405489,igen,Pride1_Sense5
STOP,Collect2,Sense5,1604174405622,igen,Pride1_Sense5
QUEUE,ComputeScalar3,Pride1_Sense5,1604174405623,igen,Pride1_Sense5
START,ComputeScalar3,Pride1_Sense5,1604174405623,igen,Pride1_Sense5
QUEUE,ComputeScalar2,Sense5,1604174405623,igen,Pride1_Sense5
START,ComputeScalar2,Sense5,1604174405623,igen,Pride1_Sense5
STOP,ComputeScalar3,Pride1_Sense5,1604174405636,igen,Pride1_Sense5
STOP,ComputeScalar2,Sense5,1604174405638,igen,Pride1_Sense5
QUEUE,ComputeCosine,Pride1_Sense5,1604174405638,igen,Pride1_Sense5
START,ComputeCosine,Pride1_Sense5,1604174405638,igen,Pride1_Sense5
STOP,ComputeCosine,Pride1_Sense5,1604174405638,igen,Pride1_Sense5
QUEUE,Tokenize1,Pride1,1604174407297,igen,Pride1_Sense6
QUEUE,Tokenize2,Sense6,1604174407298,igen,Pride1_Sense6
START,Tokenize1,Pride1,1604174407299,igen,Pride1_Sense6
START,Tokenize2,Sense6,1604174407299,igen,Pride1_Sense6
STOP,Tokenize1,Pride1,1604174407347,igen,Pride1_Sense6
START,Collect1,Pride1,1604174407347,igen,Pride1_Sense6
QUEUE,Collect1,Pride1,1604174407354,igen,Pride1_Sense6
STOP,Collect1,Pride1,1604174407378,igen,Pride1_Sense6
QUEUE,ComputeScalar1,Pride1,1604174407378,igen,Pride1_Sense6
START,ComputeScalar1,Pride1,1604174407383,igen,Pride1_Sense6
STOP,ComputeScalar1,Pride1,1604174407383,igen,Pride1_Sense6
STOP,Tokenize2,Sense6,1604174407534,igen,Pride1_Sense6
QUEUE,Collect2,Sense6,1604174407534,igen,Pride1_Sense6
START,Collect2,Sense6,1604174407534,igen,Pride1_Sense6
STOP,Collect2,Sense6,1604174407765,igen,Pride1_Sense6
QUEUE,ComputeScalar3,Pride1_Sense6,1604174407765,igen,Pride1_Sense6
START,ComputeScalar3,Pride1_Sense6,1604174407765,igen,Pride1_Sense6
START,ComputeScalar2,Sense6,1604174407765,igen,Pride1_Sense6
STOP,ComputeScalar3,Pride1_Sense6,1604174407790,igen,Pride1_Sense6
QUEUE,ComputeScalar2,Sense6,1604174407765,igen,Pride1_Sense6
STOP,ComputeScalar2,Sense6,1604174407796,igen,Pride1_Sense6
QUEUE,ComputeCosine,Pride1_Sense6,1604174407796,igen,Pride1_Sense6
START,ComputeCosine,Pride1_Sense6,1604174407796,igen,Pride1_Sense6
STOP,ComputeCosine,Pride1_Sense6,1604174407796,igen,Pride1_Sense6
QUEUE,Tokenize1,Pride2,1604174409440,igen,Pride2_Sense1
QUEUE,Tokenize2,Sense1,1604174409441,igen,Pride2_Sense1
START,Tokenize1,Pride2,1604174409442,igen,Pride2_Sense1
START,Tokenize2,Sense1,1604174409442,igen,Pride2_Sense1
STOP,Tokenize2,Sense1,1604174409488,igen,Pride2_Sense1
QUEUE,Collect2,Sense1,1604174409501,igen,Pride2_Sense1
START,Collect2,Sense1,1604174409501,igen,Pride2_Sense1
STOP,Tokenize1,Pride2,1604174409515,igen,Pride2_Sense1
QUEUE,Collect1,Pride2,1604174409516,igen,Pride2_Sense1
START,Collect1,Pride2,1604174409516,igen,Pride2_Sense1
STOP,Collect2,Sense1,1604174409551,igen,Pride2_Sense1
QUEUE,ComputeScalar2,Sense1,1604174409552,igen,Pride2_Sense1
START,ComputeScalar2,Sense1,1604174409554,igen,Pride2_Sense1
STOP,ComputeScalar2,Sense1,1604174409557,igen,Pride2_Sense1
STOP,Collect1,Pride2,1604174409586,igen,Pride2_Sense1
START,ComputeScalar3,Pride2_Sense1,1604174409586,igen,Pride2_Sense1
QUEUE,ComputeScalar3,Pride2_Sense1,1604174409589,igen,Pride2_Sense1
STOP,ComputeScalar3,Pride2_Sense1,1604174409589,igen,Pride2_Sense1
START,ComputeScalar1,Pride2,1604174409590,igen,Pride2_Sense1
QUEUE,ComputeScalar1,Pride2,1604174409590,igen,Pride2_Sense1
STOP,ComputeScalar1,Pride2,1604174409594,igen,Pride2_Sense1
QUEUE,ComputeCosine,Pride2_Sense1,1604174409594,igen,Pride2_Sense1
START,ComputeCosine,Pride2_Sense1,1604174409594,igen,Pride2_Sense1
STOP,ComputeCosine,Pride2_Sense1,1604174409594,igen,Pride2_Sense1
QUEUE,Tokenize1,Pride2,1604174411225,igen,Pride2_Sense2
QUEUE,Tokenize2,Sense2,1604174411225,igen,Pride2_Sense2
START,Tokenize2,Sense2,1604174411226,igen,Pride2_Sense2
START,Tokenize1,Pride2,1604174411226,igen,Pride2_Sense2
STOP,Tokenize1,Pride2,1604174411298,igen,Pride2_Sense2
QUEUE,Collect1,Pride2,1604174411298,igen,Pride2_Sense2
START,Collect1,Pride2,1604174411299,igen,Pride2_Sense2
STOP,Tokenize2,Sense2,1604174411323,igen,Pride2_Sense2
START,Collect2,Sense2,1604174411323,igen,Pride2_Sense2
QUEUE,Collect2,Sense2,1604174411328,igen,Pride2_Sense2
STOP,Collect2,Sense2,1604174411364,igen,Pride2_Sense2
QUEUE,ComputeScalar2,Sense2,1604174411364,igen,Pride2_Sense2
START,ComputeScalar2,Sense2,1604174411369,igen,Pride2_Sense2
STOP,Collect1,Pride2,1604174411369,igen,Pride2_Sense2
QUEUE,ComputeScalar3,Pride2_Sense2,1604174411369,igen,Pride2_Sense2
QUEUE,ComputeScalar1,Pride2,1604174411369,igen,Pride2_Sense2
START,ComputeScalar1,Pride2,1604174411369,igen,Pride2_Sense2
STOP,ComputeScalar2,Sense2,1604174411369,igen,Pride2_Sense2
STOP,ComputeScalar1,Pride2,1604174411374,igen,Pride2_Sense2
START,ComputeScalar3,Pride2_Sense2,1604174411377,igen,Pride2_Sense2
STOP,ComputeScalar3,Pride2_Sense2,1604174411381,igen,Pride2_Sense2
QUEUE,ComputeCosine,Pride2_Sense2,1604174411381,igen,Pride2_Sense2
START,ComputeCosine,Pride2_Sense2,1604174411381,igen,Pride2_Sense2
STOP,ComputeCosine,Pride2_Sense2,1604174411381,igen,Pride2_Sense2
QUEUE,Tokenize1,Pride2,1604174412999,igen,Pride2_Sense3
QUEUE,Tokenize2,Sense3,1604174413000,igen,Pride2_Sense3
START,Tokenize1,Pride2,1604174413000,igen,Pride2_Sense3
START,Tokenize2,Sense3,1604174413002,igen,Pride2_Sense3
STOP,Tokenize1,Pride2,1604174413072,igen,Pride2_Sense3
START,Collect1,Pride2,1604174413073,igen,Pride2_Sense3
QUEUE,Collect1,Pride2,1604174413080,igen,Pride2_Sense3
STOP,Tokenize2,Sense3,1604174413123,igen,Pride2_Sense3
QUEUE,Collect2,Sense3,1604174413123,igen,Pride2_Sense3
START,Collect2,Sense3,1604174413124,igen,Pride2_Sense3
STOP,Collect1,Pride2,1604174413146,igen,Pride2_Sense3
QUEUE,ComputeScalar1,Pride2,1604174413147,igen,Pride2_Sense3
START,ComputeScalar1,Pride2,1604174413148,igen,Pride2_Sense3
STOP,ComputeScalar1,Pride2,1604174413153,igen,Pride2_Sense3
STOP,Collect2,Sense3,1604174413177,igen,Pride2_Sense3
QUEUE,ComputeScalar3,Pride2_Sense3,1604174413177,igen,Pride2_Sense3
START,ComputeScalar3,Pride2_Sense3,1604174413177,igen,Pride2_Sense3
START,ComputeScalar2,Sense3,1604174413177,igen,Pride2_Sense3
STOP,ComputeScalar3,Pride2_Sense3,1604174413184,igen,Pride2_Sense3
QUEUE,ComputeScalar2,Sense3,1604174413185,igen,Pride2_Sense3
STOP,ComputeScalar2,Sense3,1604174413186,igen,Pride2_Sense3
QUEUE,ComputeCosine,Pride2_Sense3,1604174413187,igen,Pride2_Sense3
START,ComputeCosine,Pride2_Sense3,1604174413187,igen,Pride2_Sense3
STOP,ComputeCosine,Pride2_Sense3,1604174413187,igen,Pride2_Sense3
QUEUE,Tokenize1,Pride2,1604174415238,igen,Pride2_Sense4
START,Tokenize1,Pride2,1604174415240,igen,Pride2_Sense4
QUEUE,Tokenize2,Sense4,1604174415240,igen,Pride2_Sense4
START,Tokenize2,Sense4,1604174415242,igen,Pride2_Sense4
STOP,Tokenize1,Pride2,1604174415334,igen,Pride2_Sense4
START,Collect1,Pride2,1604174415335,igen,Pride2_Sense4
QUEUE,Collect1,Pride2,1604174415347,igen,Pride2_Sense4
STOP,Collect1,Pride2,1604174415409,igen,Pride2_Sense4
START,ComputeScalar1,Pride2,1604174415412,igen,Pride2_Sense4
STOP,Tokenize2,Sense4,1604174415416,igen,Pride2_Sense4
STOP,ComputeScalar1,Pride2,1604174415417,igen,Pride2_Sense4
START,Collect2,Sense4,1604174415417,igen,Pride2_Sense4
QUEUE,Collect2,Sense4,1604174415420,igen,Pride2_Sense4
QUEUE,ComputeScalar1,Pride2,1604174415424,igen,Pride2_Sense4
STOP,Collect2,Sense4,1604174415527,igen,Pride2_Sense4
QUEUE,ComputeScalar3,Pride2_Sense4,1604174415528,igen,Pride2_Sense4
START,ComputeScalar3,Pride2_Sense4,1604174415528,igen,Pride2_Sense4
START,ComputeScalar2,Sense4,1604174415529,igen,Pride2_Sense4
STOP,ComputeScalar3,Pride2_Sense4,1604174415541,igen,Pride2_Sense4
QUEUE,ComputeScalar2,Sense4,1604174415544,igen,Pride2_Sense4
STOP,ComputeScalar2,Sense4,1604174415549,igen,Pride2_Sense4
QUEUE,ComputeCosine,Pride2_Sense4,1604174415549,igen,Pride2_Sense4
START,ComputeCosine,Pride2_Sense4,1604174415550,igen,Pride2_Sense4
STOP,ComputeCosine,Pride2_Sense4,1604174415550,igen,Pride2_Sense4
QUEUE,Tokenize1,Pride2,1604174417424,igen,Pride2_Sense5
QUEUE,Tokenize2,Sense5,1604174417425,igen,Pride2_Sense5
START,Tokenize1,Pride2,1604174417425,igen,Pride2_Sense5
START,Tokenize2,Sense5,1604174417425,igen,Pride2_Sense5
STOP,Tokenize1,Pride2,1604174417490,igen,Pride2_Sense5
QUEUE,Collect1,Pride2,1604174417491,igen,Pride2_Sense5
START,Collect1,Pride2,1604174417491,igen,Pride2_Sense5
STOP,Collect1,Pride2,1604174417615,igen,Pride2_Sense5
QUEUE,ComputeScalar1,Pride2,1604174417617,igen,Pride2_Sense5
START,ComputeScalar1,Pride2,1604174417618,igen,Pride2_Sense5
STOP,ComputeScalar1,Pride2,1604174417624,igen,Pride2_Sense5
STOP,Tokenize2,Sense5,1604174417714,igen,Pride2_Sense5
START,Collect2,Sense5,1604174417714,igen,Pride2_Sense5
QUEUE,Collect2,Sense5,1604174417715,igen,Pride2_Sense5
STOP,Collect2,Sense5,1604174417862,igen,Pride2_Sense5
QUEUE,ComputeScalar3,Pride2_Sense5,1604174417862,igen,Pride2_Sense5
START,ComputeScalar3,Pride2_Sense5,1604174417862,igen,Pride2_Sense5
QUEUE,ComputeScalar2,Sense5,1604174417863,igen,Pride2_Sense5
START,ComputeScalar2,Sense5,1604174417863,igen,Pride2_Sense5
STOP,ComputeScalar3,Pride2_Sense5,1604174417878,igen,Pride2_Sense5
STOP,ComputeScalar2,Sense5,1604174417881,igen,Pride2_Sense5
QUEUE,ComputeCosine,Pride2_Sense5,1604174417881,igen,Pride2_Sense5
START,ComputeCosine,Pride2_Sense5,1604174417881,igen,Pride2_Sense5
STOP,ComputeCosine,Pride2_Sense5,1604174417882,igen,Pride2_Sense5
QUEUE,Tokenize1,Pride2,1604174419767,igen,Pride2_Sense6
QUEUE,Tokenize2,Sense6,1604174419768,igen,Pride2_Sense6
START,Tokenize1,Pride2,1604174419768,igen,Pride2_Sense6
START,Tokenize2,Sense6,1604174419769,igen,Pride2_Sense6
STOP,Tokenize1,Pride2,1604174419858,igen,Pride2_Sense6
START,Collect1,Pride2,1604174419859,igen,Pride2_Sense6
QUEUE,Collect1,Pride2,1604174419877,igen,Pride2_Sense6
STOP,Collect1,Pride2,1604174419921,igen,Pride2_Sense6
START,ComputeScalar1,Pride2,1604174419924,igen,Pride2_Sense6
QUEUE,ComputeScalar1,Pride2,1604174419924,igen,Pride2_Sense6
STOP,ComputeScalar1,Pride2,1604174419928,igen,Pride2_Sense6
STOP,Tokenize2,Sense6,1604174420077,igen,Pride2_Sense6
QUEUE,Collect2,Sense6,1604174420077,igen,Pride2_Sense6
START,Collect2,Sense6,1604174420077,igen,Pride2_Sense6
STOP,Collect2,Sense6,1604174420386,igen,Pride2_Sense6
QUEUE,ComputeScalar3,Pride2_Sense6,1604174420386,igen,Pride2_Sense6
START,ComputeScalar3,Pride2_Sense6,1604174420386,igen,Pride2_Sense6
START,ComputeScalar2,Sense6,1604174420386,igen,Pride2_Sense6
QUEUE,ComputeScalar2,Sense6,1604174420394,igen,Pride2_Sense6
STOP,ComputeScalar3,Pride2_Sense6,1604174420419,igen,Pride2_Sense6
STOP,ComputeScalar2,Sense6,1604174420426,igen,Pride2_Sense6
QUEUE,ComputeCosine,Pride2_Sense6,1604174420427,igen,Pride2_Sense6
START,ComputeCosine,Pride2_Sense6,1604174420427,igen,Pride2_Sense6
STOP,ComputeCosine,Pride2_Sense6,1604174420427,igen,Pride2_Sense6
QUEUE,Tokenize1,Pride3,1604174422319,igen,Pride3_Sense1
QUEUE,Tokenize2,Sense1,1604174422320,igen,Pride3_Sense1
START,Tokenize1,Pride3,1604174422320,igen,Pride3_Sense1
START,Tokenize2,Sense1,1604174422320,igen,Pride3_Sense1
STOP,Tokenize2,Sense1,1604174422406,igen,Pride3_Sense1
QUEUE,Collect2,Sense1,1604174422428,igen,Pride3_Sense1
START,Collect2,Sense1,1604174422432,igen,Pride3_Sense1
STOP,Tokenize1,Pride3,1604174422487,igen,Pride3_Sense1
START,Collect1,Pride3,1604174422490,igen,Pride3_Sense1
QUEUE,Collect1,Pride3,1604174422501,igen,Pride3_Sense1
STOP,Collect2,Sense1,1604174422517,igen,Pride3_Sense1
START,ComputeScalar2,Sense1,1604174422520,igen,Pride3_Sense1
STOP,ComputeScalar2,Sense1,1604174422525,igen,Pride3_Sense1
QUEUE,ComputeScalar2,Sense1,1604174422532,igen,Pride3_Sense1
STOP,Collect1,Pride3,1604174422555,igen,Pride3_Sense1
QUEUE,ComputeScalar3,Pride3_Sense1,1604174422555,igen,Pride3_Sense1
START,ComputeScalar3,Pride3_Sense1,1604174422555,igen,Pride3_Sense1
START,ComputeScalar1,Pride3,1604174422556,igen,Pride3_Sense1
STOP,ComputeScalar3,Pride3_Sense1,1604174422560,igen,Pride3_Sense1
QUEUE,ComputeScalar1,Pride3,1604174422561,igen,Pride3_Sense1
STOP,ComputeScalar1,Pride3,1604174422563,igen,Pride3_Sense1
QUEUE,ComputeCosine,Pride3_Sense1,1604174422563,igen,Pride3_Sense1
START,ComputeCosine,Pride3_Sense1,1604174422563,igen,Pride3_Sense1
STOP,ComputeCosine,Pride3_Sense1,1604174422563,igen,Pride3_Sense1
QUEUE,Tokenize1,Pride3,1604174424452,igen,Pride3_Sense2
QUEUE,Tokenize2,Sense2,1604174424453,igen,Pride3_Sense2
START,Tokenize1,Pride3,1604174424454,igen,Pride3_Sense2
START,Tokenize2,Sense2,1604174424468,igen,Pride3_Sense2
STOP,Tokenize2,Sense2,1604174424640,igen,Pride3_Sense2
QUEUE,Collect2,Sense2,1604174424641,igen,Pride3_Sense2
START,Collect2,Sense2,1604174424642,igen,Pride3_Sense2
STOP,Tokenize1,Pride3,1604174424686,igen,Pride3_Sense2
START,Collect1,Pride3,1604174424687,igen,Pride3_Sense2
STOP,Collect2,Sense2,1604174424739,igen,Pride3_Sense2
QUEUE,ComputeScalar2,Sense2,1604174424741,igen,Pride3_Sense2
START,ComputeScalar2,Sense2,1604174424743,igen,Pride3_Sense2
QUEUE,Collect1,Pride3,1604174424747,igen,Pride3_Sense2
STOP,ComputeScalar2,Sense2,1604174424759,igen,Pride3_Sense2
STOP,Collect1,Pride3,1604174424777,igen,Pride3_Sense2
QUEUE,ComputeScalar3,Pride3_Sense2,1604174424777,igen,Pride3_Sense2
START,ComputeScalar3,Pride3_Sense2,1604174424778,igen,Pride3_Sense2
START,ComputeScalar1,Pride3,1604174424778,igen,Pride3_Sense2
QUEUE,ComputeScalar1,Pride3,1604174424781,igen,Pride3_Sense2
STOP,ComputeScalar3,Pride3_Sense2,1604174424784,igen,Pride3_Sense2
STOP,ComputeScalar1,Pride3,1604174424787,igen,Pride3_Sense2
QUEUE,ComputeCosine,Pride3_Sense2,1604174424787,igen,Pride3_Sense2
START,ComputeCosine,Pride3_Sense2,1604174424788,igen,Pride3_Sense2
STOP,ComputeCosine,Pride3_Sense2,1604174424788,igen,Pride3_Sense2
START,Tokenize1,Pride3,1604174427620,igen,Pride3_Sense3
QUEUE,Tokenize1,Pride3,1604174427620,igen,Pride3_Sense3
QUEUE,Tokenize2,Sense3,1604174427623,igen,Pride3_Sense3
START,Tokenize2,Sense3,1604174427625,igen,Pride3_Sense3
STOP,Tokenize1,Pride3,1604174427875,igen,Pride3_Sense3
QUEUE,Collect1,Pride3,1604174427875,igen,Pride3_Sense3
START,Collect1,Pride3,1604174427876,igen,Pride3_Sense3
STOP,Tokenize2,Sense3,1604174427899,igen,Pride3_Sense3
START,Collect2,Sense3,1604174427900,igen,Pride3_Sense3
QUEUE,Collect2,Sense3,1604174427915,igen,Pride3_Sense3
STOP,Collect2,Sense3,1604174428049,igen,Pride3_Sense3
START,ComputeScalar2,Sense3,1604174428051,igen,Pride3_Sense3
STOP,ComputeScalar2,Sense3,1604174428059,igen,Pride3_Sense3
QUEUE,ComputeScalar2,Sense3,1604174428062,igen,Pride3_Sense3
STOP,Collect1,Pride3,1604174428067,igen,Pride3_Sense3
START,ComputeScalar3,Pride3_Sense3,1604174428067,igen,Pride3_Sense3
STOP,ComputeScalar3,Pride3_Sense3,1604174428074,igen,Pride3_Sense3
QUEUE,ComputeScalar3,Pride3_Sense3,1604174428076,igen,Pride3_Sense3
START,ComputeScalar1,Pride3,1604174428077,igen,Pride3_Sense3
STOP,ComputeScalar1,Pride3,1604174428089,igen,Pride3_Sense3
QUEUE,ComputeCosine,Pride3_Sense3,1604174428089,igen,Pride3_Sense3
START,ComputeCosine,Pride3_Sense3,1604174428090,igen,Pride3_Sense3
STOP,ComputeCosine,Pride3_Sense3,1604174428090,igen,Pride3_Sense3
QUEUE,ComputeScalar1,Pride3,1604174428099,igen,Pride3_Sense3
QUEUE,Tokenize1,Pride3,1604174430886,igen,Pride3_Sense4
QUEUE,Tokenize2,Sense4,1604174430887,igen,Pride3_Sense4
START,Tokenize1,Pride3,1604174430888,igen,Pride3_Sense4
START,Tokenize2,Sense4,1604174430888,igen,Pride3_Sense4
STOP,Tokenize1,Pride3,1604174431092,igen,Pride3_Sense4
START,Collect1,Pride3,1604174431093,igen,Pride3_Sense4
QUEUE,Collect1,Pride3,1604174431093,igen,Pride3_Sense4
STOP,Tokenize2,Sense4,1604174431119,igen,Pride3_Sense4
START,Collect2,Sense4,1604174431119,igen,Pride3_Sense4
QUEUE,Collect2,Sense4,1604174431127,igen,Pride3_Sense4
STOP,Collect1,Pride3,1604174431347,igen,Pride3_Sense4
QUEUE,ComputeScalar1,Pride3,1604174431364,igen,Pride3_Sense4
START,ComputeScalar1,Pride3,1604174431365,igen,Pride3_Sense4
STOP,ComputeScalar1,Pride3,1604174431383,igen,Pride3_Sense4
STOP,Collect2,Sense4,1604174431429,igen,Pride3_Sense4
QUEUE,ComputeScalar3,Pride3_Sense4,1604174431430,igen,Pride3_Sense4
START,ComputeScalar3,Pride3_Sense4,1604174431430,igen,Pride3_Sense4
START,ComputeScalar2,Sense4,1604174431430,igen,Pride3_Sense4
QUEUE,ComputeScalar2,Sense4,1604174431436,igen,Pride3_Sense4
STOP,ComputeScalar3,Pride3_Sense4,1604174431445,igen,Pride3_Sense4
STOP,ComputeScalar2,Sense4,1604174431451,igen,Pride3_Sense4
QUEUE,ComputeCosine,Pride3_Sense4,1604174431452,igen,Pride3_Sense4
START,ComputeCosine,Pride3_Sense4,1604174431452,igen,Pride3_Sense4
STOP,ComputeCosine,Pride3_Sense4,1604174431452,igen,Pride3_Sense4
QUEUE,Tokenize1,Pride3,1604174433716,igen,Pride3_Sense5
QUEUE,Tokenize2,Sense5,1604174433716,igen,Pride3_Sense5
START,Tokenize1,Pride3,1604174433716,igen,Pride3_Sense5
START,Tokenize2,Sense5,1604174433716,igen,Pride3_Sense5
STOP,Tokenize1,Pride3,1604174433833,igen,Pride3_Sense5
START,Collect1,Pride3,1604174433833,igen,Pride3_Sense5
QUEUE,Collect1,Pride3,1604174433838,igen,Pride3_Sense5
STOP,Collect1,Pride3,1604174433917,igen,Pride3_Sense5
START,ComputeScalar1,Pride3,1604174433919,igen,Pride3_Sense5
QUEUE,ComputeScalar1,Pride3,1604174433919,igen,Pride3_Sense5
STOP,ComputeScalar1,Pride3,1604174433927,igen,Pride3_Sense5
STOP,Tokenize2,Sense5,1604174433941,igen,Pride3_Sense5
START,Collect2,Sense5,1604174433941,igen,Pride3_Sense5
QUEUE,Collect2,Sense5,1604174433958,igen,Pride3_Sense5
STOP,Collect2,Sense5,1604174434059,igen,Pride3_Sense5
START,ComputeScalar3,Pride3_Sense5,1604174434059,igen,Pride3_Sense5
QUEUE,ComputeScalar3,Pride3_Sense5,1604174434061,igen,Pride3_Sense5
START,ComputeScalar2,Sense5,1604174434061,igen,Pride3_Sense5
STOP,ComputeScalar3,Pride3_Sense5,1604174434080,igen,Pride3_Sense5
QUEUE,ComputeScalar2,Sense5,1604174434080,igen,Pride3_Sense5
STOP,ComputeScalar2,Sense5,1604174434082,igen,Pride3_Sense5
QUEUE,ComputeCosine,Pride3_Sense5,1604174434084,igen,Pride3_Sense5
START,ComputeCosine,Pride3_Sense5,1604174434084,igen,Pride3_Sense5
STOP,ComputeCosine,Pride3_Sense5,1604174434084,igen,Pride3_Sense5
QUEUE,Tokenize1,Pride3,1604174436360,igen,Pride3_Sense6
QUEUE,Tokenize2,Sense6,1604174436360,igen,Pride3_Sense6
START,Tokenize1,Pride3,1604174436361,igen,Pride3_Sense6
START,Tokenize2,Sense6,1604174436365,igen,Pride3_Sense6
STOP,Tokenize1,Pride3,1604174436468,igen,Pride3_Sense6
START,Collect1,Pride3,1604174436473,igen,Pride3_Sense6
QUEUE,Collect1,Pride3,1604174436524,igen,Pride3_Sense6
STOP,Collect1,Pride3,1604174436600,igen,Pride3_Sense6
START,ComputeScalar1,Pride3,1604174436615,igen,Pride3_Sense6
STOP,ComputeScalar1,Pride3,1604174436628,igen,Pride3_Sense6
QUEUE,ComputeScalar1,Pride3,1604174436640,igen,Pride3_Sense6
STOP,Tokenize2,Sense6,1604174436694,igen,Pride3_Sense6
QUEUE,Collect2,Sense6,1604174436694,igen,Pride3_Sense6
START,Collect2,Sense6,1604174436694,igen,Pride3_Sense6
STOP,Collect2,Sense6,1604174436873,igen,Pride3_Sense6
QUEUE,ComputeScalar3,Pride3_Sense6,1604174436873,igen,Pride3_Sense6
START,ComputeScalar3,Pride3_Sense6,1604174436873,igen,Pride3_Sense6
START,ComputeScalar2,Sense6,1604174436875,igen,Pride3_Sense6
STOP,ComputeScalar3,Pride3_Sense6,1604174436899,igen,Pride3_Sense6
QUEUE,ComputeScalar2,Sense6,1604174436904,igen,Pride3_Sense6
STOP,ComputeScalar2,Sense6,1604174436905,igen,Pride3_Sense6
QUEUE,ComputeCosine,Pride3_Sense6,1604174436909,igen,Pride3_Sense6
START,ComputeCosine,Pride3_Sense6,1604174436909,igen,Pride3_Sense6
STOP,ComputeCosine,Pride3_Sense6,1604174436909,igen,Pride3_Sense6
QUEUE,Tokenize1,Pride4,1604174439845,igen,Pride4_Sense1
QUEUE,Tokenize2,Sense1,1604174439846,igen,Pride4_Sense1
START,Tokenize1,Pride4,1604174439846,igen,Pride4_Sense1
START,Tokenize2,Sense1,1604174439846,igen,Pride4_Sense1
STOP,Tokenize2,Sense1,1604174439887,igen,Pride4_Sense1
QUEUE,Collect2,Sense1,1604174439888,igen,Pride4_Sense1
START,Collect2,Sense1,1604174439888,igen,Pride4_Sense1
STOP,Collect2,Sense1,1604174439924,igen,Pride4_Sense1
START,ComputeScalar2,Sense1,1604174439926,igen,Pride4_Sense1
QUEUE,ComputeScalar2,Sense1,1604174439927,igen,Pride4_Sense1
STOP,ComputeScalar2,Sense1,1604174439928,igen,Pride4_Sense1
STOP,Tokenize1,Pride4,1604174439982,igen,Pride4_Sense1
QUEUE,Collect1,Pride4,1604174439983,igen,Pride4_Sense1
START,Collect1,Pride4,1604174439983,igen,Pride4_Sense1
STOP,Collect1,Pride4,1604174440073,igen,Pride4_Sense1
QUEUE,ComputeScalar3,Pride4_Sense1,1604174440074,igen,Pride4_Sense1
START,ComputeScalar3,Pride4_Sense1,1604174440075,igen,Pride4_Sense1
START,ComputeScalar1,Pride4,1604174440075,igen,Pride4_Sense1
STOP,ComputeScalar3,Pride4_Sense1,1604174440083,igen,Pride4_Sense1
QUEUE,ComputeScalar1,Pride4,1604174440083,igen,Pride4_Sense1
STOP,ComputeScalar1,Pride4,1604174440087,igen,Pride4_Sense1
QUEUE,ComputeCosine,Pride4_Sense1,1604174440087,igen,Pride4_Sense1
START,ComputeCosine,Pride4_Sense1,1604174440088,igen,Pride4_Sense1
STOP,ComputeCosine,Pride4_Sense1,1604174440088,igen,Pride4_Sense1
QUEUE,Tokenize1,Pride4,1604174442107,igen,Pride4_Sense2
QUEUE,Tokenize2,Sense2,1604174442107,igen,Pride4_Sense2
START,Tokenize1,Pride4,1604174442108,igen,Pride4_Sense2
START,Tokenize2,Sense2,1604174442108,igen,Pride4_Sense2
STOP,Tokenize2,Sense2,1604174442199,igen,Pride4_Sense2
QUEUE,Collect2,Sense2,1604174442199,igen,Pride4_Sense2
START,Collect2,Sense2,1604174442200,igen,Pride4_Sense2
STOP,Tokenize1,Pride4,1604174442242,igen,Pride4_Sense2
START,Collect1,Pride4,1604174442243,igen,Pride4_Sense2
QUEUE,Collect1,Pride4,1604174442259,igen,Pride4_Sense2
STOP,Collect2,Sense2,1604174442265,igen,Pride4_Sense2
START,ComputeScalar2,Sense2,1604174442268,igen,Pride4_Sense2
STOP,ComputeScalar2,Sense2,1604174442272,igen,Pride4_Sense2
QUEUE,ComputeScalar2,Sense2,1604174442275,igen,Pride4_Sense2
STOP,Collect1,Pride4,1604174442328,igen,Pride4_Sense2
QUEUE,ComputeScalar3,Pride4_Sense2,1604174442332,igen,Pride4_Sense2
START,ComputeScalar3,Pride4_Sense2,1604174442332,igen,Pride4_Sense2
START,ComputeScalar1,Pride4,1604174442333,igen,Pride4_Sense2
STOP,ComputeScalar3,Pride4_Sense2,1604174442343,igen,Pride4_Sense2
QUEUE,ComputeScalar1,Pride4,1604174442345,igen,Pride4_Sense2
STOP,ComputeScalar1,Pride4,1604174442347,igen,Pride4_Sense2
QUEUE,ComputeCosine,Pride4_Sense2,1604174442347,igen,Pride4_Sense2
START,ComputeCosine,Pride4_Sense2,1604174442347,igen,Pride4_Sense2
STOP,ComputeCosine,Pride4_Sense2,1604174442347,igen,Pride4_Sense2
QUEUE,Tokenize1,Pride4,1604174444043,igen,Pride4_Sense3
QUEUE,Tokenize2,Sense3,1604174444043,igen,Pride4_Sense3
START,Tokenize1,Pride4,1604174444043,igen,Pride4_Sense3
START,Tokenize2,Sense3,1604174444043,igen,Pride4_Sense3
STOP,Tokenize2,Sense3,1604174444163,igen,Pride4_Sense3
QUEUE,Collect2,Sense3,1604174444163,igen,Pride4_Sense3
START,Collect2,Sense3,1604174444163,igen,Pride4_Sense3
STOP,Tokenize1,Pride4,1604174444213,igen,Pride4_Sense3
QUEUE,Collect1,Pride4,1604174444214,igen,Pride4_Sense3
START,Collect1,Pride4,1604174444214,igen,Pride4_Sense3
STOP,Collect2,Sense3,1604174444271,igen,Pride4_Sense3
QUEUE,ComputeScalar2,Sense3,1604174444276,igen,Pride4_Sense3
START,ComputeScalar2,Sense3,1604174444277,igen,Pride4_Sense3
STOP,ComputeScalar2,Sense3,1604174444285,igen,Pride4_Sense3
STOP,Collect1,Pride4,1604174444315,igen,Pride4_Sense3
QUEUE,ComputeScalar3,Pride4_Sense3,1604174444315,igen,Pride4_Sense3
START,ComputeScalar3,Pride4_Sense3,1604174444315,igen,Pride4_Sense3
START,ComputeScalar1,Pride4,1604174444315,igen,Pride4_Sense3
STOP,ComputeScalar3,Pride4_Sense3,1604174444329,igen,Pride4_Sense3
QUEUE,ComputeScalar1,Pride4,1604174444329,igen,Pride4_Sense3
STOP,ComputeScalar1,Pride4,1604174444333,igen,Pride4_Sense3
QUEUE,ComputeCosine,Pride4_Sense3,1604174444333,igen,Pride4_Sense3
START,ComputeCosine,Pride4_Sense3,1604174444334,igen,Pride4_Sense3
STOP,ComputeCosine,Pride4_Sense3,1604174444334,igen,Pride4_Sense3
QUEUE,Tokenize1,Pride4,1604174446175,igen,Pride4_Sense4
QUEUE,Tokenize2,Sense4,1604174446176,igen,Pride4_Sense4
START,Tokenize1,Pride4,1604174446177,igen,Pride4_Sense4
START,Tokenize2,Sense4,1604174446177,igen,Pride4_Sense4
STOP,Tokenize1,Pride4,1604174446365,igen,Pride4_Sense4
QUEUE,Collect1,Pride4,1604174446365,igen,Pride4_Sense4
START,Collect1,Pride4,1604174446365,igen,Pride4_Sense4
STOP,Tokenize2,Sense4,1604174446387,igen,Pride4_Sense4
START,Collect2,Sense4,1604174446387,igen,Pride4_Sense4
QUEUE,Collect2,Sense4,1604174446387,igen,Pride4_Sense4
STOP,Collect1,Pride4,1604174446477,igen,Pride4_Sense4
QUEUE,ComputeScalar1,Pride4,1604174446483,igen,Pride4_Sense4
START,ComputeScalar1,Pride4,1604174446483,igen,Pride4_Sense4
STOP,ComputeScalar1,Pride4,1604174446498,igen,Pride4_Sense4
STOP,Collect2,Sense4,1604174446498,igen,Pride4_Sense4
START,ComputeScalar3,Pride4_Sense4,1604174446498,igen,Pride4_Sense4
QUEUE,ComputeScalar3,Pride4_Sense4,1604174446498,igen,Pride4_Sense4
START,ComputeScalar2,Sense4,1604174446498,igen,Pride4_Sense4
STOP,ComputeScalar3,Pride4_Sense4,1604174446508,igen,Pride4_Sense4
QUEUE,ComputeScalar2,Sense4,1604174446508,igen,Pride4_Sense4
STOP,ComputeScalar2,Sense4,1604174446514,igen,Pride4_Sense4
QUEUE,ComputeCosine,Pride4_Sense4,1604174446514,igen,Pride4_Sense4
START,ComputeCosine,Pride4_Sense4,1604174446516,igen,Pride4_Sense4
STOP,ComputeCosine,Pride4_Sense4,1604174446516,igen,Pride4_Sense4
QUEUE,Tokenize1,Pride4,1604174448187,igen,Pride4_Sense5
QUEUE,Tokenize2,Sense5,1604174448187,igen,Pride4_Sense5
START,Tokenize1,Pride4,1604174448188,igen,Pride4_Sense5
START,Tokenize2,Sense5,1604174448188,igen,Pride4_Sense5
STOP,Tokenize1,Pride4,1604174448369,igen,Pride4_Sense5
START,Collect1,Pride4,1604174448370,igen,Pride4_Sense5
QUEUE,Collect1,Pride4,1604174448373,igen,Pride4_Sense5
STOP,Tokenize2,Sense5,1604174448411,igen,Pride4_Sense5
QUEUE,Collect2,Sense5,1604174448411,igen,Pride4_Sense5
START,Collect2,Sense5,1604174448412,igen,Pride4_Sense5
STOP,Collect1,Pride4,1604174448536,igen,Pride4_Sense5
START,ComputeScalar1,Pride4,1604174448538,igen,Pride4_Sense5
STOP,ComputeScalar1,Pride4,1604174448552,igen,Pride4_Sense5
QUEUE,ComputeScalar1,Pride4,1604174448555,igen,Pride4_Sense5
STOP,Collect2,Sense5,1604174448598,igen,Pride4_Sense5
START,ComputeScalar3,Pride4_Sense5,1604174448599,igen,Pride4_Sense5
QUEUE,ComputeScalar3,Pride4_Sense5,1604174448607,igen,Pride4_Sense5
START,ComputeScalar2,Sense5,1604174448607,igen,Pride4_Sense5
STOP,ComputeScalar3,Pride4_Sense5,1604174448616,igen,Pride4_Sense5
QUEUE,ComputeScalar2,Sense5,1604174448619,igen,Pride4_Sense5
STOP,ComputeScalar2,Sense5,1604174448625,igen,Pride4_Sense5
QUEUE,ComputeCosine,Pride4_Sense5,1604174448626,igen,Pride4_Sense5
START,ComputeCosine,Pride4_Sense5,1604174448626,igen,Pride4_Sense5
STOP,ComputeCosine,Pride4_Sense5,1604174448626,igen,Pride4_Sense5
QUEUE,Tokenize1,Pride4,1604174450323,igen,Pride4_Sense6
QUEUE,Tokenize2,Sense6,1604174450323,igen,Pride4_Sense6
START,Tokenize1,Pride4,1604174450323,igen,Pride4_Sense6
START,Tokenize2,Sense6,1604174450323,igen,Pride4_Sense6
STOP,Tokenize1,Pride4,1604174450508,igen,Pride4_Sense6
QUEUE,Collect1,Pride4,1604174450508,igen,Pride4_Sense6
START,Collect1,Pride4,1604174450508,igen,Pride4_Sense6
STOP,Tokenize2,Sense6,1604174450626,igen,Pride4_Sense6
QUEUE,Collect2,Sense6,1604174450626,igen,Pride4_Sense6
START,Collect2,Sense6,1604174450626,igen,Pride4_Sense6
STOP,Collect1,Pride4,1604174450636,igen,Pride4_Sense6
START,ComputeScalar1,Pride4,1604174450640,igen,Pride4_Sense6
STOP,ComputeScalar1,Pride4,1604174450654,igen,Pride4_Sense6
QUEUE,ComputeScalar1,Pride4,1604174450657,igen,Pride4_Sense6
STOP,Collect2,Sense6,1604174450793,igen,Pride4_Sense6
QUEUE,ComputeScalar3,Pride4_Sense6,1604174450794,igen,Pride4_Sense6
START,ComputeScalar3,Pride4_Sense6,1604174450794,igen,Pride4_Sense6
START,ComputeScalar2,Sense6,1604174450795,igen,Pride4_Sense6
STOP,ComputeScalar3,Pride4_Sense6,1604174450821,igen,Pride4_Sense6
QUEUE,ComputeScalar2,Sense6,1604174450822,igen,Pride4_Sense6
STOP,ComputeScalar2,Sense6,1604174450829,igen,Pride4_Sense6
QUEUE,ComputeCosine,Pride4_Sense6,1604174450829,igen,Pride4_Sense6
START,ComputeCosine,Pride4_Sense6,1604174450829,igen,Pride4_Sense6
STOP,ComputeCosine,Pride4_Sense6,1604174450829,igen,Pride4_Sense6
QUEUE,Tokenize1,Pride5,1604174452690,igen,Pride5_Sense1
QUEUE,Tokenize2,Sense1,1604174452691,igen,Pride5_Sense1
START,Tokenize1,Pride5,1604174452691,igen,Pride5_Sense1
START,Tokenize2,Sense1,1604174452692,igen,Pride5_Sense1
STOP,Tokenize2,Sense1,1604174452757,igen,Pride5_Sense1
START,Collect2,Sense1,1604174452757,igen,Pride5_Sense1
QUEUE,Collect2,Sense1,1604174452773,igen,Pride5_Sense1
STOP,Collect2,Sense1,1604174452792,igen,Pride5_Sense1
QUEUE,ComputeScalar2,Sense1,1604174452793,igen,Pride5_Sense1
START,ComputeScalar2,Sense1,1604174452794,igen,Pride5_Sense1
STOP,ComputeScalar2,Sense1,1604174452796,igen,Pride5_Sense1
STOP,Tokenize1,Pride5,1604174452889,igen,Pride5_Sense1
QUEUE,Collect1,Pride5,1604174452889,igen,Pride5_Sense1
START,Collect1,Pride5,1604174452889,igen,Pride5_Sense1
STOP,Collect1,Pride5,1604174453037,igen,Pride5_Sense1
QUEUE,ComputeScalar3,Pride5_Sense1,1604174453038,igen,Pride5_Sense1
START,ComputeScalar3,Pride5_Sense1,1604174453038,igen,Pride5_Sense1
QUEUE,ComputeScalar1,Pride5,1604174453038,igen,Pride5_Sense1
START,ComputeScalar1,Pride5,1604174453038,igen,Pride5_Sense1
STOP,ComputeScalar3,Pride5_Sense1,1604174453051,igen,Pride5_Sense1
STOP,ComputeScalar1,Pride5,1604174453054,igen,Pride5_Sense1
QUEUE,ComputeCosine,Pride5_Sense1,1604174453054,igen,Pride5_Sense1
START,ComputeCosine,Pride5_Sense1,1604174453054,igen,Pride5_Sense1
STOP,ComputeCosine,Pride5_Sense1,1604174453054,igen,Pride5_Sense1
QUEUE,Tokenize1,Pride5,1604174455086,igen,Pride5_Sense2
QUEUE,Tokenize2,Sense2,1604174455086,igen,Pride5_Sense2
START,Tokenize1,Pride5,1604174455087,igen,Pride5_Sense2
START,Tokenize2,Sense2,1604174455087,igen,Pride5_Sense2
STOP,Tokenize2,Sense2,1604174455152,igen,Pride5_Sense2
QUEUE,Collect2,Sense2,1604174455153,igen,Pride5_Sense2
START,Collect2,Sense2,1604174455153,igen,Pride5_Sense2
STOP,Collect2,Sense2,1604174455212,igen,Pride5_Sense2
QUEUE,ComputeScalar2,Sense2,1604174455219,igen,Pride5_Sense2
START,ComputeScalar2,Sense2,1604174455219,igen,Pride5_Sense2
STOP,ComputeScalar2,Sense2,1604174455229,igen,Pride5_Sense2
STOP,Tokenize1,Pride5,1604174455260,igen,Pride5_Sense2
QUEUE,Collect1,Pride5,1604174455260,igen,Pride5_Sense2
START,Collect1,Pride5,1604174455261,igen,Pride5_Sense2
STOP,Collect1,Pride5,1604174455377,igen,Pride5_Sense2
QUEUE,ComputeScalar3,Pride5_Sense2,1604174455377,igen,Pride5_Sense2
START,ComputeScalar3,Pride5_Sense2,1604174455378,igen,Pride5_Sense2
QUEUE,ComputeScalar1,Pride5,1604174455378,igen,Pride5_Sense2
START,ComputeScalar1,Pride5,1604174455378,igen,Pride5_Sense2
STOP,ComputeScalar3,Pride5_Sense2,1604174455389,igen,Pride5_Sense2
STOP,ComputeScalar1,Pride5,1604174455393,igen,Pride5_Sense2
QUEUE,ComputeCosine,Pride5_Sense2,1604174455393,igen,Pride5_Sense2
START,ComputeCosine,Pride5_Sense2,1604174455393,igen,Pride5_Sense2
STOP,ComputeCosine,Pride5_Sense2,1604174455393,igen,Pride5_Sense2
QUEUE,Tokenize1,Pride5,1604174457454,igen,Pride5_Sense3
QUEUE,Tokenize2,Sense3,1604174457455,igen,Pride5_Sense3
START,Tokenize1,Pride5,1604174457456,igen,Pride5_Sense3
START,Tokenize2,Sense3,1604174457456,igen,Pride5_Sense3
STOP,Tokenize2,Sense3,1604174457588,igen,Pride5_Sense3
QUEUE,Collect2,Sense3,1604174457588,igen,Pride5_Sense3
START,Collect2,Sense3,1604174457589,igen,Pride5_Sense3
STOP,Tokenize1,Pride5,1604174457674,igen,Pride5_Sense3
QUEUE,Collect1,Pride5,1604174457674,igen,Pride5_Sense3
START,Collect1,Pride5,1604174457674,igen,Pride5_Sense3
STOP,Collect2,Sense3,1604174457686,igen,Pride5_Sense3
START,ComputeScalar2,Sense3,1604174457689,igen,Pride5_Sense3
STOP,ComputeScalar2,Sense3,1604174457697,igen,Pride5_Sense3
QUEUE,ComputeScalar2,Sense3,1604174457699,igen,Pride5_Sense3
STOP,Collect1,Pride5,1604174457819,igen,Pride5_Sense3
QUEUE,ComputeScalar3,Pride5_Sense3,1604174457819,igen,Pride5_Sense3
START,ComputeScalar3,Pride5_Sense3,1604174457819,igen,Pride5_Sense3
START,ComputeScalar1,Pride5,1604174457820,igen,Pride5_Sense3
QUEUE,ComputeScalar1,Pride5,1604174457821,igen,Pride5_Sense3
STOP,ComputeScalar3,Pride5_Sense3,1604174457834,igen,Pride5_Sense3
STOP,ComputeScalar1,Pride5,1604174457837,igen,Pride5_Sense3
QUEUE,ComputeCosine,Pride5_Sense3,1604174457838,igen,Pride5_Sense3
START,ComputeCosine,Pride5_Sense3,1604174457838,igen,Pride5_Sense3
STOP,ComputeCosine,Pride5_Sense3,1604174457838,igen,Pride5_Sense3
QUEUE,Tokenize1,Pride5,1604174459578,igen,Pride5_Sense4
QUEUE,Tokenize2,Sense4,1604174459579,igen,Pride5_Sense4
START,Tokenize1,Pride5,1604174459580,igen,Pride5_Sense4
START,Tokenize2,Sense4,1604174459580,igen,Pride5_Sense4
STOP,Tokenize2,Sense4,1604174459784,igen,Pride5_Sense4
QUEUE,Collect2,Sense4,1604174459784,igen,Pride5_Sense4
START,Collect2,Sense4,1604174459785,igen,Pride5_Sense4
STOP,Tokenize1,Pride5,1604174459831,igen,Pride5_Sense4
START,Collect1,Pride5,1604174459831,igen,Pride5_Sense4
QUEUE,Collect1,Pride5,1604174459848,igen,Pride5_Sense4
STOP,Collect2,Sense4,1604174459914,igen,Pride5_Sense4
QUEUE,ComputeScalar2,Sense4,1604174459917,igen,Pride5_Sense4
START,ComputeScalar2,Sense4,1604174459918,igen,Pride5_Sense4
STOP,ComputeScalar2,Sense4,1604174459935,igen,Pride5_Sense4
STOP,Collect1,Pride5,1604174459975,igen,Pride5_Sense4
QUEUE,ComputeScalar3,Pride5_Sense4,1604174459975,igen,Pride5_Sense4
START,ComputeScalar3,Pride5_Sense4,1604174459975,igen,Pride5_Sense4
QUEUE,ComputeScalar1,Pride5,1604174459976,igen,Pride5_Sense4
START,ComputeScalar1,Pride5,1604174459976,igen,Pride5_Sense4
STOP,ComputeScalar3,Pride5_Sense4,1604174459996,igen,Pride5_Sense4
STOP,ComputeScalar1,Pride5,1604174459998,igen,Pride5_Sense4
QUEUE,ComputeCosine,Pride5_Sense4,1604174459999,igen,Pride5_Sense4
START,ComputeCosine,Pride5_Sense4,1604174459999,igen,Pride5_Sense4
STOP,ComputeCosine,Pride5_Sense4,1604174459999,igen,Pride5_Sense4
QUEUE,Tokenize1,Pride5,1604174462078,igen,Pride5_Sense5
QUEUE,Tokenize2,Sense5,1604174462079,igen,Pride5_Sense5
START,Tokenize1,Pride5,1604174462080,igen,Pride5_Sense5
START,Tokenize2,Sense5,1604174462085,igen,Pride5_Sense5
STOP,Tokenize1,Pride5,1604174462356,igen,Pride5_Sense5
START,Collect1,Pride5,1604174462356,igen,Pride5_Sense5
QUEUE,Collect1,Pride5,1604174462394,igen,Pride5_Sense5
STOP,Tokenize2,Sense5,1604174462400,igen,Pride5_Sense5
START,Collect2,Sense5,1604174462401,igen,Pride5_Sense5
QUEUE,Collect2,Sense5,1604174462432,igen,Pride5_Sense5
STOP,Collect1,Pride5,1604174462595,igen,Pride5_Sense5
QUEUE,ComputeScalar1,Pride5,1604174462597,igen,Pride5_Sense5
STOP,Collect2,Sense5,1604174462601,igen,Pride5_Sense5
QUEUE,ComputeScalar3,Pride5_Sense5,1604174462601,igen,Pride5_Sense5
START,ComputeScalar1,Pride5,1604174462602,igen,Pride5_Sense5
QUEUE,ComputeScalar2,Sense5,1604174462602,igen,Pride5_Sense5
START,ComputeScalar3,Pride5_Sense5,1604174462602,igen,Pride5_Sense5
START,ComputeScalar2,Sense5,1604174462614,igen,Pride5_Sense5
STOP,ComputeScalar3,Pride5_Sense5,1604174462621,igen,Pride5_Sense5
STOP,ComputeScalar1,Pride5,1604174462626,igen,Pride5_Sense5
STOP,ComputeScalar2,Sense5,1604174462629,igen,Pride5_Sense5
QUEUE,ComputeCosine,Pride5_Sense5,1604174462630,igen,Pride5_Sense5
START,ComputeCosine,Pride5_Sense5,1604174462630,igen,Pride5_Sense5
STOP,ComputeCosine,Pride5_Sense5,1604174462630,igen,Pride5_Sense5
QUEUE,Tokenize1,Pride5,1604174464503,igen,Pride5_Sense6
QUEUE,Tokenize2,Sense6,1604174464503,igen,Pride5_Sense6
START,Tokenize2,Sense6,1604174464503,igen,Pride5_Sense6
START,Tokenize1,Pride5,1604174464503,igen,Pride5_Sense6
STOP,Tokenize1,Pride5,1604174464763,igen,Pride5_Sense6
QUEUE,Collect1,Pride5,1604174464763,igen,Pride5_Sense6
START,Collect1,Pride5,1604174464764,igen,Pride5_Sense6
STOP,Tokenize2,Sense6,1604174464843,igen,Pride5_Sense6
QUEUE,Collect2,Sense6,1604174464843,igen,Pride5_Sense6
START,Collect2,Sense6,1604174464843,igen,Pride5_Sense6
STOP,Collect1,Pride5,1604174465019,igen,Pride5_Sense6
QUEUE,ComputeScalar1,Pride5,1604174465019,igen,Pride5_Sense6
START,ComputeScalar1,Pride5,1604174465019,igen,Pride5_Sense6
STOP,ComputeScalar1,Pride5,1604174465047,igen,Pride5_Sense6
STOP,Collect2,Sense6,1604174465124,igen,Pride5_Sense6
QUEUE,ComputeScalar3,Pride5_Sense6,1604174465128,igen,Pride5_Sense6
QUEUE,ComputeScalar2,Sense6,1604174465128,igen,Pride5_Sense6
START,ComputeScalar3,Pride5_Sense6,1604174465128,igen,Pride5_Sense6
START,ComputeScalar2,Sense6,1604174465128,igen,Pride5_Sense6
STOP,ComputeScalar2,Sense6,1604174465155,igen,Pride5_Sense6
STOP,ComputeScalar3,Pride5_Sense6,1604174465159,igen,Pride5_Sense6
QUEUE,ComputeCosine,Pride5_Sense6,1604174465160,igen,Pride5_Sense6
START,ComputeCosine,Pride5_Sense6,1604174465160,igen,Pride5_Sense6
STOP,ComputeCosine,Pride5_Sense6,1604174465160,igen,Pride5_Sense6
QUEUE,Tokenize1,Pride6,1604174467227,igen,Pride6_Sense1
QUEUE,Tokenize2,Sense1,1604174467227,igen,Pride6_Sense1
START,Tokenize1,Pride6,1604174467228,igen,Pride6_Sense1
START,Tokenize2,Sense1,1604174467228,igen,Pride6_Sense1
STOP,Tokenize2,Sense1,1604174467333,igen,Pride6_Sense1
START,Collect2,Sense1,1604174467335,igen,Pride6_Sense1
QUEUE,Collect2,Sense1,1604174467351,igen,Pride6_Sense1
STOP,Collect2,Sense1,1604174467368,igen,Pride6_Sense1
QUEUE,ComputeScalar2,Sense1,1604174467370,igen,Pride6_Sense1
START,ComputeScalar2,Sense1,1604174467371,igen,Pride6_Sense1
STOP,ComputeScalar2,Sense1,1604174467462,igen,Pride6_Sense1
STOP,Tokenize1,Pride6,1604174467648,igen,Pride6_Sense1
START,Collect1,Pride6,1604174467653,igen,Pride6_Sense1
QUEUE,Collect1,Pride6,1604174467667,igen,Pride6_Sense1
STOP,Collect1,Pride6,1604174467960,igen,Pride6_Sense1
QUEUE,ComputeScalar3,Pride6_Sense1,1604174467960,igen,Pride6_Sense1
START,ComputeScalar3,Pride6_Sense1,1604174467961,igen,Pride6_Sense1
QUEUE,ComputeScalar1,Pride6,1604174467961,igen,Pride6_Sense1
START,ComputeScalar1,Pride6,1604174467962,igen,Pride6_Sense1
STOP,ComputeScalar3,Pride6_Sense1,1604174467979,igen,Pride6_Sense1
STOP,ComputeScalar1,Pride6,1604174467986,igen,Pride6_Sense1
QUEUE,ComputeCosine,Pride6_Sense1,1604174467987,igen,Pride6_Sense1
START,ComputeCosine,Pride6_Sense1,1604174467987,igen,Pride6_Sense1
STOP,ComputeCosine,Pride6_Sense1,1604174467987,igen,Pride6_Sense1
QUEUE,Tokenize1,Pride6,1604174469898,igen,Pride6_Sense2
QUEUE,Tokenize2,Sense2,1604174469899,igen,Pride6_Sense2
START,Tokenize1,Pride6,1604174469900,igen,Pride6_Sense2
START,Tokenize2,Sense2,1604174469900,igen,Pride6_Sense2
STOP,Tokenize2,Sense2,1604174469992,igen,Pride6_Sense2
START,Collect2,Sense2,1604174469993,igen,Pride6_Sense2
QUEUE,Collect2,Sense2,1604174470001,igen,Pride6_Sense2
STOP,Collect2,Sense2,1604174470046,igen,Pride6_Sense2
START,ComputeScalar2,Sense2,1604174470048,igen,Pride6_Sense2
QUEUE,ComputeScalar2,Sense2,1604174470049,igen,Pride6_Sense2
STOP,ComputeScalar2,Sense2,1604174470053,igen,Pride6_Sense2
STOP,Tokenize1,Pride6,1604174470168,igen,Pride6_Sense2
QUEUE,Collect1,Pride6,1604174470169,igen,Pride6_Sense2
START,Collect1,Pride6,1604174470169,igen,Pride6_Sense2
STOP,Collect1,Pride6,1604174470502,igen,Pride6_Sense2
START,ComputeScalar3,Pride6_Sense2,1604174470503,igen,Pride6_Sense2
QUEUE,ComputeScalar3,Pride6_Sense2,1604174470503,igen,Pride6_Sense2
START,ComputeScalar1,Pride6,1604174470503,igen,Pride6_Sense2
QUEUE,ComputeScalar1,Pride6,1604174470515,igen,Pride6_Sense2
STOP,ComputeScalar3,Pride6_Sense2,1604174470523,igen,Pride6_Sense2
STOP,ComputeScalar1,Pride6,1604174470528,igen,Pride6_Sense2
QUEUE,ComputeCosine,Pride6_Sense2,1604174470533,igen,Pride6_Sense2
START,ComputeCosine,Pride6_Sense2,1604174470533,igen,Pride6_Sense2
STOP,ComputeCosine,Pride6_Sense2,1604174470533,igen,Pride6_Sense2
QUEUE,Tokenize1,Pride6,1604174472275,igen,Pride6_Sense3
QUEUE,Tokenize2,Sense3,1604174472275,igen,Pride6_Sense3
START,Tokenize1,Pride6,1604174472276,igen,Pride6_Sense3
START,Tokenize2,Sense3,1604174472278,igen,Pride6_Sense3
STOP,Tokenize2,Sense3,1604174472379,igen,Pride6_Sense3
START,Collect2,Sense3,1604174472380,igen,Pride6_Sense3
QUEUE,Collect2,Sense3,1604174472381,igen,Pride6_Sense3
STOP,Collect2,Sense3,1604174472476,igen,Pride6_Sense3
START,ComputeScalar2,Sense3,1604174472478,igen,Pride6_Sense3
QUEUE,ComputeScalar2,Sense3,1604174472478,igen,Pride6_Sense3
STOP,ComputeScalar2,Sense3,1604174472486,igen,Pride6_Sense3
STOP,Tokenize1,Pride6,1604174472546,igen,Pride6_Sense3
QUEUE,Collect1,Pride6,1604174472546,igen,Pride6_Sense3
START,Collect1,Pride6,1604174472546,igen,Pride6_Sense3
STOP,Collect1,Pride6,1604174472722,igen,Pride6_Sense3
QUEUE,ComputeScalar3,Pride6_Sense3,1604174472722,igen,Pride6_Sense3
START,ComputeScalar3,Pride6_Sense3,1604174472723,igen,Pride6_Sense3
START,ComputeScalar1,Pride6,1604174472723,igen,Pride6_Sense3
QUEUE,ComputeScalar1,Pride6,1604174472739,igen,Pride6_Sense3
STOP,ComputeScalar3,Pride6_Sense3,1604174472745,igen,Pride6_Sense3
STOP,ComputeScalar1,Pride6,1604174472753,igen,Pride6_Sense3
QUEUE,ComputeCosine,Pride6_Sense3,1604174472753,igen,Pride6_Sense3
START,ComputeCosine,Pride6_Sense3,1604174472753,igen,Pride6_Sense3
STOP,ComputeCosine,Pride6_Sense3,1604174472753,igen,Pride6_Sense3
QUEUE,Tokenize1,Pride6,1604174474424,igen,Pride6_Sense4
QUEUE,Tokenize2,Sense4,1604174474424,igen,Pride6_Sense4
START,Tokenize1,Pride6,1604174474425,igen,Pride6_Sense4
START,Tokenize2,Sense4,1604174474425,igen,Pride6_Sense4
STOP,Tokenize2,Sense4,1604174474599,igen,Pride6_Sense4
START,Collect2,Sense4,1604174474599,igen,Pride6_Sense4
QUEUE,Collect2,Sense4,1604174474624,igen,Pride6_Sense4
STOP,Tokenize1,Pride6,1604174474715,igen,Pride6_Sense4
QUEUE,Collect1,Pride6,1604174474715,igen,Pride6_Sense4
START,Collect1,Pride6,1604174474715,igen,Pride6_Sense4
STOP,Collect2,Sense4,1604174474724,igen,Pride6_Sense4
START,ComputeScalar2,Sense4,1604174474725,igen,Pride6_Sense4
STOP,ComputeScalar2,Sense4,1604174474738,igen,Pride6_Sense4
QUEUE,ComputeScalar2,Sense4,1604174474743,igen,Pride6_Sense4
STOP,Collect1,Pride6,1604174474920,igen,Pride6_Sense4
QUEUE,ComputeScalar3,Pride6_Sense4,1604174474920,igen,Pride6_Sense4
START,ComputeScalar3,Pride6_Sense4,1604174474921,igen,Pride6_Sense4
QUEUE,ComputeScalar1,Pride6,1604174474921,igen,Pride6_Sense4
START,ComputeScalar1,Pride6,1604174474921,igen,Pride6_Sense4
STOP,ComputeScalar3,Pride6_Sense4,1604174474937,igen,Pride6_Sense4
STOP,ComputeScalar1,Pride6,1604174474947,igen,Pride6_Sense4
QUEUE,ComputeCosine,Pride6_Sense4,1604174474947,igen,Pride6_Sense4
START,ComputeCosine,Pride6_Sense4,1604174474947,igen,Pride6_Sense4
STOP,ComputeCosine,Pride6_Sense4,1604174474947,igen,Pride6_Sense4
QUEUE,Tokenize1,Pride6,1604174476623,igen,Pride6_Sense5
QUEUE,Tokenize2,Sense5,1604174476623,igen,Pride6_Sense5
START,Tokenize1,Pride6,1604174476623,igen,Pride6_Sense5
START,Tokenize2,Sense5,1604174476623,igen,Pride6_Sense5
STOP,Tokenize2,Sense5,1604174476946,igen,Pride6_Sense5
START,Collect2,Sense5,1604174476947,igen,Pride6_Sense5
QUEUE,Collect2,Sense5,1604174476981,igen,Pride6_Sense5
STOP,Tokenize1,Pride6,1604174477009,igen,Pride6_Sense5
QUEUE,Collect1,Pride6,1604174477009,igen,Pride6_Sense5
START,Collect1,Pride6,1604174477009,igen,Pride6_Sense5
STOP,Collect2,Sense5,1604174477236,igen,Pride6_Sense5
QUEUE,ComputeScalar2,Sense5,1604174477238,igen,Pride6_Sense5
START,ComputeScalar2,Sense5,1604174477238,igen,Pride6_Sense5
STOP,ComputeScalar2,Sense5,1604174477261,igen,Pride6_Sense5
STOP,Collect1,Pride6,1604174477361,igen,Pride6_Sense5
START,ComputeScalar3,Pride6_Sense5,1604174477361,igen,Pride6_Sense5
QUEUE,ComputeScalar3,Pride6_Sense5,1604174477361,igen,Pride6_Sense5
START,ComputeScalar1,Pride6,1604174477362,igen,Pride6_Sense5
QUEUE,ComputeScalar1,Pride6,1604174477380,igen,Pride6_Sense5
STOP,ComputeScalar3,Pride6_Sense5,1604174477386,igen,Pride6_Sense5
STOP,ComputeScalar1,Pride6,1604174477390,igen,Pride6_Sense5
QUEUE,ComputeCosine,Pride6_Sense5,1604174477390,igen,Pride6_Sense5
START,ComputeCosine,Pride6_Sense5,1604174477391,igen,Pride6_Sense5
STOP,ComputeCosine,Pride6_Sense5,1604174477391,igen,Pride6_Sense5
QUEUE,Tokenize1,Pride6,1604174479341,igen,Pride6_Sense6
QUEUE,Tokenize2,Sense6,1604174479341,igen,Pride6_Sense6
START,Tokenize1,Pride6,1604174479342,igen,Pride6_Sense6
START,Tokenize2,Sense6,1604174479345,igen,Pride6_Sense6
STOP,Tokenize2,Sense6,1604174479686,igen,Pride6_Sense6
START,Collect2,Sense6,1604174479686,igen,Pride6_Sense6
QUEUE,Collect2,Sense6,1604174479738,igen,Pride6_Sense6
STOP,Tokenize1,Pride6,1604174479751,igen,Pride6_Sense6
QUEUE,Collect1,Pride6,1604174479751,igen,Pride6_Sense6
START,Collect1,Pride6,1604174479751,igen,Pride6_Sense6
STOP,Collect2,Sense6,1604174480130,igen,Pride6_Sense6
QUEUE,ComputeScalar2,Sense6,1604174480131,igen,Pride6_Sense6
START,ComputeScalar2,Sense6,1604174480132,igen,Pride6_Sense6
STOP,Collect1,Pride6,1604174480148,igen,Pride6_Sense6
START,ComputeScalar3,Pride6_Sense6,1604174480148,igen,Pride6_Sense6
QUEUE,ComputeScalar3,Pride6_Sense6,1604174480156,igen,Pride6_Sense6
START,ComputeScalar1,Pride6,1604174480156,igen,Pride6_Sense6
QUEUE,ComputeScalar1,Pride6,1604174480166,igen,Pride6_Sense6
STOP,ComputeScalar3,Pride6_Sense6,1604174480179,igen,Pride6_Sense6
STOP,ComputeScalar1,Pride6,1604174480186,igen,Pride6_Sense6
STOP,ComputeScalar2,Sense6,1604174480189,igen,Pride6_Sense6
START,ComputeCosine,Pride6_Sense6,1604174480190,igen,Pride6_Sense6
STOP,ComputeCosine,Pride6_Sense6,1604174480190,igen,Pride6_Sense6
QUEUE,ComputeCosine,Pride6_Sense6,1604174480190,igen,Pride6_Sense6